Date,Adj Close,Close,High,Low,Open,Volume
2006-11-01,742.7482299804688,807.5,860.0,805.0,849.5,1810000
2006-11-02,678.361328125,737.5,807.5,734.5,807.0,225800
2006-11-03,678.361328125,737.5,737.5,737.5,737.5,0
2006-11-06,642.0289306640625,698.0,738.0,672.5,737.0,211800
2006-11-07,682.9605712890625,742.5,758.0,690.0,690.0,141800
2006-11-08,657.6657104492188,715.0,757.5,700.0,749.5,78400
2006-11-09,671.9227294921875,730.5,737.5,715.5,715.5,28400
2006-11-10,669.1632690429688,727.5,735.0,715.0,730.5,22400
2006-11-13,680.660888671875,740.0,740.0,725.0,727.5,15400
2006-11-14,707.7952270507812,769.5,770.0,735.0,737.5,22800
2006-11-15,691.23876953125,751.5,769.5,717.0,755.0,15800
2006-11-16,657.6657104492188,715.0,753.0,712.5,752.5,12600
2006-11-17,606.615966796875,659.5,710.0,640.0,710.0,24400
2006-11-20,551.8871459960938,600.0,650.5,599.5,650.0,28200
2006-11-21,551.8871459960938,600.0,606.0,600.0,600.0,11400
2006-11-22,563.8448486328125,613.0,613.0,595.0,600.0,5200
2006-11-23,563.8448486328125,613.0,613.0,613.0,613.0,0
2006-11-24,563.8448486328125,613.0,615.0,600.5,600.5,3600
2006-11-27,554.1868286132812,602.5,605.0,600.0,605.0,9400
2006-11-28,582.700927734375,633.5,640.0,632.5,632.5,6600
2006-11-29,611.675048828125,665.0,675.0,665.0,665.0,10800
2006-11-30,611.675048828125,665.0,698.0,664.5,697.5,22000
2006-12-01,584.08056640625,635.0,664.0,628.5,663.5,15400
2006-12-04,588.6796875,640.0,640.0,627.5,630.5,3800
2006-12-05,574.8826293945312,625.0,650.0,620.0,642.5,8800
2006-12-06,600.1773681640625,652.5,652.5,624.5,624.5,13000
2006-12-07,611.2151489257812,664.5,664.5,649.5,657.0,12200
2006-12-08,601.09716796875,653.5,675.0,653.5,664.5,10600
2006-12-11,602.936767578125,655.5,666.0,654.5,655.0,13800
2006-12-12,581.7810668945312,632.5,655.5,632.5,655.0,8600
2006-12-13,594.1985473632812,646.0,646.0,627.0,627.0,3600
2006-12-14,575.3424072265625,625.5,646.0,625.5,646.0,9000
2006-12-15,579.4816284179688,630.0,632.0,625.5,625.5,6400
2006-12-18,572.5830078125,622.5,630.0,615.5,630.0,2600
2006-12-19,565.6843872070312,615.0,625.0,615.0,624.5,9000
2006-12-20,597.8778076171875,650.0,650.0,615.0,615.0,13200
2006-12-21,603.396728515625,656.0,656.0,650.0,650.5,11000
2006-12-22,591.8990478515625,643.5,650.0,636.5,650.0,13600
2006-12-25,598.3377685546875,650.5,650.5,640.0,644.5,15800
2006-12-26,602.47705078125,655.0,655.0,644.5,650.0,10800
2006-12-27,597.8778076171875,650.0,655.0,645.0,655.0,5400
2006-12-28,598.3377685546875,650.5,650.5,650.0,650.0,12200
2006-12-29,575.8024291992188,626.0,655.0,626.0,651.5,6200
2007-01-04,575.8024291992188,626.0,626.0,626.0,626.0,0
2007-01-05,579.4816284179688,630.0,634.5,629.0,629.5,6200
2007-01-09,602.936767578125,655.5,661.5,655.0,661.0,6200
2007-01-10,588.6796875,640.0,645.5,640.0,642.5,2800
2007-01-11,579.0217895507812,629.5,640.0,629.5,639.5,3000
2007-01-12,574.8826293945312,625.0,640.0,625.0,629.5,4600
2007-01-15,570.2835693359375,620.0,630.0,620.0,625.0,9600
2007-01-16,580.8613891601562,631.5,659.5,620.0,620.0,13800
2007-01-17,595.5782470703125,647.5,650.0,639.5,639.5,5000
2007-01-18,593.27880859375,645.0,648.0,642.0,647.5,11600
2007-01-19,579.4816284179688,630.0,645.0,629.5,645.0,9000
2007-01-22,586.8401489257812,638.0,638.0,635.0,636.0,3600
2007-01-23,586.8401489257812,638.0,638.5,630.0,638.0,4000
2007-01-24,579.9415283203125,630.5,637.5,630.5,637.5,6600
2007-01-25,587.2999877929688,638.5,638.5,630.0,630.0,6600
2007-01-26,581.7810668945312,632.5,635.0,630.0,634.0,5400
2007-01-29,581.7810668945312,632.5,650.0,632.0,650.0,7600
2007-01-30,588.6796875,640.0,640.0,640.0,640.0,400
2007-01-31,588.6796875,640.0,642.5,640.0,642.5,1000
2007-02-01,593.27880859375,645.0,646.0,645.0,646.0,600
2007-02-02,595.5782470703125,647.5,647.5,642.5,642.5,800
2007-02-05,595.5782470703125,647.5,647.5,644.5,647.5,1200
2007-02-06,586.8401489257812,638.0,639.0,638.0,638.5,1600
2007-02-07,586.380126953125,637.5,638.5,637.5,638.0,2400
2007-02-08,597.8778076171875,650.0,653.5,640.0,649.5,18600
2007-02-09,586.380126953125,637.5,645.0,637.5,645.0,5200
2007-02-13,595.5782470703125,647.5,647.5,639.5,645.0,1400
2007-02-14,593.27880859375,645.0,650.0,645.0,650.0,1000
2007-02-15,584.08056640625,635.0,640.0,635.0,640.0,6200
2007-02-16,593.27880859375,645.0,645.0,644.5,645.0,600
2007-02-19,588.6796875,640.0,645.0,640.0,645.0,1200
2007-02-20,588.6796875,640.0,640.0,640.0,640.0,200
2007-02-21,588.6796875,640.0,640.0,640.0,640.0,400
2007-02-22,588.6796875,640.0,640.0,640.0,640.0,1600
2007-02-23,588.6796875,640.0,640.0,640.0,640.0,4000
2007-02-26,588.6796875,640.0,640.0,640.0,640.0,400
2007-02-27,591.4391479492188,643.0,643.0,639.5,639.5,4400
2007-02-28,588.6796875,640.0,650.5,639.5,650.0,11400
2007-03-01,586.380126953125,637.5,638.0,637.0,637.5,2400
2007-03-02,584.08056640625,635.0,637.5,635.0,637.5,4000
2007-03-05,581.7810668945312,632.5,635.0,632.0,635.0,12200
2007-03-06,584.08056640625,635.0,635.5,632.5,634.0,8200
2007-03-07,581.7810668945312,632.5,635.0,632.5,635.0,5200
2007-03-08,597.8778076171875,650.0,655.5,650.0,655.0,7600
2007-03-09,611.675048828125,665.0,665.0,650.0,650.0,1400
2007-03-12,588.2197875976562,639.5,660.0,639.5,660.0,4400
2007-03-13,588.6796875,640.0,640.0,640.0,640.0,1000
2007-03-14,577.18212890625,627.5,627.5,625.0,625.0,600
2007-03-15,588.6796875,640.0,640.0,639.5,639.5,800
2007-03-16,574.8826293945312,625.0,640.0,624.5,639.5,6400
2007-03-19,579.4816284179688,630.0,630.0,630.0,630.0,200
2007-03-20,574.8826293945312,625.0,630.0,624.5,630.0,3000
2007-03-22,574.4227294921875,624.5,630.0,624.5,629.5,3800
2007-03-23,574.4227294921875,624.5,630.5,624.5,630.5,7200
2007-03-26,574.4227294921875,624.5,630.0,623.5,624.5,3400
2007-03-27,577.2156372070312,620.0,623.5,620.0,623.5,800
2007-03-28,572.5606079101562,615.0,649.5,614.5,630.0,5000
2007-03-29,563.250732421875,605.0,612.0,605.0,612.0,1400
2007-03-30,558.5958862304688,600.0,600.0,599.5,599.5,600
2007-04-02,535.3209838867188,575.0,600.0,575.0,600.0,6000
2007-04-03,493.8916931152344,530.5,561.0,530.5,560.5,6400
2007-04-04,494.3572692871094,531.0,532.5,531.0,532.0,1400
2007-04-05,507.3910827636719,545.0,545.0,534.5,535.0,3800
2007-04-06,512.0460815429688,550.0,550.0,548.0,548.0,1400
2007-04-09,537.1829223632812,577.0,577.5,574.5,574.5,5400
2007-04-10,537.1829223632812,577.0,577.0,577.0,577.0,0
2007-04-11,514.37353515625,552.5,552.5,552.5,552.5,400
2007-04-12,514.37353515625,552.5,552.5,552.5,552.5,0
2007-04-13,514.37353515625,552.5,552.5,552.5,552.5,0
2007-04-16,516.701171875,555.0,555.0,552.5,552.5,5200
2007-04-17,516.701171875,555.0,555.0,555.0,555.0,400
2007-04-18,512.0460815429688,550.0,550.0,550.0,550.0,200
2007-04-19,488.771240234375,525.0,525.0,525.0,525.0,600
2007-04-20,479.4613342285156,515.0,525.0,514.5,515.0,3200
2007-04-23,465.4964294433594,500.0,510.5,500.0,510.0,1000
2007-04-24,465.4964294433594,500.0,500.0,500.0,500.0,600
2007-04-25,460.8415222167969,495.0,495.0,495.0,495.0,600
2007-04-26,451.5315856933594,485.0,494.0,476.5,493.5,3200
2007-04-27,441.75616455078125,474.5,482.5,474.5,482.5,2200
2007-05-01,442.2216796875,475.0,475.5,470.0,475.0,6600
2007-05-02,436.170166015625,468.5,469.0,468.5,469.0,800
2007-05-07,436.170166015625,468.5,470.5,468.0,470.0,2600
2007-05-08,436.170166015625,468.5,490.5,468.5,490.0,8600
2007-05-09,437.56671142578125,470.0,470.5,468.5,470.0,4800
2007-05-10,437.56671142578125,470.0,475.0,470.0,474.5,2800
2007-05-11,437.56671142578125,470.0,470.0,470.0,470.0,0
2007-05-14,437.56671142578125,470.0,470.5,470.0,470.5,800
2007-05-15,442.2216796875,475.0,485.0,470.0,470.0,9000
2007-05-16,442.2216796875,475.0,480.5,471.5,475.0,7600
2007-05-17,442.2216796875,475.0,475.5,475.0,475.0,5200
2007-05-18,406.8438720703125,437.0,463.0,434.0,440.0,26400
2007-05-21,406.8438720703125,437.0,437.5,422.0,430.0,17600
2007-05-22,406.8438720703125,437.0,437.0,437.0,437.0,0
2007-05-23,409.6369323730469,440.0,440.0,437.0,437.0,4400
2007-05-24,400.79248046875,430.5,430.5,430.0,430.0,600
2007-05-25,369.6042175292969,397.0,427.5,397.0,427.5,4000
2007-05-28,372.397216796875,400.0,417.5,400.0,410.0,19600
2007-05-29,388.6895751953125,417.5,417.5,400.0,400.0,9000
2007-05-30,388.6895751953125,417.5,418.0,413.5,417.0,3600
2007-05-31,388.6895751953125,417.5,418.0,417.5,417.5,1600
2007-06-01,388.6895751953125,417.5,417.5,417.5,417.5,0
2007-06-04,386.36212158203125,415.0,415.0,415.0,415.0,400
2007-06-05,386.36212158203125,415.0,415.5,415.0,415.0,1600
2007-06-06,385.89654541015625,414.5,415.0,414.5,415.0,9200
2007-06-07,385.89654541015625,414.5,414.5,412.5,414.5,800
2007-06-08,385.89654541015625,414.5,435.0,414.5,414.5,11000
2007-06-11,381.7070617675781,410.0,414.5,410.0,414.5,1200
2007-06-12,376.586669921875,404.5,410.0,404.5,407.5,1400
2007-06-13,377.0521240234375,405.0,405.0,400.0,404.5,4800
2007-06-14,377.0521240234375,405.0,405.5,405.0,405.5,800
2007-06-15,372.397216796875,400.0,405.5,399.5,405.0,6000
2007-06-18,372.397216796875,400.0,403.0,400.0,403.0,3800
2007-06-19,370.53515625,398.0,400.5,397.5,400.5,5400
2007-06-20,367.74224853515625,395.0,398.5,394.5,398.0,4400
2007-06-21,366.81121826171875,394.0,395.5,393.5,395.0,5600
2007-06-22,363.0873107910156,390.0,394.5,390.0,394.0,5000
2007-06-25,363.0873107910156,390.0,390.5,390.0,390.0,7800
2007-06-26,363.0873107910156,390.0,390.0,390.0,390.0,200
2007-06-27,363.0873107910156,390.0,390.0,390.0,390.0,4000
2007-06-28,363.0873107910156,390.0,400.5,390.0,400.0,7400
2007-06-29,363.0873107910156,390.0,390.5,390.0,390.0,4600
2007-07-02,367.74224853515625,395.0,409.5,390.0,390.0,8400
2007-07-03,369.1387023925781,396.5,396.5,390.0,390.0,5800
2007-07-04,361.69073486328125,388.5,397.0,388.0,396.5,5800
2007-07-05,365.4147033691406,392.5,392.5,392.5,392.5,200
2007-07-06,363.0873107910156,390.0,392.5,389.5,392.5,2600
2007-07-09,385.89654541015625,414.5,414.5,404.5,409.0,10400
2007-07-10,372.8626403808594,400.5,406.0,400.5,405.5,2200
2007-07-11,381.7070617675781,410.0,410.0,406.0,406.0,1000
2007-07-12,372.397216796875,400.0,405.0,400.0,402.0,2800
2007-07-13,372.8626403808594,400.5,400.5,400.0,400.0,1000
2007-07-17,372.397216796875,400.0,405.0,399.5,400.5,5200
2007-07-18,372.397216796875,400.0,400.0,400.0,400.0,0
2007-07-19,362.62176513671875,389.5,391.5,389.5,391.5,2200
2007-07-20,363.0873107910156,390.0,390.0,390.0,390.0,800
2007-07-23,350.0533447265625,376.0,390.0,375.0,390.0,7200
2007-07-24,353.77734375,380.0,380.5,377.5,377.5,2000
2007-07-25,353.77734375,380.0,380.0,380.0,380.0,2200
2007-07-26,354.2428283691406,380.5,380.5,380.0,380.0,4200
2007-07-27,353.77734375,380.0,380.5,380.0,380.0,800
2007-07-30,354.2428283691406,380.5,399.0,380.0,398.5,8200
2007-07-31,354.2428283691406,380.5,381.5,375.0,381.0,2000
2007-08-01,349.12237548828125,375.0,375.0,375.0,375.0,1400
2007-08-02,349.12237548828125,375.0,375.0,375.0,375.0,0
2007-08-03,349.12237548828125,375.0,375.5,370.0,375.0,6000
2007-08-06,339.34698486328125,364.5,365.0,364.5,365.0,800
2007-08-07,333.2955322265625,358.0,360.5,357.5,359.5,2000
2007-08-08,349.58782958984375,375.5,375.5,375.0,375.0,5200
2007-08-09,366.34576416015625,393.5,395.0,393.5,393.5,8400
2007-08-10,366.34576416015625,393.5,393.5,393.5,393.5,200
2007-08-13,366.34576416015625,393.5,393.5,393.5,393.5,0
2007-08-14,344.0019226074219,369.5,369.5,362.5,362.5,3200
2007-08-15,344.4674377441406,370.0,375.5,369.5,369.5,2400
2007-08-16,340.2779541015625,365.5,370.0,365.0,369.5,2000
2007-08-17,327.2439880371094,351.5,365.5,350.5,365.0,4000
2007-08-20,328.175048828125,352.5,352.5,352.5,352.5,200
2007-08-21,354.7083740234375,381.0,381.0,359.5,359.5,1600
2007-08-22,349.12237548828125,375.0,375.0,375.0,375.0,200
2007-08-23,365.4147033691406,392.5,392.5,392.5,392.5,200
2007-08-24,363.0873107910156,390.0,390.0,390.0,390.0,200
2007-08-27,363.0873107910156,390.0,390.0,390.0,390.0,0
2007-08-28,391.0169982910156,420.0,420.0,399.5,399.5,7000
2007-08-29,377.0521240234375,405.0,405.0,405.0,405.0,400
2007-08-30,381.7070617675781,410.0,410.5,410.0,410.5,400
2007-08-31,381.7070617675781,410.0,410.0,410.0,410.0,0
2007-09-03,395.67205810546875,425.0,425.0,425.0,425.0,400
2007-09-04,400.3269348144531,430.0,430.0,430.0,430.0,600
2007-09-05,386.36212158203125,415.0,428.0,414.5,427.5,2400
2007-09-06,372.397216796875,400.0,425.0,400.0,424.5,1400
2007-09-07,372.397216796875,400.0,400.0,400.0,400.0,1800
2007-09-10,391.0169982910156,420.0,420.0,419.5,420.0,7000
2007-09-11,413.36090087890625,444.0,444.0,425.0,440.5,6000
2007-09-12,413.36090087890625,444.0,444.0,444.0,444.0,0
2007-09-13,411.4989013671875,442.0,442.0,442.0,442.0,200
2007-09-14,400.3269348144531,430.0,430.0,430.0,430.0,200
2007-09-18,396.60296630859375,426.0,429.5,426.0,427.5,4000
2007-09-19,397.99951171875,427.5,430.0,427.0,427.5,1600
2007-09-20,400.3269348144531,430.0,440.0,429.5,436.0,1200
2007-09-21,411.9643859863281,442.5,442.5,435.0,441.0,4000
2007-09-25,392.2351989746094,417.5,417.5,417.0,417.0,1200
2007-09-26,392.2351989746094,417.5,418.0,415.5,415.5,1200
2007-09-27,385.18902587890625,410.0,410.5,409.5,410.0,3000
2007-09-28,400.6905212402344,426.5,430.5,426.5,430.0,4000
2007-10-01,384.24957275390625,409.0,411.0,408.5,410.5,1200
2007-10-02,388.477294921875,413.5,413.5,413.5,413.5,200
2007-10-03,380.4916076660156,405.0,405.0,405.0,405.0,200
2007-10-04,381.4310607910156,406.0,410.5,405.5,410.0,1600
2007-10-05,387.5377502441406,412.5,412.5,412.5,412.5,200
2007-10-09,418.5408020019531,445.5,445.5,432.5,432.5,5400
2007-10-10,420.4197692871094,447.5,447.5,447.0,447.0,7600
2007-10-11,420.8894348144531,448.0,448.0,447.0,447.0,2000
2007-10-12,389.88653564453125,415.0,427.5,415.0,427.0,1200
2007-10-15,403.9787292480469,430.0,438.0,416.0,416.0,1200
2007-10-16,392.2351989746094,417.5,420.0,417.0,417.0,1200
2007-10-17,392.70489501953125,418.0,418.5,415.0,415.0,800
2007-10-18,400.2207946777344,426.0,426.0,426.0,426.0,200
2007-10-19,399.2814025878906,425.0,425.0,425.0,425.0,200
2007-10-22,380.4916076660156,405.0,420.5,404.5,420.5,1600
2007-10-23,380.0218811035156,404.5,405.0,404.0,404.5,800
2007-10-24,380.0218811035156,404.5,404.5,404.5,404.5,0
2007-10-25,378.1429138183594,402.5,402.5,402.0,402.0,400
2007-10-26,378.1429138183594,402.5,402.5,402.5,402.5,0
2007-10-29,396.9326477050781,422.5,422.5,422.0,422.0,3200
2007-10-30,399.2814025878906,425.0,425.5,425.0,425.5,2000
2007-10-31,399.2814025878906,425.0,425.0,425.0,425.0,0
2007-11-01,380.4916076660156,405.0,405.5,405.0,405.0,600
2007-11-02,375.7942199707031,400.0,405.0,400.0,404.0,1800
2007-11-05,361.701904296875,385.0,400.0,385.0,400.0,1400
2007-11-06,342.9122314453125,365.0,385.0,365.0,385.0,2200
2007-11-07,328.81988525390625,350.0,365.5,350.0,365.0,7600
2007-11-08,314.72772216796875,335.0,355.0,335.0,355.0,12200
2007-11-09,296.40765380859375,315.5,335.5,315.5,335.0,7800
2007-11-12,327.41070556640625,348.5,350.0,335.0,335.0,1000
2007-11-13,323.65277099609375,344.5,345.0,344.5,345.0,2000
2007-11-14,334.45684814453125,356.0,356.0,340.0,340.0,1200
2007-11-15,335.3963317871094,357.0,357.0,356.0,356.0,2200
2007-11-16,335.8660888671875,357.5,357.5,345.0,357.5,1400
2007-11-19,345.2608947753906,367.5,367.5,367.5,367.5,200
2007-11-20,342.9122314453125,365.0,365.0,365.0,365.0,200
2007-11-21,333.9870300292969,355.5,355.5,355.5,355.5,200
2007-11-22,352.30706787109375,375.0,379.0,375.0,379.0,1200
2007-11-26,352.30706787109375,375.0,375.0,375.0,375.0,0
2007-11-27,352.30706787109375,375.0,375.0,375.0,375.0,600
2007-11-28,366.39935302734375,390.0,393.5,390.0,393.5,3200
2007-11-29,366.39935302734375,390.0,390.5,390.0,390.5,1800
2007-11-30,370.6270446777344,394.5,394.5,394.5,394.5,200
2007-12-03,366.39935302734375,390.0,394.5,390.0,394.5,1400
2007-12-04,366.39935302734375,390.0,390.0,390.0,390.0,400
2007-12-05,364.9900817871094,388.5,390.0,388.5,390.0,400
2007-12-06,371.0967712402344,395.0,395.0,395.0,395.0,2200
2007-12-07,371.0967712402344,395.0,395.0,395.0,395.0,0
2007-12-10,371.0967712402344,395.0,395.0,395.0,395.0,0
2007-12-11,376.2638854980469,400.5,425.0,400.5,425.0,3600
2007-12-12,375.7942199707031,400.0,400.5,400.0,400.5,800
2007-12-13,387.5377502441406,412.5,419.5,405.5,419.5,1000
2007-12-14,385.18902587890625,410.0,425.0,410.0,425.0,2200
2007-12-17,385.18902587890625,410.0,410.0,410.0,410.0,200
2007-12-18,380.4916076660156,405.0,405.0,405.0,405.0,400
2007-12-19,378.1429138183594,402.5,402.5,402.5,402.5,400
2007-12-20,371.0967712402344,395.0,402.5,395.0,402.5,1400
2007-12-21,354.65582275390625,377.5,392.5,375.0,388.5,3400
2007-12-25,361.701904296875,385.0,404.0,384.0,404.0,800
2007-12-26,375.7942199707031,400.0,400.0,400.0,400.0,400
2007-12-27,380.4916076660156,405.0,405.0,400.0,400.0,1000
2007-12-28,399.2814025878906,425.0,425.0,425.0,425.0,3000
2008-01-04,394.5838623046875,420.0,420.0,415.0,415.0,800
2008-01-07,395.0536193847656,420.5,420.5,415.5,420.0,2800
2008-01-08,394.5838623046875,420.0,441.5,420.0,441.5,5400
2008-01-09,403.509033203125,429.5,429.5,424.5,424.5,1000
2008-01-10,399.2814025878906,425.0,427.5,425.0,427.5,600
2008-01-11,394.5838623046875,420.0,435.0,420.0,420.0,2200
2008-01-15,399.2814025878906,425.0,425.0,425.0,425.0,200
2008-01-16,380.4916076660156,405.0,405.0,400.0,400.0,1800
2008-01-17,389.88653564453125,415.0,425.0,408.0,408.0,2800
2008-01-18,390.8260192871094,416.0,416.0,416.0,416.0,400
2008-01-21,392.2351989746094,417.5,422.5,417.5,418.0,2400
2008-01-22,389.88653564453125,415.0,417.5,415.0,417.5,1800
2008-01-23,385.18902587890625,410.0,417.5,410.0,415.5,2000
2008-01-24,392.2351989746094,417.5,418.5,417.5,417.5,2600
2008-01-25,385.65875244140625,410.5,412.5,410.0,412.5,3800
2008-01-28,393.1746520996094,418.5,420.0,418.5,418.5,2200
2008-01-29,402.0998229980469,428.0,428.0,426.5,426.5,2000
2008-01-30,402.0998229980469,428.0,428.0,428.0,428.0,1000
2008-01-31,413.37359619140625,440.0,440.0,435.0,435.0,800
2008-02-01,403.9787292480469,430.0,440.0,430.0,440.0,1600
2008-02-04,403.9787292480469,430.0,435.0,430.0,435.0,400
2008-02-05,403.9787292480469,430.0,430.0,430.0,430.0,400
2008-02-06,412.90386962890625,439.5,440.0,439.5,440.0,400
2008-02-07,415.7222900390625,442.5,442.5,439.5,439.5,1800
2008-02-08,423.7080078125,451.0,452.5,451.0,451.0,3200
2008-02-12,423.7080078125,451.0,451.0,451.0,451.0,0
2008-02-13,399.2814025878906,425.0,445.0,425.0,445.0,1800
2008-02-14,399.2814025878906,425.0,425.0,425.0,425.0,200
2008-02-15,399.2814025878906,425.0,425.0,425.0,425.0,200
2008-02-18,413.37359619140625,440.0,460.0,440.0,460.0,1000
2008-02-19,432.163330078125,460.0,460.0,450.0,450.0,600
2008-02-20,418.071044921875,445.0,450.0,445.0,450.0,1000
2008-02-21,413.37359619140625,440.0,450.0,440.0,450.0,600
2008-02-22,422.76849365234375,450.0,450.0,450.0,450.0,200
2008-02-25,418.071044921875,445.0,450.0,445.0,450.0,600
2008-02-26,418.071044921875,445.0,445.0,445.0,445.0,0
2008-02-27,424.6474304199219,452.0,452.5,450.5,450.5,600
2008-02-28,426.9962158203125,454.5,454.5,454.5,454.5,2600
2008-02-29,425.5868835449219,453.0,455.0,453.0,453.0,800
2008-03-03,429.3448181152344,457.0,457.0,450.0,450.0,400
2008-03-04,422.76849365234375,450.0,455.0,450.0,455.0,2000
2008-03-05,422.76849365234375,450.0,450.0,450.0,450.0,200
2008-03-06,423.23822021484375,450.5,450.5,450.5,450.5,200
2008-03-07,427.4658203125,455.0,455.0,450.5,451.5,600
2008-03-10,435.9212341308594,464.0,464.0,464.0,464.0,1200
2008-03-11,444.3766174316406,473.0,475.0,473.0,473.0,1000
2008-03-12,460.347900390625,490.0,490.0,465.5,465.5,1800
2008-03-13,465.04534912109375,495.0,495.0,490.0,495.0,800
2008-03-14,462.69659423828125,492.5,492.5,492.5,492.5,200
2008-03-17,460.347900390625,490.0,500.0,490.0,500.0,800
2008-03-18,460.347900390625,490.0,490.0,490.0,490.0,800
2008-03-19,469.74267578125,500.0,500.0,490.0,490.0,3600
2008-03-21,469.74267578125,500.0,500.0,500.0,500.0,1600
2008-03-24,483.83502197265625,515.0,600.0,515.0,525.5,5600
2008-03-25,540.2042236328125,575.0,575.0,546.0,549.5,2200
2008-03-26,497.9272155761719,530.0,550.0,510.0,550.0,4000
2008-03-27,481.48626708984375,512.5,525.0,510.0,525.0,1600
2008-03-28,481.48626708984375,512.5,517.5,505.0,517.5,3800
2008-03-31,472.0914001464844,502.5,505.0,502.5,505.0,1000
2008-04-01,418.071044921875,445.0,500.0,445.0,500.0,1800
2008-04-02,413.37359619140625,440.0,440.0,440.0,440.0,800
2008-04-03,413.37359619140625,440.0,440.0,440.0,440.0,200
2008-04-04,413.37359619140625,440.0,440.0,440.0,440.0,200
2008-04-07,425.1170654296875,452.5,452.5,449.5,449.5,600
2008-04-08,433.5725402832031,461.5,461.5,461.5,461.5,400
2008-04-09,446.255615234375,475.0,475.0,470.5,470.5,1000
2008-04-10,455.1806945800781,484.5,484.5,484.5,484.5,600
2008-04-11,455.1806945800781,484.5,484.5,484.5,484.5,0
2008-04-14,465.04534912109375,495.0,500.0,495.0,500.0,600
2008-04-15,462.69659423828125,492.5,492.5,492.5,492.5,200
2008-04-16,432.163330078125,460.0,488.5,460.0,488.5,600
2008-04-17,432.163330078125,460.0,460.0,460.0,460.0,0
2008-04-18,432.163330078125,460.0,460.0,460.0,460.0,0
2008-04-21,432.163330078125,460.0,460.0,460.0,460.0,0
2008-04-22,422.76849365234375,450.0,450.0,450.0,450.0,400
2008-04-23,422.76849365234375,450.0,450.0,450.0,450.0,0
2008-04-24,422.76849365234375,450.0,450.0,450.0,450.0,0
2008-04-25,436.8607177734375,465.0,465.0,465.0,465.0,200
2008-04-28,446.255615234375,475.0,475.0,474.0,474.0,3600
2008-04-30,455.65045166015625,485.0,485.0,485.0,485.0,4000
2008-05-01,464.5755310058594,494.5,494.5,494.5,494.5,400
2008-05-02,464.5755310058594,494.5,494.5,494.5,494.5,200
2008-05-07,469.74267578125,500.0,500.0,495.0,495.0,1800
2008-05-08,479.1376037597656,510.0,510.0,510.0,510.0,2600
2008-05-09,464.5755310058594,494.5,519.5,494.5,519.5,1200
2008-05-12,464.5755310058594,494.5,494.5,494.5,494.5,0
2008-05-13,464.5755310058594,494.5,494.5,494.5,494.5,0
2008-05-14,464.5755310058594,494.5,494.5,494.5,494.5,0
2008-05-15,464.5755310058594,494.5,494.5,494.5,494.5,0
2008-05-16,460.347900390625,490.0,490.0,490.0,490.0,200
2008-05-19,436.8607177734375,465.0,465.0,461.0,461.0,1400
2008-05-20,441.55816650390625,470.0,475.0,470.0,475.0,1800
2008-05-21,455.65045166015625,485.0,485.0,485.0,485.0,400
2008-05-22,450.9530334472656,480.0,485.0,480.0,485.0,2200
2008-05-23,450.9530334472656,480.0,480.0,480.0,480.0,0
2008-05-26,455.65045166015625,485.0,485.0,485.0,485.0,200
2008-05-27,479.1376037597656,510.0,510.0,490.0,490.0,2000
2008-05-28,469.74267578125,500.0,520.0,500.0,520.0,2000
2008-05-29,469.74267578125,500.0,500.0,500.0,500.0,0
2008-05-30,479.1376037597656,510.0,510.0,510.0,510.0,200
2008-06-02,490.8811950683594,522.5,522.5,495.0,495.0,800
2008-06-03,464.1058349609375,494.0,494.0,494.0,494.0,200
2008-06-04,470.21246337890625,500.5,500.5,500.5,500.5,400
2008-06-05,479.1376037597656,510.0,510.0,510.0,510.0,1200
2008-06-06,493.2298583984375,525.0,525.0,515.5,515.5,400
2008-06-09,465.04534912109375,495.0,535.5,495.0,535.5,4000
2008-06-10,465.04534912109375,495.0,495.0,495.0,495.0,1400
2008-06-11,512.0194702148438,545.0,545.0,545.0,545.0,200
2008-06-12,474.44012451171875,505.0,505.0,505.0,505.0,200
2008-06-13,479.1376037597656,510.0,510.0,510.0,510.0,200
2008-06-16,488.532470703125,520.0,520.0,520.0,520.0,400
2008-06-17,497.9272155761719,530.0,530.0,530.0,530.0,200
2008-06-18,488.532470703125,520.0,520.0,520.0,520.0,800
2008-06-19,493.2298583984375,525.0,525.0,525.0,525.0,200
2008-06-20,493.2298583984375,525.0,525.0,525.0,525.0,0
2008-06-23,469.74267578125,500.0,520.0,500.0,520.0,1400
2008-06-24,472.0914001464844,502.5,502.5,502.5,502.5,200
2008-06-25,472.0914001464844,502.5,502.5,502.5,502.5,400
2008-06-26,472.0914001464844,502.5,502.5,502.5,502.5,0
2008-06-27,489.002197265625,520.5,520.5,515.0,515.0,400
2008-06-30,498.3970031738281,530.5,530.5,530.5,530.5,2600
2008-07-01,500.2760009765625,532.5,532.5,530.5,530.5,800
2008-07-02,502.624755859375,535.0,535.0,532.5,532.5,800
2008-07-03,502.624755859375,535.0,540.0,535.0,540.0,400
2008-07-04,484.30474853515625,515.5,540.0,506.0,540.0,4200
2008-07-07,490.8811950683594,522.5,527.0,522.5,527.0,600
2008-07-08,488.532470703125,520.0,527.5,512.5,527.5,4600
2008-07-09,479.1376037597656,510.0,510.0,500.0,500.0,600
2008-07-10,483.3653564453125,514.5,514.5,500.0,500.0,1600
2008-07-11,483.3653564453125,514.5,514.5,514.5,514.5,0
2008-07-14,492.76007080078125,524.5,524.5,502.5,502.5,400
2008-07-15,479.6073303222656,510.5,510.5,510.5,510.5,200
2008-07-16,479.6073303222656,510.5,510.5,510.5,510.5,0
2008-07-17,480.0771179199219,511.0,511.0,511.0,511.0,200
2008-07-18,469.74267578125,500.0,500.0,500.0,500.0,400
2008-07-22,474.44012451171875,505.0,505.0,505.0,505.0,200
2008-07-23,493.2298583984375,525.0,525.0,525.0,525.0,200
2008-07-24,493.2298583984375,525.0,525.0,525.0,525.0,0
2008-07-25,479.1376037597656,510.0,535.0,510.0,525.0,3000
2008-07-28,488.532470703125,520.0,520.0,520.0,520.0,1400
2008-07-29,488.532470703125,520.0,530.0,520.0,522.5,2400
2008-07-30,488.532470703125,520.0,520.0,520.0,520.0,0
2008-07-31,493.2298583984375,525.0,535.0,525.0,535.0,400
2008-08-01,493.2298583984375,525.0,525.0,525.0,525.0,400
2008-08-04,490.8811950683594,522.5,522.5,522.5,522.5,400
2008-08-05,483.83502197265625,515.0,520.0,515.0,520.0,2600
2008-08-06,479.1376037597656,510.0,512.5,510.0,512.5,1200
2008-08-07,488.532470703125,520.0,520.5,520.0,520.5,600
2008-08-08,497.9272155761719,530.0,530.0,530.0,530.0,2200
2008-08-11,502.624755859375,535.0,535.0,535.0,535.0,200
2008-08-12,502.624755859375,535.0,535.0,535.0,535.0,0
2008-08-13,502.624755859375,535.0,535.0,535.0,535.0,1000
2008-08-14,502.624755859375,535.0,535.0,535.0,535.0,200
2008-08-15,502.624755859375,535.0,535.0,535.0,535.0,600
2008-08-18,507.32220458984375,540.0,540.0,532.5,532.5,2400
2008-08-19,488.532470703125,520.0,520.0,515.0,515.0,400
2008-08-20,483.83502197265625,515.0,515.0,515.0,515.0,400
2008-08-21,484.30474853515625,515.5,515.5,515.5,515.5,200
2008-08-22,507.32220458984375,540.0,540.0,540.0,540.0,200
2008-08-25,493.2298583984375,525.0,525.0,525.0,525.0,600
2008-08-26,497.9272155761719,530.0,530.0,530.0,530.0,200
2008-08-27,512.0194702148438,545.0,550.0,540.5,540.5,600
2008-08-28,521.8842163085938,555.5,555.5,555.5,555.5,1600
2008-08-29,530.3396606445312,564.5,564.5,564.5,564.5,200
2008-09-01,507.32220458984375,540.0,540.0,540.0,540.0,600
2008-09-02,507.32220458984375,540.0,540.0,540.0,540.0,200
2008-09-03,512.0194702148438,545.0,545.0,545.0,545.0,200
2008-09-04,516.717041015625,550.0,550.0,540.0,540.0,1200
2008-09-05,526.1118774414062,560.0,560.0,551.5,551.5,1200
2008-09-08,536.916015625,571.5,571.5,571.0,571.0,800
2008-09-09,540.2042236328125,575.0,580.0,575.0,580.0,2000
2008-09-10,540.2042236328125,575.0,575.0,575.0,575.0,600
2008-09-11,537.8553466796875,572.5,573.0,572.5,573.0,400
2008-09-12,540.2042236328125,575.0,575.0,575.0,575.0,800
2008-09-16,540.2042236328125,575.0,575.0,575.0,575.0,400
2008-09-17,542.5527954101562,577.5,580.0,575.0,575.0,1800
2008-09-18,523.7631225585938,557.5,557.5,557.5,557.5,600
2008-09-19,523.7631225585938,557.5,557.5,557.5,557.5,0
2008-09-22,537.8553466796875,572.5,580.0,565.0,580.0,2000
2008-09-24,596.5733032226562,635.0,635.0,575.0,575.0,2200
2008-09-25,556.6452026367188,592.5,592.5,550.0,571.0,2400
2008-09-26,573.0862426757812,610.0,610.0,583.0,583.0,600
2008-09-29,573.0862426757812,610.0,612.5,610.0,612.5,1800
2008-09-30,535.5066528320312,570.0,570.0,540.0,540.0,800
2008-10-01,526.1118774414062,560.0,560.0,560.0,560.0,200
2008-10-02,531.2789916992188,565.5,565.5,565.5,565.5,400
2008-10-03,535.5066528320312,570.0,570.0,570.0,570.0,200
2008-10-06,516.717041015625,550.0,580.0,550.0,580.0,1600
2008-10-07,493.69964599609375,525.5,545.0,525.5,545.0,1400
2008-10-08,493.2298583984375,525.0,535.5,525.0,535.5,3000
2008-10-09,483.83502197265625,515.0,520.0,515.0,520.0,1000
2008-10-10,483.83502197265625,515.0,515.0,515.0,515.0,200
2008-10-14,516.717041015625,550.0,550.0,550.0,550.0,200
2008-10-15,516.717041015625,550.0,550.0,550.0,550.0,0
2008-10-16,493.2298583984375,525.0,550.0,525.0,550.0,600
2008-10-17,493.2298583984375,525.0,525.0,525.0,525.0,0
2008-10-20,540.2042236328125,575.0,575.0,575.0,575.0,200
2008-10-21,516.717041015625,550.0,550.0,550.0,550.0,200
2008-10-22,507.32220458984375,540.0,540.0,540.0,540.0,200
2008-10-23,507.32220458984375,540.0,540.0,540.0,540.0,0
2008-10-24,507.32220458984375,540.0,540.0,525.5,525.5,600
2008-10-27,509.67083740234375,542.5,542.5,530.0,530.0,1400
2008-10-28,493.2298583984375,525.0,550.0,525.0,550.0,2400
2008-10-29,493.2298583984375,525.0,525.0,525.0,525.0,200
2008-10-30,493.2298583984375,525.0,525.0,525.0,525.0,0
2008-10-31,481.48626708984375,512.5,512.5,512.5,512.5,200
2008-11-04,469.74267578125,500.0,599.5,500.0,599.5,1200
2008-11-05,476.7888488769531,507.5,507.5,507.5,507.5,200
2008-11-06,497.9272155761719,530.0,568.0,530.0,568.0,1400
2008-11-07,502.624755859375,535.0,535.0,525.0,535.0,1800
2008-11-10,507.32220458984375,540.0,546.5,540.0,545.5,3000
2008-11-11,507.32220458984375,540.0,540.0,535.0,535.0,400
2008-11-12,507.32220458984375,540.0,540.0,540.0,540.0,0
2008-11-13,502.624755859375,535.0,535.0,535.0,535.0,200
2008-11-14,502.624755859375,535.0,535.0,535.0,535.0,0
2008-11-17,554.2963256835938,590.0,590.0,570.0,570.0,600
2008-11-18,554.2963256835938,590.0,590.0,590.0,590.0,0
2008-11-19,554.2963256835938,590.0,590.0,590.0,590.0,0
2008-11-20,502.624755859375,535.0,535.0,535.0,535.0,200
2008-11-21,493.2298583984375,525.0,535.0,525.0,535.0,1000
2008-11-25,493.2298583984375,525.0,525.0,525.0,525.0,200
2008-11-26,493.2298583984375,525.0,525.0,525.0,525.0,0
2008-11-27,516.717041015625,550.0,550.5,548.5,548.5,1600
2008-11-28,525.6421508789062,559.5,560.0,559.5,560.0,1800
2008-12-01,525.6421508789062,559.5,559.5,559.5,559.5,0
2008-12-02,512.0194702148438,545.0,550.0,545.0,550.0,400
2008-12-03,507.32220458984375,540.0,540.5,540.0,540.5,400
2008-12-04,502.624755859375,535.0,540.0,535.0,540.0,400
2008-12-05,516.717041015625,550.0,550.0,535.0,535.0,1400
2008-12-08,527.0513916015625,561.0,561.5,561.0,561.0,2200
2008-12-09,530.3396606445312,564.5,564.5,564.5,564.5,200
2008-12-10,530.3396606445312,564.5,564.5,564.5,564.5,0
2008-12-11,540.2042236328125,575.0,575.0,575.0,575.0,600
2008-12-12,511.5498046875,544.5,544.5,536.0,536.0,1400
2008-12-15,516.717041015625,550.0,550.0,540.0,540.0,800
2008-12-16,516.717041015625,550.0,550.0,550.0,550.0,0
2008-12-17,507.32220458984375,540.0,546.0,540.0,546.0,600
2008-12-18,470.21246337890625,500.5,500.5,500.5,500.5,400
2008-12-19,470.21246337890625,500.5,500.5,500.5,500.5,0
2008-12-22,483.83502197265625,515.0,515.0,515.0,515.0,400
2008-12-24,484.30474853515625,515.5,516.0,515.0,515.0,600
2008-12-25,470.21246337890625,500.5,515.0,500.5,515.0,400
2008-12-26,493.2298583984375,525.0,525.0,525.0,525.0,600
2008-12-29,503.0945739746094,535.5,535.5,535.5,535.5,1600
2008-12-30,503.0945739746094,535.5,535.5,535.5,535.5,0
2009-01-05,521.8842163085938,555.5,555.5,555.5,555.5,200
2009-01-06,521.8842163085938,555.5,555.5,555.5,555.5,0
2009-01-07,526.1118774414062,560.0,570.0,555.5,555.5,1000
2009-01-08,536.4461059570312,571.0,571.0,571.0,571.0,2200
2009-01-09,536.4461059570312,571.0,571.0,571.0,571.0,0
2009-01-13,516.717041015625,550.0,575.0,550.0,575.0,1200
2009-01-14,516.717041015625,550.0,550.0,550.0,550.0,200
2009-01-15,512.0194702148438,545.0,550.0,545.0,550.0,400
2009-01-16,512.0194702148438,545.0,545.0,545.0,545.0,0
2009-01-19,516.717041015625,550.0,550.0,550.0,550.0,200
2009-01-20,516.717041015625,550.0,550.0,550.0,550.0,0
2009-01-21,516.717041015625,550.0,550.0,550.0,550.0,0
2009-01-22,516.717041015625,550.0,550.0,550.0,550.0,0
2009-01-23,516.717041015625,550.0,550.0,550.0,550.0,0
2009-01-26,544.9015502929688,580.0,580.0,575.0,575.0,1000
2009-01-27,542.5527954101562,577.5,585.0,577.5,580.0,800
2009-01-28,553.3568725585938,589.0,595.0,589.0,589.0,1600
2009-01-29,558.9938354492188,595.0,595.0,595.0,595.0,400
2009-01-30,528.4605712890625,562.5,592.5,562.5,592.5,800
2009-02-02,528.4605712890625,562.5,562.5,562.5,562.5,0
2009-02-03,528.4605712890625,562.5,562.5,562.5,562.5,0
2009-02-04,528.4605712890625,562.5,562.5,562.5,562.5,0
2009-02-05,558.9938354492188,595.0,595.0,595.0,595.0,200
2009-02-06,558.9938354492188,595.0,595.0,595.0,595.0,1400
2009-02-09,542.5527954101562,577.5,606.5,577.5,606.5,2400
2009-02-10,540.2042236328125,575.0,575.0,575.0,575.0,400
2009-02-12,577.7835083007812,615.0,615.0,615.0,615.0,200
2009-02-13,577.7835083007812,615.0,615.0,615.0,615.0,0
2009-02-16,545.8410034179688,581.0,620.0,581.0,620.0,400
2009-02-17,558.9938354492188,595.0,595.0,595.0,595.0,200
2009-02-18,558.9938354492188,595.0,595.0,595.0,595.0,0
2009-02-19,556.6452026367188,592.5,592.5,592.5,592.5,200
2009-02-20,556.6452026367188,592.5,592.5,592.5,592.5,0
2009-02-23,556.6452026367188,592.5,592.5,592.5,592.5,400
2009-02-24,563.6913452148438,600.0,600.0,590.0,590.0,1200
2009-02-25,563.6913452148438,600.0,600.0,600.0,600.0,600
2009-02-26,563.6913452148438,600.0,600.0,600.0,600.0,0
2009-02-27,569.7979125976562,606.5,606.5,606.5,606.5,200
2009-03-02,581.0717163085938,618.5,618.5,618.5,618.5,1800
2009-03-03,577.7835083007812,615.0,615.0,615.0,615.0,200
2009-03-04,584.8296508789062,622.5,622.5,617.5,617.5,400
2009-03-05,591.8759155273438,630.0,630.0,627.5,627.5,1000
2009-03-06,573.0862426757812,610.0,640.0,600.0,640.0,5000
2009-03-09,570.7374877929688,607.5,607.5,607.5,607.5,2200
2009-03-10,563.6913452148438,600.0,600.0,600.0,600.0,200
2009-03-11,577.3138427734375,614.5,614.5,614.5,614.5,200
2009-03-12,577.3138427734375,614.5,614.5,614.5,614.5,200
2009-03-13,570.7374877929688,607.5,607.5,607.5,607.5,200
2009-03-16,577.7835083007812,615.0,615.0,610.0,610.0,400
2009-03-17,563.6913452148438,600.0,600.0,600.0,600.0,1600
2009-03-18,568.388671875,605.0,605.0,605.0,605.0,1200
2009-03-19,573.0862426757812,610.0,617.0,610.0,617.0,1400
2009-03-23,587.1783447265625,625.0,632.0,622.0,622.0,4600
2009-03-24,591.8759155273438,630.0,630.0,625.0,630.0,1800
2009-03-25,587.1783447265625,625.0,640.0,620.0,640.0,1600
2009-03-26,564.1427001953125,600.0,600.0,561.0,561.0,800
2009-03-27,585.2979736328125,622.5,631.0,615.0,631.0,1600
2009-03-30,573.5450439453125,610.0,617.0,610.0,617.0,800
2009-03-31,568.84375,605.0,610.0,605.0,610.0,1000
2009-04-01,531.234375,565.0,565.0,565.0,565.0,200
2009-04-02,531.234375,565.0,565.0,565.0,565.0,0
2009-04-03,531.234375,565.0,565.0,565.0,565.0,200
2009-04-06,531.234375,565.0,565.0,565.0,565.0,0
2009-04-07,564.1427001953125,600.0,600.0,585.0,585.0,600
2009-04-08,572.604736328125,609.0,609.0,609.0,609.0,600
2009-04-09,550.0391235351562,585.0,600.0,585.0,600.0,1000
2009-04-10,560.8518676757812,596.5,596.5,596.5,596.5,200
2009-04-13,564.1427001953125,600.0,600.0,599.5,599.5,1400
2009-04-14,564.1427001953125,600.0,600.0,600.0,600.0,400
2009-04-15,564.1427001953125,600.0,600.0,600.0,600.0,0
2009-04-16,564.1427001953125,600.0,600.0,600.0,600.0,0
2009-04-17,564.1427001953125,600.0,600.0,600.0,600.0,0
2009-04-20,568.84375,605.0,605.0,605.0,605.0,1400
2009-04-21,568.84375,605.0,605.0,605.0,605.0,1200
2009-04-22,573.5450439453125,610.0,610.0,610.0,610.0,1600
2009-04-23,573.5450439453125,610.0,610.0,610.0,610.0,0
2009-04-24,573.5450439453125,610.0,610.0,610.0,610.0,0
2009-04-27,564.1427001953125,600.0,600.0,599.0,599.0,1000
2009-04-28,563.6725463867188,599.5,599.5,599.5,599.5,600
2009-04-30,564.1427001953125,600.0,600.0,600.0,600.0,800
2009-05-01,564.1427001953125,600.0,600.0,600.0,600.0,0
2009-05-07,545.3378295898438,580.0,580.0,580.0,580.0,200
2009-05-08,556.1505737304688,591.5,591.5,591.5,591.5,1000
2009-05-11,554.7401123046875,590.0,600.0,590.0,600.0,1000
2009-05-12,564.1427001953125,600.0,600.0,600.0,600.0,1200
2009-05-13,564.1427001953125,600.0,600.0,600.0,600.0,0
2009-05-14,564.1427001953125,600.0,600.0,600.0,600.0,0
2009-05-15,564.1427001953125,600.0,600.0,600.0,600.0,0
2009-05-18,564.1427001953125,600.0,600.0,600.0,600.0,1200
2009-05-19,564.1427001953125,600.0,600.0,600.0,600.0,1800
2009-05-20,535.4653930664062,569.5,599.5,569.5,599.5,2400
2009-05-21,563.6725463867188,599.5,599.5,599.5,599.5,200
2009-05-22,563.6725463867188,599.5,599.5,599.5,599.5,0
2009-05-25,564.1427001953125,600.0,600.0,600.0,600.0,200
2009-05-26,554.7401123046875,590.0,590.5,590.0,590.5,800
2009-05-27,550.0391235351562,585.0,585.5,585.0,585.5,800
2009-05-28,545.3378295898438,580.0,580.0,579.5,580.0,1200
2009-05-29,550.0391235351562,585.0,590.0,580.0,590.0,1400
2009-06-01,564.1427001953125,600.0,600.0,550.0,580.0,1400
2009-06-02,517.1306762695312,550.0,574.5,550.0,574.5,5000
2009-06-03,526.5330810546875,560.0,560.0,550.0,550.0,1600
2009-06-04,512.8995361328125,545.5,551.5,545.5,551.5,2200
2009-06-05,517.1306762695312,550.0,550.0,549.5,549.5,2200
2009-06-08,497.8558044433594,529.5,550.0,529.5,549.5,1400
2009-06-09,506.3179931640625,538.5,540.0,527.0,540.0,2000
2009-06-10,500.20648193359375,532.0,549.0,525.0,549.0,4400
2009-06-11,499.7362060546875,531.5,549.5,531.5,549.5,800
2009-06-12,513.8399658203125,546.5,548.0,546.5,548.0,400
2009-06-15,521.36181640625,554.5,554.5,550.0,550.0,1200
2009-06-16,521.36181640625,554.5,555.0,554.5,555.0,800
2009-06-17,526.5330810546875,560.0,560.0,555.0,555.0,600
2009-06-18,536.875732421875,571.0,573.0,571.0,571.0,2000
2009-06-19,547.2183837890625,582.0,582.0,582.0,582.0,1600
2009-06-22,558.0310668945312,593.5,594.0,593.5,594.0,2000
2009-06-23,521.36181640625,554.5,554.5,554.5,554.5,400
2009-06-24,521.36181640625,554.5,554.5,554.5,554.5,0
2009-06-25,555.210205078125,590.5,590.5,590.0,590.0,400
2009-06-26,561.7919921875,597.5,597.5,580.5,580.5,400
2009-06-29,563.6725463867188,599.5,599.5,599.5,599.5,1800
2009-06-30,561.7919921875,597.5,599.5,597.5,599.5,1600
2009-07-01,564.1427001953125,600.0,600.0,600.0,600.0,3000
2009-07-02,568.84375,605.0,605.0,605.0,605.0,1000
2009-07-03,591.879638671875,629.5,629.5,605.0,605.0,800
2009-07-06,563.6725463867188,599.5,599.5,599.5,599.5,200
2009-07-07,577.7760620117188,614.5,614.5,614.5,614.5,200
2009-07-08,587.6485595703125,625.0,625.0,625.0,625.0,1000
2009-07-09,587.6485595703125,625.0,625.0,625.0,625.0,1000
2009-07-10,587.6485595703125,625.0,625.0,625.0,625.0,1200
2009-07-13,568.84375,605.0,605.0,605.0,605.0,800
2009-07-14,555.210205078125,590.5,600.0,590.5,600.0,600
2009-07-15,554.7401123046875,590.0,590.0,590.0,590.0,200
2009-07-16,554.7401123046875,590.0,590.0,590.0,590.0,0
2009-07-17,554.7401123046875,590.0,590.0,590.0,590.0,0
2009-07-21,554.7401123046875,590.0,590.0,590.0,590.0,0
2009-07-22,554.7401123046875,590.0,590.0,590.0,590.0,0
2009-07-23,601.7520141601562,640.0,640.0,626.5,626.5,400
2009-07-24,601.7520141601562,640.0,640.0,640.0,640.0,0
2009-07-27,603.16259765625,641.5,641.5,639.0,639.0,800
2009-07-28,612.5648803710938,651.5,651.5,651.5,651.5,800
2009-07-29,613.505126953125,652.5,652.5,652.5,652.5,800
2009-07-30,613.505126953125,652.5,652.5,652.5,652.5,200
2009-07-31,613.505126953125,652.5,652.5,652.5,652.5,0
2009-08-03,611.1544189453125,650.0,650.0,650.0,650.0,200
2009-08-04,610.6842651367188,649.5,649.5,649.5,649.5,600
2009-08-05,588.1187133789062,625.5,625.5,625.5,625.5,200
2009-08-06,610.6842651367188,649.5,649.5,625.5,625.5,400
2009-08-07,610.6842651367188,649.5,649.5,648.5,648.5,600
2009-08-10,611.1544189453125,650.0,650.0,649.0,649.0,1000
2009-08-11,623.37744140625,663.0,663.5,663.0,663.0,1400
2009-08-12,635.6007690429688,676.0,676.0,676.0,676.0,400
2009-08-13,625.258056640625,665.0,665.0,665.0,665.0,400
2009-08-14,625.258056640625,665.0,665.0,660.0,660.0,600
2009-08-17,625.258056640625,665.0,665.0,665.0,665.0,400
2009-08-18,643.12255859375,684.0,684.0,678.0,678.0,600
2009-08-19,655.8158569335938,697.5,697.5,697.5,697.5,2400
2009-08-20,672.2699584960938,715.0,720.0,711.0,711.0,1600
2009-08-21,653.4652099609375,695.0,695.0,695.0,695.0,200
2009-08-24,653.4652099609375,695.0,695.0,695.0,695.0,0
2009-08-25,658.1663208007812,700.0,700.0,695.0,695.0,400
2009-08-26,658.1663208007812,700.0,700.0,700.0,700.0,600
2009-08-27,664.7479858398438,707.0,720.0,707.0,710.0,600
2009-08-28,664.7479858398438,707.0,707.0,707.0,707.0,600
2009-08-31,681.6723022460938,725.0,725.0,721.0,721.0,400
2009-09-02,672.2699584960938,715.0,715.0,715.0,715.0,200
2009-09-03,672.2699584960938,715.0,715.0,715.0,715.0,200
2009-09-04,672.2699584960938,715.0,715.0,715.0,715.0,0
2009-09-07,662.8676147460938,705.0,705.0,700.0,700.0,1600
2009-09-08,700.47705078125,745.0,745.0,719.0,719.0,1000
2009-09-09,700.0068359375,744.5,744.5,744.5,744.5,1000
2009-09-10,716.93115234375,762.5,762.5,759.0,759.0,1400
2009-09-11,716.93115234375,762.5,762.5,762.5,762.5,0
2009-09-14,695.77587890625,740.0,765.0,740.0,765.0,2800
2009-09-15,691.0746459960938,735.0,740.0,735.0,740.0,1800
2009-09-16,681.6723022460938,725.0,725.0,725.0,725.0,200
2009-09-17,662.8676147460938,705.0,705.0,705.0,705.0,200
2009-09-18,688.7242431640625,732.5,740.0,732.5,737.5,1200
2009-09-21,688.7242431640625,732.5,732.5,732.5,732.5,0
2009-09-24,704.7080688476562,749.5,750.0,747.0,747.0,3200
2009-09-25,728.6842041015625,775.0,775.0,764.0,764.0,2400
2009-09-28,742.7877807617188,790.0,790.0,790.0,790.0,1000
2009-09-29,706.5885009765625,751.5,799.5,751.5,799.5,1200
2009-09-30,705.1784057617188,750.0,750.0,750.0,750.0,400
2009-10-01,695.77587890625,740.0,740.0,740.0,740.0,400
2009-10-02,695.77587890625,740.0,740.0,740.0,740.0,200
2009-10-05,695.77587890625,740.0,740.0,740.0,740.0,400
2009-10-06,695.77587890625,740.0,740.0,740.0,740.0,400
2009-10-07,695.77587890625,740.0,740.0,740.0,740.0,200
2009-10-08,705.1784057617188,750.0,750.0,750.0,750.0,800
2009-10-09,719.2818603515625,765.0,765.0,765.0,765.0,600
2009-10-13,733.3853759765625,780.0,780.0,780.0,780.0,600
2009-10-14,733.3853759765625,780.0,780.0,780.0,780.0,0
2009-10-15,691.0746459960938,735.0,735.0,735.0,735.0,200
2009-10-16,732.445068359375,779.0,779.0,778.5,778.5,400
2009-10-19,747.0187377929688,794.5,794.5,794.5,794.5,1600
2009-10-20,752.1902465820312,800.0,800.0,800.0,800.0,2000
2009-10-21,767.2339477539062,816.0,816.0,816.0,816.0,3400
2009-10-22,767.2339477539062,816.0,816.0,816.0,816.0,400
2009-10-23,724.9232788085938,771.0,771.0,771.0,771.0,1200
2009-10-26,724.4530639648438,770.5,770.5,770.5,770.5,200
2009-10-27,724.4530639648438,770.5,770.5,770.5,770.5,0
2009-10-28,755.0108642578125,803.0,803.0,803.0,803.0,600
2009-10-29,761.592529296875,810.0,810.0,807.5,807.5,1000
2009-10-30,761.592529296875,810.0,810.0,810.0,810.0,0
2009-11-02,761.592529296875,810.0,810.0,810.0,810.0,200
2009-11-04,761.592529296875,810.0,810.0,810.0,810.0,400
2009-11-05,761.592529296875,810.0,810.0,810.0,810.0,200
2009-11-06,719.2818603515625,765.0,765.0,765.0,765.0,1200
2009-11-09,733.3853759765625,780.0,780.0,780.0,780.0,800
2009-11-10,747.9590454101562,795.5,795.5,795.5,795.5,1000
2009-11-11,761.592529296875,810.0,810.0,810.0,810.0,800
2009-11-12,761.592529296875,810.0,810.0,810.0,810.0,400
2009-11-13,761.592529296875,810.0,810.0,810.0,810.0,0
2009-11-16,736.6762084960938,783.5,783.5,783.5,783.5,200
2009-11-17,736.2061157226562,783.0,783.0,783.0,783.0,200
2009-11-18,747.4888916015625,795.0,795.0,795.0,795.0,1000
2009-11-19,761.592529296875,810.0,810.0,810.0,810.0,1400
2009-11-20,780.3973388671875,830.0,830.0,826.0,826.0,1600
2009-11-24,723.9829711914062,770.0,830.0,770.0,830.0,600
2009-11-25,723.9829711914062,770.0,770.0,770.0,770.0,0
2009-11-26,723.9829711914062,770.0,770.0,770.0,770.0,0
2009-11-27,739.4969482421875,786.5,786.5,786.5,786.5,400
2009-11-30,754.0706176757812,802.0,802.0,802.0,802.0,600
2009-12-01,769.1145629882812,818.0,818.0,818.0,818.0,600
2009-12-02,769.1145629882812,818.0,818.0,818.0,818.0,0
2009-12-03,738.0865478515625,785.0,785.0,785.0,785.0,200
2009-12-04,738.0865478515625,785.0,785.0,785.0,785.0,0
2009-12-07,770.9948120117188,820.0,820.0,820.0,820.0,400
2009-12-08,786.03857421875,836.0,836.0,836.0,836.0,600
2009-12-09,794.5009155273438,845.0,845.0,845.0,845.0,600
2009-12-10,738.0865478515625,785.0,845.0,785.0,845.0,1000
2009-12-11,766.2936401367188,815.0,815.0,815.0,815.0,200
2009-12-14,766.2936401367188,815.0,815.0,815.0,815.0,0
2009-12-15,766.2936401367188,815.0,815.0,815.0,815.0,0
2009-12-16,766.2936401367188,815.0,815.0,815.0,815.0,200
2009-12-17,780.3973388671875,830.0,830.0,830.0,830.0,600
2009-12-18,795.9111328125,846.5,846.5,846.5,846.5,1000
2009-12-21,811.4251708984375,863.0,863.0,863.0,863.0,1200
2009-12-22,813.3054809570312,865.0,872.5,865.0,872.5,1400
2009-12-24,818.0067138671875,870.0,875.0,845.0,875.0,1400
2009-12-25,818.0067138671875,870.0,870.0,850.0,850.0,1000
2009-12-28,818.0067138671875,870.0,885.0,826.0,885.0,1000
2009-12-29,818.0067138671875,870.0,870.0,870.0,870.0,600
2009-12-30,776.63623046875,826.0,835.0,826.0,835.0,400
2010-01-04,776.63623046875,826.0,826.0,826.0,826.0,0
2010-01-05,776.63623046875,826.0,826.0,826.0,826.0,0
2010-01-06,792.1502685546875,842.5,842.5,842.5,842.5,200
2010-01-07,799.2021484375,850.0,850.0,850.0,850.0,600
2010-01-08,813.3054809570312,865.0,865.0,865.0,865.0,600
2010-01-12,810.955078125,862.5,875.0,862.5,870.0,1200
2010-01-13,827.4091796875,880.0,880.0,879.5,879.5,3200
2010-01-14,818.0067138671875,870.0,872.5,870.0,872.5,400
2010-01-15,822.7079467773438,875.0,875.0,875.0,875.0,200
2010-01-18,790.2697143554688,840.5,892.5,840.5,892.5,3400
2010-01-19,805.7837524414062,857.0,857.0,857.0,857.0,600
2010-01-20,821.7677001953125,874.0,874.0,874.0,874.0,1600
2010-01-21,807.1940307617188,858.5,858.5,858.5,858.5,200
2010-01-22,818.0067138671875,870.0,870.0,870.0,870.0,200
2010-01-25,810.955078125,862.5,862.5,862.5,862.5,200
2010-01-26,821.7677001953125,874.0,874.0,872.5,872.5,400
2010-01-27,821.7677001953125,874.0,874.0,874.0,874.0,0
2010-01-28,822.7079467773438,875.0,875.0,875.0,875.0,800
2010-01-29,836.8115234375,890.0,890.0,890.0,890.0,600
2010-02-01,827.4091796875,880.0,890.0,875.0,890.0,1000
2010-02-02,822.7079467773438,875.0,875.0,875.0,875.0,400
2010-02-03,820.357421875,872.5,872.5,872.5,872.5,200
2010-02-04,799.2021484375,850.0,865.0,850.0,865.0,2000
2010-02-05,822.7079467773438,875.0,875.0,836.5,845.0,800
2010-02-08,818.0067138671875,870.0,870.0,870.0,870.0,800
2010-02-09,818.0067138671875,870.0,870.0,870.0,870.0,600
2010-02-10,820.357421875,872.5,872.5,872.5,872.5,600
2010-02-12,799.2021484375,850.0,872.5,850.0,872.5,400
2010-02-15,799.2021484375,850.0,850.0,850.0,850.0,0
2010-02-16,799.2021484375,850.0,850.0,850.0,850.0,200
2010-02-17,789.7996826171875,840.0,840.0,840.0,840.0,1000
2010-02-18,805.3136596679688,856.5,856.5,856.5,856.5,800
2010-02-19,799.2021484375,850.0,870.0,850.0,870.0,1200
2010-02-22,815.18603515625,867.0,867.0,867.0,867.0,1200
2010-02-23,815.18603515625,867.0,867.0,867.0,867.0,0
2010-02-24,808.6043701171875,860.0,860.0,860.0,860.0,200
2010-02-25,803.9031982421875,855.0,855.0,855.0,855.0,600
2010-02-26,803.9031982421875,855.0,855.0,855.0,855.0,0
2010-03-01,801.552734375,852.5,869.5,852.5,869.5,800
2010-03-02,817.5365600585938,869.5,869.5,869.5,869.5,600
2010-03-03,813.3054809570312,865.0,865.0,865.0,865.0,200
2010-03-04,799.2021484375,850.0,865.0,850.0,865.0,800
2010-03-05,813.3054809570312,865.0,865.0,865.0,865.0,600
2010-03-08,819.8873291015625,872.0,872.0,872.0,872.0,600
2010-03-09,828.3494262695312,881.0,881.0,881.0,881.0,800
2010-03-10,827.4091796875,880.0,880.0,880.0,880.0,1200
2010-03-11,827.4091796875,880.0,880.0,880.0,880.0,0
2010-03-12,826.4688720703125,879.0,879.0,879.0,879.0,400
2010-03-15,822.7079467773438,875.0,875.0,875.0,875.0,200
2010-03-16,826.93896484375,879.5,879.5,873.0,875.0,1600
2010-03-17,810.955078125,862.5,882.5,862.5,882.5,400
2010-03-18,829.7595825195312,882.5,882.5,882.5,882.5,200
2010-03-19,841.5126953125,895.0,895.0,895.0,895.0,1000
2010-03-23,857.966796875,912.5,915.0,912.5,912.5,2200
2010-03-24,869.7198486328125,925.0,925.0,925.0,925.0,600
2010-03-25,869.7198486328125,925.0,925.0,925.0,925.0,1200
2010-03-26,871.6004028320312,927.0,927.0,920.5,925.0,1400
2010-03-29,826.72119140625,875.0,890.0,875.0,890.0,800
2010-03-30,812.5487670898438,860.0,892.5,860.0,892.5,1200
2010-03-31,809.7144165039062,857.0,857.0,857.0,857.0,200
2010-04-01,809.7144165039062,857.0,857.0,857.0,857.0,0
2010-04-02,809.7144165039062,857.0,857.0,857.0,857.0,0
2010-04-05,829.5555419921875,878.0,878.0,838.0,838.0,400
2010-04-06,829.5555419921875,878.0,878.0,878.0,878.0,0
2010-04-07,826.72119140625,875.0,875.0,865.0,865.0,400
2010-04-08,798.3765258789062,845.0,875.5,845.0,875.5,1600
2010-04-09,793.65234375,840.0,861.5,840.0,861.5,800
2010-04-12,809.2420043945312,856.5,856.5,856.5,856.5,400
2010-04-13,796.4868774414062,843.0,843.0,843.0,843.0,200
2010-04-14,797.431640625,844.0,844.0,843.0,843.0,400
2010-04-15,804.517822265625,851.5,851.5,851.5,851.5,200
2010-04-16,804.517822265625,851.5,851.5,851.5,851.5,0
2010-04-19,820.5798950195312,868.5,868.5,868.5,868.5,1000
2010-04-20,826.72119140625,875.0,875.0,875.0,875.0,1000
2010-04-21,810.186767578125,857.5,889.5,857.5,889.5,1400
2010-04-22,810.186767578125,857.5,857.5,857.5,857.5,0
2010-04-23,810.186767578125,857.5,857.5,857.5,857.5,0
2010-04-26,810.186767578125,857.5,857.5,857.5,857.5,0
2010-04-27,800.7384643554688,847.5,855.0,845.5,855.0,600
2010-04-28,798.8489379882812,845.5,845.5,845.5,845.5,800
2010-04-30,814.4384765625,862.0,862.0,862.0,862.0,800
2010-05-06,814.4384765625,862.0,862.0,862.0,862.0,0
2010-05-07,812.5487670898438,860.0,860.0,860.0,860.0,600
2010-05-10,813.021240234375,860.5,860.5,860.5,860.5,600
2010-05-11,803.1007080078125,850.0,875.0,835.0,875.0,2000
2010-05-12,803.1007080078125,850.0,850.0,850.0,850.0,1000
2010-05-13,788.92822265625,835.0,843.5,835.0,843.5,800
2010-05-14,788.92822265625,835.0,835.0,835.0,835.0,200
2010-05-17,779.4800415039062,825.0,835.0,825.0,835.0,600
2010-05-18,788.92822265625,835.0,835.0,835.0,835.0,1200
2010-05-19,793.65234375,840.0,851.5,840.0,851.5,1200
2010-05-20,809.2420043945312,856.5,856.5,856.5,856.5,1200
2010-05-21,784.2041625976562,830.0,830.0,830.0,830.0,200
2010-05-24,779.952392578125,825.5,830.0,825.5,830.0,400
2010-05-25,779.4800415039062,825.0,825.0,825.0,825.0,400
2010-05-26,779.4800415039062,825.0,825.0,825.0,825.0,0
2010-05-27,784.2041625976562,830.0,850.0,827.5,827.5,600
2010-05-28,765.3076171875,810.0,810.0,810.0,810.0,1400
2010-05-31,780.4246826171875,826.0,826.0,826.0,826.0,200
2010-06-01,780.4246826171875,826.0,826.0,826.0,826.0,0
2010-06-02,780.4246826171875,826.0,826.0,826.0,826.0,0
2010-06-03,770.9765625,816.0,840.0,816.0,830.0,1800
2010-06-04,770.9765625,816.0,816.0,816.0,816.0,0
2010-06-07,772.8663330078125,818.0,818.0,818.0,818.0,200
2010-06-08,770.0316772460938,815.0,833.0,795.0,833.0,1200
2010-06-09,755.8594970703125,800.0,824.5,800.0,824.5,1000
2010-06-10,770.9765625,816.0,816.0,816.0,816.0,800
2010-06-11,750.1903686523438,794.0,801.0,794.0,801.0,400
2010-06-14,769.0869750976562,814.0,814.0,791.0,791.5,1800
2010-06-15,769.0869750976562,814.0,814.0,814.0,814.0,0
2010-06-16,747.35595703125,791.0,795.0,791.0,795.0,2000
2010-06-17,728.45947265625,771.0,771.0,771.0,771.0,200
2010-06-18,742.6318359375,786.0,786.0,786.0,786.0,1000
2010-06-21,757.2765502929688,801.5,801.5,801.5,801.5,2200
2010-06-22,756.8041381835938,801.0,801.0,801.0,801.0,1400
2010-06-23,756.8041381835938,801.0,801.0,801.0,801.0,0
2010-06-24,756.8041381835938,801.0,801.0,801.0,801.0,0
2010-06-25,770.0316772460938,815.0,815.0,800.0,800.0,600
2010-06-28,756.8041381835938,801.0,831.0,801.0,831.0,1200
2010-06-29,737.90771484375,781.0,781.0,781.0,781.0,800
2010-06-30,741.6869506835938,785.0,785.0,785.0,785.0,800
2010-07-01,741.6869506835938,785.0,785.0,785.0,785.0,0
2010-07-02,741.6869506835938,785.0,785.0,785.0,785.0,400
2010-07-05,741.6869506835938,785.0,785.0,785.0,785.0,0
2010-07-06,741.6869506835938,785.0,785.0,785.0,785.0,0
2010-07-07,741.6869506835938,785.0,785.0,785.0,785.0,600
2010-07-08,732.23876953125,775.0,784.5,775.0,784.5,1200
2010-07-09,718.5387573242188,760.5,784.5,750.0,784.5,1200
2010-07-12,732.7112426757812,775.5,775.5,775.5,775.5,1000
2010-07-13,729.8768310546875,772.5,772.5,772.5,772.5,200
2010-07-14,729.8768310546875,772.5,772.5,772.5,772.5,0
2010-07-15,736.962890625,780.0,780.0,780.0,780.0,200
2010-07-16,736.962890625,780.0,780.0,780.0,780.0,400
2010-07-21,779.4800415039062,825.0,825.0,811.0,811.0,800
2010-07-22,795.069580078125,841.5,841.5,841.5,841.5,600
2010-07-23,795.069580078125,841.5,841.5,841.5,841.5,0
2010-07-26,819.6350708007812,867.5,867.5,867.5,867.5,200
2010-07-27,821.0521240234375,869.0,875.0,869.0,869.0,1000
2010-07-28,837.1142578125,886.0,886.0,886.0,886.0,600
2010-07-29,826.248779296875,874.5,874.5,874.5,874.5,800
2010-07-30,803.1007080078125,850.0,850.0,850.0,850.0,200
2010-08-02,803.1007080078125,850.0,850.0,850.0,850.0,0
2010-08-03,803.1007080078125,850.0,850.0,850.0,850.0,0
2010-08-04,803.1007080078125,850.0,850.0,850.0,850.0,0
2010-08-05,803.1007080078125,850.0,860.0,850.0,860.0,400
2010-08-06,821.0521240234375,869.0,869.0,869.0,869.0,400
2010-08-09,821.9970092773438,870.0,870.0,849.0,849.0,800
2010-08-10,821.0521240234375,869.0,869.0,869.0,869.0,600
2010-08-11,779.4800415039062,825.0,865.0,825.0,865.0,1000
2010-08-12,779.4800415039062,825.0,825.0,825.0,825.0,0
2010-08-13,779.4800415039062,825.0,825.0,825.0,825.0,0
2010-08-16,779.4800415039062,825.0,825.0,825.0,825.0,0
2010-08-17,812.5487670898438,860.0,860.0,860.0,860.0,400
2010-08-18,803.1007080078125,850.0,874.0,850.0,874.0,2600
2010-08-19,812.5487670898438,860.0,860.0,860.0,860.0,1400
2010-08-20,803.1007080078125,850.0,875.0,850.0,875.0,2200
2010-08-23,765.3076171875,810.0,810.0,810.0,810.0,200
2010-08-24,803.1007080078125,850.0,850.0,850.0,850.0,200
2010-08-25,803.1007080078125,850.0,850.0,850.0,850.0,0
2010-08-26,803.1007080078125,850.0,850.0,850.0,850.0,0
2010-08-27,807.82470703125,855.0,855.0,855.0,855.0,200
2010-08-30,803.1007080078125,850.0,860.0,850.0,860.0,1000
2010-08-31,774.7557983398438,820.0,860.0,820.0,860.0,1000
2010-09-01,774.7557983398438,820.0,820.0,820.0,820.0,0
2010-09-02,774.7557983398438,820.0,820.0,820.0,820.0,0
2010-09-03,774.7557983398438,820.0,820.0,820.0,820.0,0
2010-09-06,774.7557983398438,820.0,820.0,820.0,820.0,0
2010-09-07,798.3765258789062,845.0,845.0,845.0,845.0,600
2010-09-08,798.3765258789062,845.0,845.0,845.0,845.0,1200
2010-09-09,788.92822265625,835.0,850.0,835.0,850.0,2400
2010-09-10,788.92822265625,835.0,835.0,835.0,835.0,0
2010-09-13,803.1007080078125,850.0,850.0,850.0,850.0,400
2010-09-14,803.1007080078125,850.0,850.0,850.0,850.0,0
2010-09-16,804.990234375,852.0,852.0,852.0,852.0,200
2010-09-17,804.990234375,852.0,852.0,852.0,852.0,0
2010-09-21,826.72119140625,875.0,875.0,869.0,869.0,1000
2010-09-22,831.4453125,880.0,892.5,880.0,892.0,1800
2010-09-24,847.9796752929688,897.5,897.5,897.5,897.5,3200
2010-09-27,851.7589721679688,901.5,905.0,900.0,900.0,1000
2010-09-28,797.189453125,840.0,874.5,825.0,874.5,1800
2010-09-29,812.8485717773438,856.5,856.5,856.5,856.5,800
2010-09-30,778.208740234375,820.0,820.0,800.0,820.0,800
2010-10-01,778.208740234375,820.0,820.0,820.0,820.0,0
2010-10-04,787.69921875,830.0,830.0,830.0,830.0,200
2010-10-05,787.69921875,830.0,830.0,830.0,830.0,200
2010-10-06,787.69921875,830.0,830.0,830.0,830.0,400
2010-10-07,754.0082397460938,794.5,800.0,790.0,790.0,2000
2010-10-08,759.2281494140625,800.0,800.0,790.5,790.5,600
2010-10-12,773.4635620117188,815.0,816.0,815.0,816.0,1400
2010-10-13,777.7342529296875,819.5,819.5,819.5,819.5,1800
2010-10-14,778.208740234375,820.0,820.0,820.0,820.0,200
2010-10-15,761.6007080078125,802.5,802.5,800.5,800.5,600
2010-10-18,761.6007080078125,802.5,802.5,802.5,802.5,600
2010-10-19,825.6604614257812,870.0,870.0,818.5,818.5,600
2010-10-20,806.679931640625,850.0,925.0,850.0,887.0,3400
2010-10-21,797.189453125,840.0,840.0,840.0,840.0,200
2010-10-22,797.189453125,840.0,840.0,840.0,840.0,200
2010-10-25,797.189453125,840.0,840.0,840.0,840.0,200
2010-10-26,797.189453125,840.0,840.0,840.0,840.0,200
2010-10-27,797.189453125,840.0,840.0,840.0,840.0,200
2010-10-28,812.8485717773438,856.5,856.5,856.5,856.5,600
2010-10-29,828.982177734375,873.5,873.5,873.5,873.5,400
2010-11-01,813.3231201171875,857.0,857.0,857.0,857.0,200
2010-11-02,812.8485717773438,856.5,856.5,856.5,856.5,200
2010-11-04,828.982177734375,873.5,873.5,871.5,871.5,400
2010-11-05,828.982177734375,873.5,873.5,873.5,873.5,400
2010-11-08,812.8485717773438,856.5,890.5,856.0,890.5,1200
2010-11-09,828.982177734375,873.5,873.5,873.5,873.5,800
2010-11-10,843.2177124023438,888.5,888.5,888.5,888.5,800
2010-11-11,839.89599609375,885.0,890.0,857.0,890.0,1800
2010-11-12,820.915283203125,865.0,865.0,861.5,861.5,400
2010-11-15,816.170166015625,860.0,860.0,835.0,860.0,1800
2010-11-16,794.8168334960938,837.5,837.5,837.5,837.5,200
2010-11-17,794.8168334960938,837.5,837.5,837.5,837.5,200
2010-11-18,810.9505615234375,854.5,854.5,854.0,854.0,400
2010-11-19,797.189453125,840.0,860.0,840.0,860.0,1400
2010-11-22,812.8485717773438,856.5,856.5,856.5,856.5,1200
2010-11-24,812.8485717773438,856.5,856.5,856.5,856.5,1200
2010-11-25,816.170166015625,860.0,860.0,860.0,860.0,400
2010-11-26,808.1033935546875,851.5,860.0,851.5,860.0,400
2010-11-29,806.679931640625,850.0,868.5,850.0,868.5,1000
2010-11-30,822.8134765625,867.0,867.0,867.0,867.0,1200
2010-12-01,822.8134765625,867.0,867.0,867.0,867.0,1200
2010-12-02,806.679931640625,850.0,865.0,850.0,865.0,600
2010-12-03,806.679931640625,850.0,850.0,850.0,850.0,600
2010-12-06,816.170166015625,860.0,860.0,860.0,860.0,200
2010-12-07,816.170166015625,860.0,860.0,860.0,860.0,800
2010-12-08,815.22119140625,859.0,859.5,859.0,859.5,800
2010-12-09,820.4407958984375,864.5,864.5,864.5,864.5,600
2010-12-10,820.915283203125,865.0,865.0,865.0,865.0,1000
2010-12-13,820.915283203125,865.0,865.0,865.0,865.0,200
2010-12-14,820.915283203125,865.0,865.0,865.0,865.0,600
2010-12-15,820.915283203125,865.0,865.0,865.0,865.0,400
2010-12-16,820.915283203125,865.0,865.0,865.0,865.0,400
2010-12-17,821.3898315429688,865.5,865.5,865.5,865.5,2000
2010-12-20,846.5393676757812,892.0,892.0,872.5,872.5,1800
2010-12-21,846.5393676757812,892.0,892.0,892.0,892.0,1200
2010-12-22,844.6412963867188,890.0,890.0,890.0,890.0,1400
2010-12-24,844.6412963867188,890.0,890.0,867.5,890.0,1800
2010-12-27,839.89599609375,885.0,885.0,870.0,870.0,800
2010-12-28,824.2369995117188,868.5,868.5,868.5,868.5,800
2010-12-29,840.37060546875,885.5,885.5,885.5,885.5,400
2010-12-30,830.40576171875,875.0,875.0,875.0,875.0,400
2011-01-04,830.40576171875,875.0,875.0,875.0,875.0,400
2011-01-05,844.166748046875,889.5,890.0,889.5,890.0,1000
2011-01-06,842.2686157226562,887.5,887.5,887.5,887.5,600
2011-01-07,841.3197631835938,886.5,886.5,886.5,886.5,200
2011-01-11,841.3197631835938,886.5,887.0,886.5,886.5,1400
2011-01-12,842.2686157226562,887.5,887.5,887.5,887.5,800
2011-01-13,843.2177124023438,888.5,888.5,888.0,888.0,1000
2011-01-14,844.6412963867188,890.0,900.0,888.5,888.5,1400
2011-01-17,853.6570434570312,899.5,900.0,889.0,900.0,1000
2011-01-18,856.5042114257812,902.5,902.5,902.5,902.5,1200
2011-01-19,877.8574829101562,925.0,925.0,920.5,920.5,800
2011-01-20,896.3637084960938,944.5,950.0,943.5,943.5,800
2011-01-21,896.3637084960938,944.5,944.5,944.5,944.5,800
2011-01-24,858.40234375,904.5,904.5,904.5,904.5,800
2011-01-25,877.3829345703125,924.5,924.5,904.5,904.5,1200
2011-01-26,877.3829345703125,924.5,924.5,924.5,924.5,0
2011-01-27,863.621826171875,910.0,910.0,910.0,910.0,1000
2011-01-28,858.8766479492188,905.0,905.0,905.0,905.0,1400
2011-01-31,863.621826171875,910.0,910.0,910.0,910.0,1600
2011-02-01,863.621826171875,910.0,910.0,910.0,910.0,1600
2011-02-02,863.621826171875,910.0,910.0,910.0,910.0,400
2011-02-03,863.621826171875,910.0,910.0,910.0,910.0,800
2011-02-04,877.8574829101562,925.0,925.0,915.0,919.5,1000
2011-02-07,887.3477783203125,935.0,935.0,925.0,925.0,1800
2011-02-08,872.6378173828125,919.5,940.0,908.5,935.0,6800
2011-02-09,867.41796875,914.0,915.0,900.5,915.0,2400
2011-02-10,853.6570434570312,899.5,912.5,899.5,912.5,3800
2011-02-14,858.8766479492188,905.0,905.0,900.0,900.0,2200
2011-02-15,856.5042114257812,902.5,905.0,902.5,905.0,800
2011-02-16,854.131591796875,900.0,905.0,900.0,900.5,3400
2011-02-17,854.131591796875,900.0,900.0,900.0,900.0,200
2011-02-18,854.131591796875,900.0,900.0,900.0,900.0,3000
2011-02-21,858.8766479492188,905.0,905.0,905.0,905.0,2400
2011-02-22,863.621826171875,910.0,923.0,910.0,923.0,3200
2011-02-23,861.2493286132812,907.5,910.0,907.5,910.0,600
2011-02-24,863.621826171875,910.0,910.0,910.0,910.0,400
2011-02-25,863.621826171875,910.0,910.0,910.0,910.0,600
2011-02-28,858.8766479492188,905.0,910.0,900.0,905.0,4400
2011-03-01,854.131591796875,900.0,910.0,900.0,910.0,3800
2011-03-02,854.131591796875,900.0,900.0,899.0,900.0,2400
2011-03-03,858.40234375,904.5,905.0,904.5,905.0,600
2011-03-04,856.5042114257812,902.5,902.5,900.0,900.0,1800
2011-03-07,851.7589721679688,897.5,900.0,895.0,900.0,4600
2011-03-08,851.7589721679688,897.5,897.5,897.5,897.5,0
2011-03-09,851.7589721679688,897.5,897.5,897.5,897.5,2800
2011-03-10,847.4884033203125,893.0,897.5,893.0,897.5,4400
2011-03-11,844.6412963867188,890.0,895.0,890.0,890.0,1200
2011-03-14,844.6412963867188,890.0,890.0,890.0,890.0,0
2011-03-15,806.679931640625,850.0,874.5,840.5,874.0,2000
2011-03-16,829.9312133789062,874.5,875.0,825.0,835.0,1800
2011-03-17,844.6412963867188,890.0,890.0,885.0,885.0,1400
2011-03-18,839.89599609375,885.0,895.0,885.0,895.0,3000
2011-03-22,851.7589721679688,897.5,900.0,895.0,900.0,3400
2011-03-23,854.131591796875,900.0,1015.0,897.5,912.5,4600
2011-03-24,854.131591796875,900.0,922.5,900.0,905.0,1800
2011-03-25,858.8766479492188,905.0,905.0,901.0,905.0,1000
2011-03-28,861.2493286132812,907.5,910.0,904.0,905.0,8600
2011-03-29,857.4342651367188,899.0,900.0,890.0,890.0,2000
2011-03-30,858.3880615234375,900.0,900.0,885.0,897.0,1000
2011-03-31,858.3880615234375,900.0,900.0,899.0,900.0,700
2011-04-01,858.3880615234375,900.0,900.0,900.0,900.0,500
2011-04-04,858.3880615234375,900.0,900.0,900.0,900.0,600
2011-04-05,851.7117919921875,893.0,901.0,893.0,901.0,600
2011-04-06,858.3880615234375,900.0,900.0,900.0,900.0,100
2011-04-07,839.312744140625,880.0,892.0,880.0,892.0,1000
2011-04-08,857.4342651367188,899.0,899.0,897.0,897.0,700
2011-04-11,840.2664794921875,881.0,893.0,880.0,885.0,1500
2011-04-12,848.8504638671875,890.0,893.0,853.0,880.0,2600
2011-04-13,834.5440063476562,875.0,875.0,860.0,860.0,1400
2011-04-14,824.0525512695312,864.0,865.0,850.0,863.0,2600
2011-04-15,822.14501953125,862.0,864.0,850.0,864.0,1300
2011-04-18,828.8212890625,869.0,874.0,860.0,874.0,3300
2011-04-19,832.6365356445312,873.0,886.0,873.0,886.0,1500
2011-04-20,846.9429321289062,888.0,888.0,888.0,888.0,1300
2011-04-21,846.9429321289062,888.0,888.0,888.0,888.0,1300
2011-04-22,846.9429321289062,888.0,888.0,888.0,888.0,1300
2011-04-25,851.7117919921875,893.0,900.0,881.0,899.0,700
2011-04-26,851.7117919921875,893.0,893.0,893.0,893.0,700
2011-04-27,851.7117919921875,893.0,893.0,893.0,893.0,700
2011-04-28,856.48046875,898.0,899.0,898.0,899.0,1100
2011-05-02,856.48046875,898.0,898.0,898.0,898.0,0
2011-05-06,858.3880615234375,900.0,900.0,900.0,900.0,0
2011-05-09,858.3880615234375,900.0,900.0,900.0,900.0,0
2011-05-10,862.2031860351562,904.0,904.0,898.0,901.0,700
2011-05-11,853.6193237304688,895.0,918.0,895.0,918.0,900
2011-05-12,858.3880615234375,900.0,924.0,900.0,917.0,700
2011-05-13,882.232177734375,925.0,925.0,905.0,925.0,400
2011-05-16,868.8794555664062,911.0,925.0,906.0,925.0,500
2011-05-17,868.8794555664062,911.0,911.0,911.0,911.0,500
2011-05-18,877.4634399414062,920.0,929.0,920.0,929.0,1400
2011-05-19,877.4634399414062,920.0,929.0,920.0,929.0,1700
2011-05-20,877.4634399414062,920.0,930.0,906.0,930.0,1700
2011-05-23,864.1106567382812,906.0,906.0,906.0,906.0,200
2011-05-24,860.295654296875,902.0,902.0,902.0,902.0,300
2011-05-25,860.295654296875,902.0,902.0,902.0,902.0,700
2011-05-26,872.694580078125,915.0,915.0,900.0,900.0,700
2011-05-27,856.48046875,898.0,904.0,898.0,903.0,900
2011-05-30,856.48046875,898.0,898.0,898.0,898.0,0
2011-05-31,856.48046875,898.0,898.0,898.0,898.0,0
2011-06-01,848.8504638671875,890.0,900.0,886.0,890.0,2200
2011-06-02,841.2202758789062,882.0,884.0,882.0,884.0,1800
2011-06-03,840.2664794921875,881.0,881.0,881.0,881.0,800
2011-06-06,853.6193237304688,895.0,895.0,894.0,894.0,300
2011-06-07,841.2202758789062,882.0,882.0,880.0,881.0,2100
2011-06-08,852.6654052734375,894.0,894.0,880.0,890.0,1600
2011-06-09,858.3880615234375,900.0,900.0,900.0,900.0,600
2011-06-10,842.1741333007812,883.0,899.0,883.0,890.0,1200
2011-06-13,839.312744140625,880.0,885.0,880.0,881.0,2200
2011-06-14,839.312744140625,880.0,894.0,880.0,894.0,800
2011-06-15,839.312744140625,880.0,880.0,880.0,880.0,800
2011-06-16,847.8965454101562,889.0,889.0,877.0,880.0,1200
2011-06-17,839.312744140625,880.0,889.0,880.0,889.0,800
2011-06-20,839.312744140625,880.0,893.0,880.0,893.0,2500
2011-06-21,841.2202758789062,882.0,903.0,880.0,897.0,2000
2011-06-22,843.1278076171875,884.0,899.0,884.0,899.0,2400
2011-06-23,843.1278076171875,884.0,898.0,884.0,891.0,1200
2011-06-24,840.2664794921875,881.0,890.0,880.0,880.0,2600
2011-06-27,839.312744140625,880.0,896.0,877.0,892.0,3400
2011-06-28,847.8965454101562,889.0,890.0,882.0,890.0,2100
2011-06-29,851.7117919921875,893.0,897.0,882.0,897.0,2000
2011-06-30,839.312744140625,880.0,900.0,880.0,900.0,4700
2011-07-01,845.9891357421875,887.0,887.0,885.0,885.0,600
2011-07-04,849.8042602539062,891.0,892.0,882.0,887.0,1500
2011-07-05,846.9429321289062,888.0,888.0,880.0,884.0,1700
2011-07-06,843.1278076171875,884.0,884.0,880.0,880.0,2400
2011-07-07,843.1278076171875,884.0,884.0,881.0,882.0,800
2011-07-08,845.9891357421875,887.0,887.0,884.0,884.0,1000
2011-07-11,858.3880615234375,900.0,900.0,886.0,892.0,3600
2011-07-12,850.7579345703125,892.0,900.0,881.0,900.0,2000
2011-07-13,848.8504638671875,890.0,900.0,880.0,880.0,1900
2011-07-14,845.0353393554688,886.0,886.0,886.0,886.0,100
2011-07-15,845.0353393554688,886.0,886.0,886.0,886.0,100
2011-07-19,846.9429321289062,888.0,894.0,888.0,894.0,2100
2011-07-20,846.9429321289062,888.0,892.0,884.0,891.0,2700
2011-07-21,839.312744140625,880.0,898.0,880.0,898.0,3400
2011-07-22,851.7117919921875,893.0,893.0,889.0,889.0,400
2011-07-25,843.1278076171875,884.0,888.0,880.0,888.0,2200
2011-07-26,847.8965454101562,889.0,889.0,887.0,887.0,300
2011-07-27,843.1278076171875,884.0,893.0,884.0,889.0,1100
2011-07-28,855.5267944335938,897.0,897.0,889.0,889.0,1100
2011-07-29,856.48046875,898.0,898.0,898.0,898.0,900
2011-08-01,858.3880615234375,900.0,900.0,897.0,897.0,400
2011-08-02,860.295654296875,902.0,902.0,900.0,900.0,400
2011-08-03,864.1106567382812,906.0,906.0,906.0,906.0,300
2011-08-04,864.1106567382812,906.0,906.0,906.0,906.0,300
2011-08-05,856.48046875,898.0,898.0,898.0,898.0,200
2011-08-08,864.1106567382812,906.0,906.0,895.0,906.0,900
2011-08-09,848.8504638671875,890.0,900.0,882.0,900.0,2100
2011-08-10,864.1106567382812,906.0,906.0,906.0,906.0,800
2011-08-11,864.1106567382812,906.0,906.0,893.0,893.0,1600
2011-08-12,864.1106567382812,906.0,907.0,906.0,906.0,1100
2011-08-15,866.0181884765625,908.0,908.0,905.0,906.0,400
2011-08-16,867.9255981445312,910.0,910.0,908.0,908.0,400
2011-08-17,877.4634399414062,920.0,920.0,907.0,907.0,600
2011-08-18,893.6773071289062,937.0,938.0,936.0,938.0,1900
2011-08-19,875.555908203125,918.0,918.0,904.0,910.0,2400
2011-08-22,853.6193237304688,895.0,937.0,895.0,900.0,3200
2011-08-23,847.8965454101562,889.0,890.0,889.0,890.0,1100
2011-08-24,848.8504638671875,890.0,890.0,881.0,883.0,2700
2011-08-25,846.9429321289062,888.0,898.0,888.0,896.0,1400
2011-08-26,846.9429321289062,888.0,899.0,888.0,899.0,1700
2011-08-29,855.5267944335938,897.0,897.0,885.0,895.0,2200
2011-08-30,848.8504638671875,890.0,895.0,883.0,883.0,2600
2011-08-31,853.6193237304688,895.0,895.0,890.0,890.0,600
2011-09-01,853.6193237304688,895.0,898.0,895.0,895.0,400
2011-09-02,858.3880615234375,900.0,900.0,895.0,895.0,600
2011-09-05,877.4634399414062,920.0,920.0,910.0,910.0,1600
2011-09-06,880.3246459960938,923.0,923.0,920.0,920.0,300
2011-09-07,883.1859130859375,926.0,926.0,920.0,922.0,1400
2011-09-08,887.0009765625,930.0,930.0,930.0,930.0,1200
2011-09-09,899.4000244140625,943.0,949.0,943.0,948.0,1100
2011-09-12,887.954833984375,931.0,950.0,931.0,950.0,1100
2011-09-13,887.0009765625,930.0,931.0,930.0,931.0,500
2011-09-14,882.232177734375,925.0,935.0,910.0,935.0,2400
2011-09-15,877.4634399414062,920.0,930.0,910.0,930.0,1500
2011-09-16,882.232177734375,925.0,934.0,910.0,934.0,1800
2011-09-20,877.4634399414062,920.0,940.0,920.0,940.0,3100
2011-09-21,875.555908203125,918.0,938.0,918.0,938.0,2900
2011-09-22,892.7236938476562,936.0,936.0,923.0,936.0,2900
2011-09-26,906.0762939453125,950.0,950.0,920.0,941.0,4400
2011-09-27,906.0762939453125,950.0,950.0,925.0,925.0,3900
2011-09-28,873.5111083984375,912.0,912.0,885.0,886.0,2400
2011-09-29,852.439697265625,890.0,915.0,890.0,915.0,1800
2011-09-30,862.0177001953125,900.0,909.0,892.0,909.0,800
2011-10-03,848.6085205078125,886.0,891.0,886.0,891.0,1500
2011-10-04,847.650634765625,885.0,887.0,885.0,887.0,2200
2011-10-05,846.6929321289062,884.0,885.0,880.0,885.0,1600
2011-10-06,846.6929321289062,884.0,895.0,884.0,895.0,1200
2011-10-07,842.8616333007812,880.0,880.0,880.0,880.0,500
2011-10-11,851.4818115234375,889.0,894.0,881.0,894.0,1100
2011-10-12,851.4818115234375,889.0,902.0,881.0,902.0,1300
2011-10-13,843.8194580078125,881.0,905.0,881.0,905.0,1800
2011-10-14,842.8616333007812,880.0,888.0,880.0,888.0,1300
2011-10-17,850.5240478515625,888.0,888.0,885.0,888.0,1000
2011-10-18,852.439697265625,890.0,890.0,884.0,888.0,1700
2011-10-19,847.650634765625,885.0,888.0,885.0,888.0,1700
2011-10-20,853.3975219726562,891.0,893.0,880.0,893.0,2300
2011-10-21,842.8616333007812,880.0,881.0,880.0,881.0,2100
2011-10-24,842.8616333007812,880.0,880.0,880.0,880.0,100
2011-10-25,843.8194580078125,881.0,882.0,880.0,880.0,700
2011-10-26,833.28369140625,870.0,879.0,870.0,879.0,3200
2011-10-27,840.9459838867188,878.0,880.0,878.0,878.0,300
2011-10-28,838.07275390625,875.0,880.0,875.0,880.0,1000
2011-10-31,845.7349853515625,883.0,883.0,883.0,883.0,1200
2011-11-01,843.8194580078125,881.0,881.0,881.0,881.0,100
2011-11-02,846.6929321289062,884.0,884.0,880.0,883.0,600
2011-11-04,842.8616333007812,880.0,880.0,880.0,880.0,100
2011-11-07,846.6929321289062,884.0,884.0,884.0,884.0,100
2011-11-08,845.7349853515625,883.0,889.0,883.0,889.0,800
2011-11-09,855.31298828125,893.0,900.0,893.0,900.0,800
2011-11-10,871.5955810546875,910.0,910.0,910.0,910.0,700
2011-11-11,844.7772216796875,882.0,888.0,880.0,886.0,600
2011-11-14,851.4818115234375,889.0,889.0,880.0,880.0,1000
2011-11-15,842.8616333007812,880.0,881.0,880.0,881.0,1200
2011-11-16,842.8616333007812,880.0,880.0,880.0,880.0,200
2011-11-17,841.9039306640625,879.0,884.0,878.0,879.0,800
2011-11-18,841.9039306640625,879.0,879.0,879.0,879.0,1500
2011-11-21,847.650634765625,885.0,885.0,878.0,885.0,1900
2011-11-22,847.650634765625,885.0,885.0,885.0,885.0,0
2011-11-24,842.8616333007812,880.0,885.0,875.0,885.0,1200
2011-11-25,838.07275390625,875.0,885.0,872.0,878.0,1100
2011-11-28,842.8616333007812,880.0,884.0,871.0,884.0,1300
2011-11-29,837.1149291992188,874.0,880.0,874.0,878.0,1300
2011-11-30,834.2415161132812,871.0,873.0,871.0,871.0,500
2011-12-01,834.2415161132812,871.0,879.0,870.0,870.0,1000
2011-12-02,839.98828125,877.0,877.0,877.0,877.0,200
2011-12-05,836.1571044921875,873.0,884.0,873.0,879.0,700
2011-12-06,838.07275390625,875.0,885.0,875.0,883.0,800
2011-12-07,838.07275390625,875.0,875.0,874.0,874.0,700
2011-12-08,837.1149291992188,874.0,884.0,874.0,883.0,1600
2011-12-09,845.7349853515625,883.0,884.0,875.0,884.0,1300
2011-12-12,850.5240478515625,888.0,895.0,878.0,890.0,1800
2011-12-13,860.1019287109375,898.0,898.0,898.0,898.0,1200
2011-12-14,841.9039306640625,879.0,897.0,879.0,884.0,1800
2011-12-15,842.8616333007812,880.0,891.0,880.0,891.0,1000
2011-12-16,842.8616333007812,880.0,891.0,880.0,891.0,1000
2011-12-19,842.8616333007812,880.0,885.0,880.0,880.0,1500
2011-12-20,852.439697265625,890.0,890.0,889.0,889.0,1100
2011-12-21,841.9039306640625,879.0,880.0,879.0,880.0,2700
2011-12-22,842.8616333007812,880.0,885.0,880.0,880.0,1000
2011-12-26,842.8616333007812,880.0,880.0,880.0,880.0,0
2011-12-27,843.8194580078125,881.0,882.0,881.0,882.0,400
2011-12-28,847.650634765625,885.0,885.0,881.0,885.0,1300
2011-12-29,861.059814453125,899.0,899.0,894.0,894.0,1400
2011-12-30,842.8616333007812,880.0,899.0,880.0,899.0,1700
2012-01-04,860.1019287109375,898.0,898.0,894.0,894.0,400
2012-01-05,860.1019287109375,898.0,900.0,895.0,899.0,400
2012-01-06,857.2286987304688,895.0,895.0,886.0,888.0,1300
2012-01-10,857.2286987304688,895.0,905.0,895.0,905.0,1200
2012-01-11,852.439697265625,890.0,900.0,890.0,900.0,1900
2012-01-12,852.439697265625,890.0,905.0,886.0,905.0,2300
2012-01-13,849.5662231445312,887.0,898.0,886.0,898.0,1200
2012-01-16,850.5240478515625,888.0,897.0,888.0,895.0,1400
2012-01-17,847.650634765625,885.0,896.0,885.0,888.0,1600
2012-01-18,842.8616333007812,880.0,899.0,879.0,899.0,4800
2012-01-19,845.7349853515625,883.0,884.0,881.0,884.0,1800
2012-01-20,842.8616333007812,880.0,889.0,880.0,889.0,1600
2012-01-23,842.8616333007812,880.0,887.0,877.0,887.0,3100
2012-01-24,842.8616333007812,880.0,880.0,880.0,880.0,500
2012-01-25,846.6929321289062,884.0,884.0,876.0,880.0,2600
2012-01-26,851.4818115234375,889.0,889.0,884.0,884.0,300
2012-01-27,857.2286987304688,895.0,899.0,886.0,886.0,1200
2012-01-30,862.9754028320312,901.0,908.0,901.0,904.0,1400
2012-01-31,869.679931640625,908.0,915.0,900.0,915.0,1200
2012-02-01,869.679931640625,908.0,908.0,908.0,908.0,1200
2012-02-02,866.8065795898438,905.0,911.0,905.0,910.0,500
2012-02-03,860.1019287109375,898.0,900.0,898.0,900.0,400
2012-02-06,864.8909301757812,903.0,911.0,900.0,900.0,700
2012-02-07,877.3424682617188,916.0,916.0,904.0,904.0,500
2012-02-08,872.5534057617188,911.0,920.0,911.0,920.0,1100
2012-02-09,876.3845825195312,915.0,923.0,905.0,920.0,3100
2012-02-10,866.8065795898438,905.0,928.0,900.0,928.0,4300
2012-02-13,870.6378173828125,909.0,911.0,900.0,900.0,2600
2012-02-14,862.0177001953125,900.0,912.0,900.0,912.0,1100
2012-02-15,866.8065795898438,905.0,906.0,901.0,906.0,1000
2012-02-16,865.8488159179688,904.0,905.0,902.0,905.0,500
2012-02-17,871.5955810546875,910.0,910.0,900.0,900.0,1500
2012-02-20,868.7222290039062,907.0,909.0,901.0,901.0,3300
2012-02-21,863.9332885742188,902.0,906.0,902.0,906.0,1900
2012-02-22,870.6378173828125,909.0,910.0,902.0,910.0,2700
2012-02-23,863.9332885742188,902.0,904.0,902.0,902.0,1600
2012-02-24,866.8065795898438,905.0,909.0,901.0,901.0,1900
2012-02-27,871.5955810546875,910.0,910.0,902.0,907.0,2500
2012-02-28,869.679931640625,908.0,908.0,905.0,905.0,2800
2012-02-29,871.5955810546875,910.0,910.0,905.0,910.0,2500
2012-03-01,867.7644653320312,906.0,906.0,905.0,905.0,1500
2012-03-02,870.6378173828125,909.0,909.0,905.0,906.0,1900
2012-03-05,864.8909301757812,903.0,910.0,903.0,910.0,4300
2012-03-06,864.8909301757812,903.0,903.0,903.0,903.0,0
2012-03-07,866.8065795898438,905.0,916.0,905.0,914.0,1300
2012-03-08,866.8065795898438,905.0,905.0,905.0,905.0,0
2012-03-09,869.679931640625,908.0,915.0,907.0,915.0,3600
2012-03-12,869.679931640625,908.0,908.0,908.0,908.0,0
2012-03-13,874.4689331054688,913.0,913.0,912.0,913.0,2600
2012-03-14,874.4689331054688,913.0,913.0,910.0,913.0,2100
2012-03-15,870.6378173828125,909.0,919.0,908.0,916.0,3500
2012-03-16,871.5955810546875,910.0,914.0,905.0,914.0,3100
2012-03-19,873.5111083984375,912.0,918.0,910.0,911.0,4300
2012-03-21,880.2157592773438,919.0,919.0,915.0,918.0,2500
2012-03-22,877.3424682617188,916.0,923.0,911.0,923.0,3500
2012-03-23,876.3845825195312,915.0,917.0,913.0,916.0,2700
2012-03-26,881.173583984375,920.0,924.0,913.0,915.0,4500
2012-03-27,882.1312866210938,921.0,921.0,913.0,917.0,6700
2012-03-28,860.4750366210938,894.0,895.0,871.0,880.0,5700
2012-03-29,864.3250732421875,898.0,900.0,888.0,900.0,2100
2012-03-30,863.3626098632812,897.0,898.0,897.0,898.0,300
2012-04-02,863.3626098632812,897.0,897.0,890.0,896.0,1300
2012-04-03,856.625,890.0,897.0,886.0,897.0,2300
2012-04-04,856.625,890.0,898.0,890.0,898.0,400
2012-04-05,857.5875854492188,891.0,891.0,886.0,890.0,1000
2012-04-06,859.5126342773438,893.0,893.0,890.0,893.0,600
2012-04-09,864.3250732421875,898.0,900.0,898.0,900.0,900
2012-04-10,853.7376708984375,887.0,900.0,885.0,900.0,2600
2012-04-11,856.625,890.0,898.0,887.0,898.0,1500
2012-04-12,858.5501708984375,892.0,893.0,892.0,893.0,300
2012-04-13,859.5126342773438,893.0,895.0,892.0,892.0,600
2012-04-16,865.28759765625,899.0,900.0,894.0,898.0,700
2012-04-17,864.3250732421875,898.0,898.0,892.0,892.0,300
2012-04-18,865.28759765625,899.0,908.0,899.0,908.0,1100
2012-04-19,874.91259765625,909.0,909.0,909.0,909.0,1000
2012-04-20,874.91259765625,909.0,911.0,909.0,911.0,1100
2012-04-23,866.2500610351562,900.0,902.0,900.0,900.0,2100
2012-04-24,866.2500610351562,900.0,905.0,898.0,898.0,800
2012-04-25,866.2500610351562,900.0,900.0,900.0,900.0,800
2012-04-26,861.4376220703125,895.0,898.0,895.0,898.0,500
2012-04-27,867.2127075195312,901.0,901.0,892.0,892.0,700
2012-05-01,871.0625610351562,905.0,905.0,905.0,905.0,800
2012-05-02,871.0625610351562,905.0,905.0,905.0,905.0,800
2012-05-07,870.1001586914062,904.0,904.0,899.0,902.0,1300
2012-05-08,864.3250732421875,898.0,909.0,898.0,907.0,1800
2012-05-09,861.4376220703125,895.0,910.0,895.0,910.0,1200
2012-05-10,866.2500610351562,900.0,909.0,894.0,909.0,900
2012-05-11,866.2500610351562,900.0,900.0,900.0,900.0,200
2012-05-14,869.1376342773438,903.0,903.0,892.0,892.0,200
2012-05-15,857.5875854492188,891.0,892.0,891.0,891.0,500
2012-05-16,856.625,890.0,893.0,890.0,892.0,700
2012-05-17,853.7376708984375,887.0,890.0,887.0,888.0,1200
2012-05-18,856.625,890.0,890.0,887.0,887.0,1400
2012-05-21,856.625,890.0,890.0,885.0,890.0,1400
2012-05-22,856.625,890.0,890.0,882.0,883.0,2000
2012-05-23,850.85009765625,884.0,889.0,880.0,889.0,1200
2012-05-24,850.85009765625,884.0,884.0,884.0,884.0,1200
2012-05-25,847.0000610351562,880.0,880.0,880.0,880.0,1900
2012-05-28,838.3375854492188,871.0,878.0,871.0,878.0,1700
2012-05-29,846.03759765625,879.0,888.0,879.0,888.0,1200
2012-05-30,847.0000610351562,880.0,881.0,875.0,879.0,2700
2012-05-31,842.1876220703125,875.0,880.0,875.0,880.0,1100
2012-06-01,840.2626342773438,873.0,873.0,873.0,873.0,500
2012-06-04,847.0000610351562,880.0,880.0,873.0,873.0,600
2012-06-05,844.112548828125,877.0,877.0,873.0,873.0,1200
2012-06-06,846.03759765625,879.0,879.0,879.0,879.0,100
2012-06-07,851.8126220703125,885.0,885.0,873.0,882.0,1800
2012-06-08,851.8126220703125,885.0,885.0,880.0,884.0,2000
2012-06-11,854.7001953125,888.0,888.0,880.0,880.0,1300
2012-06-12,854.7001953125,888.0,893.0,888.0,893.0,800
2012-06-13,854.7001953125,888.0,888.0,888.0,888.0,800
2012-06-14,859.5126342773438,893.0,893.0,892.0,892.0,200
2012-06-15,864.3250732421875,898.0,898.0,893.0,893.0,400
2012-06-18,870.1001586914062,904.0,904.0,901.0,901.0,1300
2012-06-19,862.4000244140625,896.0,914.0,892.0,914.0,2000
2012-06-20,867.2127075195312,901.0,909.0,901.0,909.0,1300
2012-06-21,874.91259765625,909.0,913.0,900.0,913.0,1000
2012-06-22,873.9500732421875,908.0,908.0,908.0,908.0,200
2012-06-25,873.9500732421875,908.0,908.0,906.0,906.0,200
2012-06-26,866.2500610351562,900.0,900.0,893.0,893.0,800
2012-06-27,865.28759765625,899.0,899.0,897.0,897.0,200
2012-06-28,869.1376342773438,903.0,904.0,899.0,899.0,1100
2012-06-29,875.875,910.0,910.0,896.0,910.0,1700
2012-07-02,870.1001586914062,904.0,915.0,904.0,915.0,1700
2012-07-03,867.2127075195312,901.0,903.0,901.0,903.0,700
2012-07-04,873.9500732421875,908.0,909.0,900.0,900.0,500
2012-07-05,872.9876098632812,907.0,907.0,903.0,903.0,600
2012-07-06,872.9876098632812,907.0,907.0,905.0,906.0,700
2012-07-09,867.2127075195312,901.0,902.0,901.0,902.0,800
2012-07-10,872.0250854492188,906.0,906.0,902.0,902.0,900
2012-07-11,861.4376220703125,895.0,908.0,895.0,908.0,3000
2012-07-12,862.4000244140625,896.0,900.0,896.0,896.0,400
2012-07-13,866.2500610351562,900.0,900.0,896.0,896.0,900
2012-07-17,871.0625610351562,905.0,905.0,900.0,902.0,700
2012-07-18,868.1751098632812,902.0,908.0,902.0,908.0,1400
2012-07-19,871.0625610351562,905.0,913.0,899.0,913.0,1600
2012-07-20,875.875,910.0,910.0,910.0,910.0,1200
2012-07-23,877.8001098632812,912.0,913.0,906.0,913.0,500
2012-07-24,875.875,910.0,910.0,906.0,906.0,400
2012-07-25,871.0625610351562,905.0,908.0,905.0,908.0,400
2012-07-26,871.0625610351562,905.0,905.0,903.0,904.0,400
2012-07-27,871.0625610351562,905.0,905.0,904.0,904.0,300
2012-07-30,875.875,910.0,910.0,905.0,905.0,1000
2012-07-31,875.875,910.0,915.0,910.0,915.0,1100
2012-08-01,870.1001586914062,904.0,904.0,904.0,904.0,400
2012-08-02,870.1001586914062,904.0,904.0,904.0,904.0,400
2012-08-03,868.1751098632812,902.0,902.0,902.0,902.0,200
2012-08-06,873.9500732421875,908.0,908.0,902.0,902.0,300
2012-08-07,873.9500732421875,908.0,908.0,908.0,908.0,100
2012-08-08,868.1751098632812,902.0,902.0,902.0,902.0,500
2012-08-09,877.8001098632812,912.0,912.0,905.0,907.0,800
2012-08-10,872.9876098632812,907.0,914.0,907.0,914.0,600
2012-08-13,875.875,910.0,910.0,907.0,907.0,300
2012-08-14,872.0250854492188,906.0,914.0,906.0,914.0,700
2012-08-15,866.2500610351562,900.0,900.0,898.0,900.0,4100
2012-08-16,867.2127075195312,901.0,903.0,889.0,890.0,5100
2012-08-17,872.9876098632812,907.0,907.0,902.0,902.0,500
2012-08-20,876.837646484375,911.0,913.0,910.0,911.0,1500
2012-08-21,872.0250854492188,906.0,914.0,906.0,914.0,1400
2012-08-22,872.0250854492188,906.0,919.0,905.0,919.0,1800
2012-08-23,872.9876098632812,907.0,907.0,905.0,907.0,800
2012-08-24,873.9500732421875,908.0,913.0,906.0,913.0,700
2012-08-27,875.875,910.0,920.0,910.0,920.0,2700
2012-08-28,872.9876098632812,907.0,919.0,907.0,919.0,1400
2012-08-29,874.91259765625,909.0,915.0,909.0,915.0,1300
2012-08-30,868.1751098632812,902.0,910.0,900.0,909.0,3500
2012-08-31,873.9500732421875,908.0,908.0,902.0,902.0,500
2012-09-03,872.9876098632812,907.0,907.0,906.0,907.0,700
2012-09-04,874.91259765625,909.0,909.0,908.0,908.0,200
2012-09-05,873.9500732421875,908.0,908.0,908.0,908.0,900
2012-09-06,874.91259765625,909.0,910.0,909.0,910.0,200
2012-09-07,875.875,910.0,910.0,909.0,909.0,500
2012-09-10,876.837646484375,911.0,911.0,910.0,911.0,900
2012-09-11,877.8001098632812,912.0,913.0,911.0,912.0,1100
2012-09-12,880.6876220703125,915.0,915.0,913.0,914.0,1300
2012-09-13,880.6876220703125,915.0,915.0,912.0,915.0,1300
2012-09-14,884.5375366210938,919.0,919.0,915.0,915.0,1600
2012-09-18,884.5375366210938,919.0,919.0,916.0,919.0,2300
2012-09-19,884.5375366210938,919.0,920.0,917.0,920.0,2100
2012-09-20,885.5001831054688,920.0,920.0,918.0,920.0,2200
2012-09-21,885.5001831054688,920.0,922.0,919.0,922.0,1700
2012-09-24,888.3876342773438,923.0,925.0,920.0,920.0,2800
2012-09-25,883.5750122070312,918.0,925.0,914.0,924.0,6900
2012-09-26,861.3406982421875,891.0,891.0,880.0,881.0,6500
2012-09-27,861.3406982421875,891.0,898.0,890.0,891.0,700
2012-09-28,869.0744018554688,899.0,899.0,899.0,899.0,1000
2012-10-01,862.3074340820312,892.0,902.0,892.0,902.0,1900
2012-10-02,862.3074340820312,892.0,892.0,888.0,892.0,1200
2012-10-03,859.4072875976562,889.0,892.0,887.0,892.0,700
2012-10-04,857.4739379882812,887.0,888.0,887.0,888.0,700
2012-10-05,860.3739624023438,890.0,890.0,887.0,887.0,700
2012-10-09,860.3739624023438,890.0,890.0,889.0,890.0,1000
2012-10-10,860.3739624023438,890.0,890.0,890.0,890.0,700
2012-10-11,863.2741088867188,893.0,902.0,890.0,892.0,2800
2012-10-12,855.5404663085938,885.0,890.0,885.0,890.0,2800
2012-10-15,860.3739624023438,890.0,892.0,890.0,891.0,500
2012-10-16,853.60693359375,883.0,885.0,883.0,885.0,700
2012-10-17,860.3739624023438,890.0,890.0,883.0,883.0,700
2012-10-18,865.2075805664062,895.0,895.0,894.0,894.0,1000
2012-10-19,866.1741943359375,896.0,902.0,896.0,902.0,1500
2012-10-22,872.9412841796875,903.0,903.0,903.0,903.0,1200
2012-10-23,865.2075805664062,895.0,895.0,895.0,895.0,500
2012-10-24,860.3739624023438,890.0,892.0,890.0,892.0,500
2012-10-25,871.9745483398438,902.0,902.0,890.0,890.0,800
2012-10-26,864.2407836914062,894.0,894.0,894.0,894.0,400
2012-10-29,861.3406982421875,891.0,895.0,891.0,895.0,1100
2012-10-30,864.2407836914062,894.0,895.0,891.0,895.0,1200
2012-10-31,863.2741088867188,893.0,893.0,893.0,893.0,200
2012-11-01,865.2075805664062,895.0,895.0,893.0,893.0,500
2012-11-02,865.2075805664062,895.0,900.0,895.0,900.0,300
2012-11-05,865.2075805664062,895.0,895.0,890.0,891.0,600
2012-11-06,867.1410522460938,897.0,897.0,897.0,897.0,100
2012-11-07,865.2075805664062,895.0,896.0,895.0,896.0,300
2012-11-08,862.3074340820312,892.0,895.0,892.0,895.0,500
2012-11-09,862.3074340820312,892.0,893.0,892.0,893.0,500
2012-11-12,865.2075805664062,895.0,898.0,895.0,898.0,500
2012-11-13,865.2075805664062,895.0,895.0,892.0,892.0,600
2012-11-14,862.3074340820312,892.0,892.0,892.0,892.0,200
2012-11-15,867.1410522460938,897.0,897.0,892.0,892.0,300
2012-11-16,867.1410522460938,897.0,897.0,894.0,897.0,700
2012-11-19,866.1741943359375,896.0,898.0,891.0,897.0,3300
2012-11-20,863.2741088867188,893.0,896.0,893.0,896.0,1500
2012-11-21,860.3739624023438,890.0,893.0,890.0,893.0,2000
2012-11-22,858.4405517578125,888.0,893.0,888.0,890.0,1000
2012-11-26,861.3406982421875,891.0,892.0,891.0,892.0,600
2012-11-27,860.3739624023438,890.0,892.0,890.0,891.0,700
2012-11-28,862.3074340820312,892.0,892.0,890.0,892.0,1500
2012-11-29,862.3074340820312,892.0,892.0,891.0,892.0,1300
2012-11-30,861.3406982421875,891.0,891.0,891.0,891.0,600
2012-12-03,860.3739624023438,890.0,892.0,890.0,891.0,1200
2012-12-04,862.3074340820312,892.0,895.0,891.0,891.0,1000
2012-12-05,863.2741088867188,893.0,895.0,893.0,895.0,1000
2012-12-06,864.2407836914062,894.0,894.0,894.0,894.0,500
2012-12-07,869.0744018554688,899.0,899.0,898.0,898.0,300
2012-12-10,865.2075805664062,895.0,899.0,889.0,899.0,4700
2012-12-11,857.4739379882812,887.0,898.0,887.0,895.0,3800
2012-12-12,861.3406982421875,891.0,891.0,890.0,891.0,800
2012-12-13,869.0744018554688,899.0,899.0,891.0,891.0,600
2012-12-14,869.0744018554688,899.0,899.0,893.0,893.0,200
2012-12-17,870.0410766601562,900.0,909.0,895.0,909.0,2300
2012-12-18,875.8414306640625,906.0,907.0,906.0,907.0,1300
2012-12-19,871.0078735351562,901.0,909.0,901.0,909.0,2000
2012-12-20,879.7081909179688,910.0,918.0,910.0,918.0,1600
2012-12-21,871.0078735351562,901.0,910.0,901.0,910.0,800
2012-12-25,870.0410766601562,900.0,901.0,898.0,901.0,1300
2012-12-26,884.5418090820312,915.0,915.0,900.0,900.0,1300
2012-12-27,884.5418090820312,915.0,915.0,900.0,900.0,1300
2012-12-28,876.8080444335938,907.0,911.0,907.0,910.0,1500
2013-01-04,877.7747802734375,908.0,915.0,907.0,914.0,2300
2013-01-07,871.0078735351562,901.0,907.0,899.0,900.0,5300
2013-01-08,873.9080200195312,904.0,904.0,901.0,901.0,600
2013-01-09,878.741455078125,909.0,909.0,904.0,909.0,1600
2013-01-10,877.7747802734375,908.0,910.0,907.0,909.0,1200
2013-01-11,877.7747802734375,908.0,908.0,907.0,908.0,1200
2013-01-15,879.7081909179688,910.0,910.0,905.0,908.0,2400
2013-01-16,876.8080444335938,907.0,914.0,907.0,914.0,1600
2013-01-17,882.6083374023438,913.0,913.0,913.0,913.0,800
2013-01-18,880.6749267578125,911.0,915.0,910.0,915.0,1700
2013-01-21,884.5418090820312,915.0,915.0,914.0,915.0,1700
2013-01-22,884.5418090820312,915.0,918.0,915.0,918.0,2400
2013-01-23,880.6749267578125,911.0,915.0,911.0,915.0,1800
2013-01-24,879.7081909179688,910.0,911.0,910.0,911.0,1000
2013-01-25,880.6749267578125,911.0,916.0,911.0,912.0,700
2013-01-28,883.574951171875,914.0,916.0,914.0,916.0,1800
2013-01-29,882.6083374023438,913.0,918.0,913.0,918.0,1200
2013-01-30,889.3753662109375,920.0,920.0,912.0,915.0,1800
2013-01-31,888.4086303710938,919.0,919.0,915.0,915.0,400
2013-02-01,888.4086303710938,919.0,919.0,918.0,919.0,1600
2013-02-04,889.3753662109375,920.0,922.0,920.0,920.0,900
2013-02-05,890.3419799804688,921.0,924.0,920.0,920.0,1000
2013-02-06,894.208984375,925.0,925.0,922.0,922.0,1100
2013-02-07,895.1755981445312,926.0,930.0,925.0,925.0,800
2013-02-08,898.0758056640625,929.0,929.0,927.0,927.0,1100
2013-02-12,898.0758056640625,929.0,929.0,918.0,929.0,3200
2013-02-13,890.3419799804688,921.0,929.0,921.0,929.0,1300
2013-02-14,890.3419799804688,921.0,921.0,920.0,921.0,800
2013-02-15,892.2755126953125,923.0,923.0,921.0,921.0,1700
2013-02-18,894.208984375,925.0,925.0,924.0,925.0,2200
2013-02-19,893.2421264648438,924.0,929.0,924.0,929.0,1700
2013-02-20,894.208984375,925.0,925.0,924.0,924.0,1600
2013-02-21,894.208984375,925.0,925.0,925.0,925.0,700
2013-02-22,887.4419555664062,918.0,925.0,918.0,925.0,1600
2013-02-25,889.3753662109375,920.0,920.0,918.0,918.0,2000
2013-02-26,888.4086303710938,919.0,924.0,919.0,920.0,1600
2013-02-27,889.3753662109375,920.0,925.0,919.0,919.0,1000
2013-02-28,892.2755126953125,923.0,923.0,923.0,923.0,1200
2013-03-01,896.1424560546875,927.0,929.0,926.0,929.0,1200
2013-03-04,893.2421264648438,924.0,927.0,924.0,927.0,3000
2013-03-05,897.1090087890625,928.0,928.0,927.0,927.0,1400
2013-03-06,897.1090087890625,928.0,928.0,923.0,928.0,2500
2013-03-07,896.1424560546875,927.0,929.0,926.0,929.0,2300
2013-03-08,897.1090087890625,928.0,930.0,926.0,927.0,1900
2013-03-11,897.1090087890625,928.0,929.0,927.0,929.0,2700
2013-03-12,899.0425415039062,930.0,930.0,928.0,930.0,1700
2013-03-13,900.9758911132812,932.0,932.0,930.0,930.0,1300
2013-03-14,901.942626953125,933.0,933.0,929.0,933.0,2500
2013-03-15,900.9758911132812,932.0,932.0,930.0,932.0,3300
2013-03-18,900.9758911132812,932.0,934.0,931.0,932.0,4800
2013-03-19,906.776123046875,938.0,940.0,932.0,932.0,3200
2013-03-21,915.4766845703125,947.0,950.0,941.0,948.0,3900
2013-03-22,918.376708984375,950.0,950.0,945.0,947.0,3000
2013-03-25,921.27685546875,953.0,960.0,948.0,950.0,5900
2013-03-26,937.7109985351562,970.0,970.0,952.0,953.0,6200
2013-03-27,886.7219848632812,913.0,921.0,912.0,921.0,8100
2013-03-28,880.8945922851562,907.0,915.0,905.0,913.0,6000
2013-03-29,878.9523315429688,905.0,915.0,905.0,915.0,4000
2013-04-01,881.8658447265625,908.0,908.0,903.0,905.0,2400
2013-04-02,876.0386352539062,902.0,910.0,901.0,908.0,3100
2013-04-03,876.0386352539062,902.0,910.0,902.0,910.0,1300
2013-04-04,883.808349609375,910.0,913.0,886.0,903.0,7100
2013-04-05,886.7219848632812,913.0,913.0,910.0,913.0,1700
2013-04-08,883.808349609375,910.0,915.0,910.0,913.0,2500
2013-04-09,880.8945922851562,907.0,910.0,907.0,910.0,2300
2013-04-10,879.9235229492188,906.0,907.0,906.0,907.0,1700
2013-04-11,877.9811401367188,904.0,906.0,903.0,905.0,3100
2013-04-12,877.0098876953125,903.0,905.0,903.0,904.0,1000
2013-04-15,878.9523315429688,905.0,919.0,904.0,919.0,3300
2013-04-16,886.7219848632812,913.0,915.0,913.0,915.0,500
2013-04-17,878.9523315429688,905.0,915.0,904.0,913.0,2800
2013-04-18,885.7507934570312,912.0,920.0,904.0,920.0,3800
2013-04-19,883.808349609375,910.0,920.0,905.0,920.0,2600
2013-04-22,881.8658447265625,908.0,915.0,907.0,915.0,3200
2013-04-23,883.808349609375,910.0,917.0,910.0,917.0,1600
2013-04-24,887.693115234375,914.0,920.0,914.0,920.0,2100
2013-04-25,884.7796020507812,911.0,912.0,910.0,910.0,3300
2013-04-26,882.8370361328125,909.0,911.0,908.0,911.0,2900
2013-04-30,887.693115234375,914.0,914.0,912.0,912.0,1600
2013-05-01,887.693115234375,914.0,914.0,913.0,914.0,2000
2013-05-02,890.6068725585938,917.0,917.0,914.0,914.0,1900
2013-05-07,890.6068725585938,917.0,919.0,916.0,917.0,2100
2013-05-08,893.5205078125,920.0,921.0,918.0,920.0,1400
2013-05-09,890.6068725585938,917.0,922.0,916.0,921.0,1800
2013-05-10,893.5205078125,920.0,924.0,920.0,922.0,2100
2013-05-13,899.3478393554688,926.0,929.0,920.0,920.0,1300
2013-05-14,897.4053955078125,924.0,929.0,923.0,929.0,700
2013-05-15,893.5205078125,920.0,924.0,920.0,924.0,2200
2013-05-16,890.6068725585938,917.0,920.0,917.0,920.0,1800
2013-05-17,890.6068725585938,917.0,917.0,914.0,916.0,3200
2013-05-20,886.7219848632812,913.0,917.0,912.0,917.0,5300
2013-05-21,882.8370361328125,909.0,910.0,907.0,910.0,13400
2013-05-22,877.0098876953125,903.0,909.0,902.0,909.0,6700
2013-05-23,873.1249389648438,899.0,903.0,899.0,900.0,7800
2013-05-24,871.1825561523438,897.0,902.0,896.0,898.0,6500
2013-05-27,867.297607421875,893.0,897.0,892.0,897.0,2800
2013-05-28,867.297607421875,893.0,893.0,889.0,893.0,5500
2013-05-29,879.9235229492188,906.0,906.0,906.0,906.0,2100
2013-05-30,875.0674438476562,901.0,908.0,900.0,906.0,2200
2013-05-31,873.1249389648438,899.0,907.0,899.0,907.0,1000
2013-06-03,874.09619140625,900.0,907.0,890.0,897.0,4600
2013-06-04,871.1825561523438,897.0,897.0,892.0,897.0,1600
2013-06-05,874.09619140625,900.0,900.0,899.0,899.0,600
2013-06-06,865.355224609375,891.0,895.0,890.0,895.0,1800
2013-06-07,864.384033203125,890.0,891.0,885.0,891.0,4700
2013-06-10,872.1536865234375,898.0,899.0,888.0,890.0,3200
2013-06-11,864.384033203125,890.0,895.0,890.0,895.0,3000
2013-06-12,867.297607421875,893.0,893.0,888.0,890.0,1400
2013-06-13,863.4127807617188,889.0,893.0,889.0,893.0,1300
2013-06-14,862.4415283203125,888.0,890.0,888.0,889.0,1000
2013-06-17,869.2400512695312,895.0,897.0,888.0,888.0,1100
2013-06-18,871.1825561523438,897.0,897.0,894.0,894.0,2300
2013-06-19,873.1249389648438,899.0,899.0,898.0,899.0,1600
2013-06-20,873.1249389648438,899.0,900.0,899.0,900.0,1800
2013-06-21,870.2112426757812,896.0,903.0,895.0,903.0,1700
2013-06-24,874.09619140625,900.0,900.0,898.0,898.0,1100
2013-06-25,872.1536865234375,898.0,898.0,898.0,898.0,300
2013-06-26,872.1536865234375,898.0,901.0,897.0,901.0,1700
2013-06-27,877.0098876953125,903.0,903.0,898.0,900.0,400
2013-06-28,873.1249389648438,899.0,903.0,898.0,900.0,5000
2013-07-01,873.1249389648438,899.0,904.0,899.0,904.0,2300
2013-07-02,872.1536865234375,898.0,900.0,897.0,900.0,5500
2013-07-03,874.09619140625,900.0,900.0,900.0,900.0,900
2013-07-04,874.09619140625,900.0,900.0,899.0,900.0,1000
2013-07-05,874.09619140625,900.0,900.0,895.0,900.0,4800
2013-07-08,873.1249389648438,899.0,900.0,899.0,900.0,1800
2013-07-09,877.0098876953125,903.0,904.0,903.0,904.0,500
2013-07-10,872.1536865234375,898.0,900.0,898.0,900.0,2200
2013-07-11,877.9811401367188,904.0,904.0,898.0,900.0,1300
2013-07-12,873.1249389648438,899.0,905.0,899.0,904.0,1800
2013-07-16,875.0674438476562,901.0,903.0,900.0,900.0,1700
2013-07-17,875.0674438476562,901.0,901.0,900.0,901.0,1900
2013-07-18,874.09619140625,900.0,900.0,899.0,900.0,3300
2013-07-19,877.0098876953125,903.0,910.0,900.0,910.0,1800
2013-07-22,877.0098876953125,903.0,911.0,902.0,910.0,2000
2013-07-23,877.0098876953125,903.0,910.0,902.0,903.0,1100
2013-07-24,879.9235229492188,906.0,907.0,905.0,907.0,500
2013-07-25,878.9523315429688,905.0,905.0,904.0,905.0,500
2013-07-26,878.9523315429688,905.0,907.0,904.0,905.0,1100
2013-07-29,880.8945922851562,907.0,910.0,904.0,909.0,1800
2013-07-30,876.0386352539062,902.0,902.0,901.0,901.0,2300
2013-07-31,876.0386352539062,902.0,903.0,901.0,902.0,2000
2013-08-01,883.808349609375,910.0,910.0,904.0,905.0,1200
2013-08-02,883.808349609375,910.0,910.0,903.0,910.0,1100
2013-08-05,878.9523315429688,905.0,914.0,905.0,910.0,2700
2013-08-06,881.8658447265625,908.0,910.0,903.0,910.0,2800
2013-08-07,877.0098876953125,903.0,907.0,903.0,907.0,1200
2013-08-08,880.8945922851562,907.0,907.0,902.0,902.0,900
2013-08-09,876.0386352539062,902.0,909.0,902.0,909.0,1500
2013-08-12,876.0386352539062,902.0,908.0,901.0,902.0,2300
2013-08-13,876.0386352539062,902.0,908.0,901.0,905.0,1100
2013-08-14,873.1249389648438,899.0,902.0,897.0,900.0,7900
2013-08-15,871.1825561523438,897.0,899.0,897.0,897.0,3000
2013-08-16,870.2112426757812,896.0,897.0,896.0,897.0,3000
2013-08-19,869.2400512695312,895.0,896.0,895.0,896.0,5700
2013-08-20,868.2688598632812,894.0,895.0,894.0,895.0,2900
2013-08-21,867.297607421875,893.0,897.0,893.0,894.0,4600
2013-08-22,867.297607421875,893.0,893.0,892.0,893.0,4300
2013-08-23,864.384033203125,890.0,900.0,890.0,893.0,5800
2013-08-26,861.4703369140625,887.0,891.0,887.0,890.0,10700
2013-08-27,861.4703369140625,887.0,887.0,886.0,887.0,3600
2013-08-28,862.4415283203125,888.0,888.0,885.0,887.0,4700
2013-08-29,861.4703369140625,887.0,889.0,887.0,889.0,3600
2013-08-30,864.384033203125,890.0,890.0,886.0,888.0,3800
2013-09-02,867.297607421875,893.0,893.0,890.0,891.0,4100
2013-09-03,866.3264770507812,892.0,893.0,892.0,893.0,2200
2013-09-04,867.297607421875,893.0,898.0,893.0,895.0,3600
2013-09-05,865.355224609375,891.0,894.0,890.0,893.0,5100
2013-09-06,870.2112426757812,896.0,896.0,896.0,896.0,700
2013-09-09,872.1536865234375,898.0,899.0,893.0,899.0,6500
2013-09-10,873.1249389648438,899.0,899.0,897.0,898.0,2500
2013-09-11,873.1249389648438,899.0,899.0,898.0,899.0,4500
2013-09-12,873.1249389648438,899.0,904.0,895.0,899.0,12600
2013-09-13,870.2112426757812,896.0,899.0,894.0,899.0,4800
2013-09-17,869.2400512695312,895.0,898.0,895.0,896.0,10400
2013-09-18,871.1825561523438,897.0,897.0,894.0,897.0,5600
2013-09-19,871.1825561523438,897.0,897.0,894.0,897.0,8100
2013-09-20,870.2112426757812,896.0,897.0,893.0,897.0,12600
2013-09-24,871.1825561523438,897.0,899.0,895.0,896.0,14100
2013-09-25,877.0098876953125,903.0,903.0,897.0,900.0,15200
2013-09-26,862.3767700195312,884.0,887.0,880.0,880.0,19700
2013-09-27,863.3522338867188,885.0,885.0,880.0,882.0,7100
2013-09-30,856.5235595703125,878.0,889.0,875.0,889.0,8000
2013-10-01,854.5724487304688,876.0,878.0,876.0,878.0,6600
2013-10-02,851.6458740234375,873.0,879.0,873.0,876.0,7200
2013-10-03,852.6213989257812,874.0,874.0,871.0,872.0,4100
2013-10-04,849.6947021484375,871.0,875.0,870.0,873.0,4300
2013-10-07,848.7191772460938,870.0,872.0,870.0,871.0,3300
2013-10-08,847.7437133789062,869.0,869.0,865.0,865.0,4800
2013-10-09,842.865966796875,864.0,869.0,864.0,869.0,3100
2013-10-10,850.6702880859375,872.0,874.0,861.0,864.0,8100
2013-10-11,838.9638671875,860.0,866.0,858.0,862.0,12200
2013-10-15,841.8904418945312,863.0,865.0,861.0,861.0,2800
2013-10-16,841.8904418945312,863.0,865.0,860.0,863.0,1900
2013-10-17,845.7925415039062,867.0,867.0,863.0,863.0,800
2013-10-18,848.7191772460938,870.0,871.0,869.0,871.0,2100
2013-10-21,853.596923828125,875.0,878.0,870.0,878.0,2500
2013-10-22,853.596923828125,875.0,879.0,873.0,879.0,2500
2013-10-23,855.5479736328125,877.0,877.0,871.0,875.0,1900
2013-10-24,856.5235595703125,878.0,879.0,870.0,877.0,2100
2013-10-25,851.6458740234375,873.0,879.0,873.0,878.0,1500
2013-10-28,851.6458740234375,873.0,880.0,873.0,880.0,2100
2013-10-29,851.6458740234375,873.0,873.0,873.0,873.0,0
2013-10-30,857.4990234375,879.0,879.0,879.0,879.0,1200
2013-10-31,857.4990234375,879.0,879.0,879.0,879.0,0
2013-11-01,848.7191772460938,870.0,877.0,870.0,874.0,2000
2013-11-05,847.7437133789062,869.0,876.0,869.0,871.0,2300
2013-11-06,846.7681274414062,868.0,878.0,868.0,869.0,1800
2013-11-07,845.7925415039062,867.0,875.0,867.0,870.0,1000
2013-11-08,845.7925415039062,867.0,869.0,867.0,868.0,1200
2013-11-11,845.7925415039062,867.0,870.0,867.0,870.0,1500
2013-11-12,846.7681274414062,868.0,868.0,866.0,868.0,3000
2013-11-13,845.7925415039062,867.0,868.0,866.0,867.0,900
2013-11-14,845.7925415039062,867.0,868.0,866.0,868.0,2000
2013-11-15,844.8170166015625,866.0,867.0,866.0,867.0,3700
2013-11-18,847.7437133789062,869.0,870.0,867.0,870.0,3700
2013-11-19,847.7437133789062,869.0,869.0,866.0,869.0,2500
2013-11-20,845.7925415039062,867.0,868.0,867.0,868.0,3000
2013-11-21,845.7925415039062,867.0,867.0,866.0,866.0,4900
2013-11-22,844.8170166015625,866.0,867.0,866.0,866.0,1400
2013-11-25,845.7925415039062,867.0,875.0,866.0,867.0,3500
2013-11-26,846.7681274414062,868.0,868.0,865.0,867.0,2700
2013-11-27,845.7925415039062,867.0,868.0,867.0,868.0,1700
2013-11-28,845.7925415039062,867.0,868.0,865.0,868.0,3800
2013-11-29,845.7925415039062,867.0,867.0,865.0,867.0,2000
2013-12-02,845.7925415039062,867.0,867.0,866.0,867.0,2800
2013-12-03,844.8170166015625,866.0,867.0,866.0,867.0,1400
2013-12-04,843.8414916992188,865.0,866.0,864.0,865.0,6200
2013-12-05,843.8414916992188,865.0,865.0,864.0,865.0,2200
2013-12-06,843.8414916992188,865.0,866.0,865.0,865.0,1500
2013-12-09,844.8170166015625,866.0,867.0,865.0,865.0,3400
2013-12-10,844.8170166015625,866.0,867.0,866.0,866.0,1700
2013-12-11,845.7925415039062,867.0,868.0,866.0,866.0,1800
2013-12-12,844.8170166015625,866.0,872.0,865.0,871.0,2600
2013-12-13,846.7681274414062,868.0,870.0,865.0,865.0,1000
2013-12-16,850.6702880859375,872.0,873.0,868.0,870.0,3100
2013-12-17,853.596923828125,875.0,875.0,871.0,872.0,1300
2013-12-18,853.596923828125,875.0,875.0,870.0,870.0,3800
2013-12-19,854.5724487304688,876.0,877.0,871.0,877.0,3300
2013-12-20,850.6702880859375,872.0,877.0,872.0,877.0,1800
2013-12-24,850.6702880859375,872.0,874.0,865.0,872.0,7800
2013-12-25,848.7191772460938,870.0,870.0,868.0,869.0,1600
2013-12-26,849.6947021484375,871.0,874.0,868.0,868.0,1700
2013-12-27,850.6702880859375,872.0,872.0,863.0,864.0,6800
2013-12-30,843.8414916992188,865.0,866.0,863.0,863.0,8400
2014-01-06,849.6947021484375,871.0,879.0,871.0,879.0,3700
2014-01-07,849.6947021484375,871.0,879.0,871.0,879.0,2300
2014-01-08,854.5724487304688,876.0,876.0,872.0,872.0,2800
2014-01-09,857.4990234375,879.0,879.0,876.0,877.0,2400
2014-01-10,859.4501342773438,881.0,881.0,877.0,877.0,1500
2014-01-14,861.4012451171875,883.0,885.0,881.0,882.0,2400
2014-01-15,866.2789306640625,888.0,888.0,882.0,885.0,3400
2014-01-16,864.3278198242188,886.0,889.0,886.0,888.0,2500
2014-01-17,866.2789306640625,888.0,889.0,885.0,886.0,2000
2014-01-20,869.2055053710938,891.0,895.0,889.0,895.0,3800
2014-01-21,871.1566162109375,893.0,897.0,891.0,897.0,3300
2014-01-22,874.0831909179688,896.0,898.0,896.0,898.0,2600
2014-01-23,870.1810302734375,892.0,897.0,890.0,896.0,3700
2014-01-24,873.107666015625,895.0,895.0,892.0,892.0,2100
2014-01-27,866.2789306640625,888.0,895.0,888.0,895.0,2800
2014-01-28,874.0831909179688,896.0,898.0,889.0,898.0,1800
2014-01-29,873.107666015625,895.0,899.0,893.0,899.0,3000
2014-01-30,871.1566162109375,893.0,893.0,890.0,893.0,900
2014-01-31,875.0587158203125,897.0,897.0,895.0,895.0,1400
2014-02-03,871.1566162109375,893.0,897.0,889.0,897.0,1400
2014-02-04,868.22998046875,890.0,890.0,881.0,884.0,4900
2014-02-05,867.2545166015625,889.0,889.0,883.0,885.0,1000
2014-02-06,865.3034057617188,887.0,891.0,887.0,891.0,1100
2014-02-07,868.22998046875,890.0,890.0,887.0,890.0,1300
2014-02-10,870.1810302734375,892.0,892.0,890.0,890.0,2400
2014-02-12,870.1810302734375,892.0,892.0,890.0,892.0,1000
2014-02-13,869.2055053710938,891.0,893.0,890.0,893.0,1200
2014-02-14,870.1810302734375,892.0,892.0,891.0,891.0,1700
2014-02-17,869.2055053710938,891.0,892.0,891.0,891.0,800
2014-02-18,870.1810302734375,892.0,893.0,890.0,893.0,1900
2014-02-19,869.2055053710938,891.0,894.0,891.0,894.0,1800
2014-02-20,870.1810302734375,892.0,895.0,892.0,895.0,2600
2014-02-21,870.1810302734375,892.0,893.0,892.0,892.0,700
2014-02-24,874.0831909179688,896.0,897.0,893.0,893.0,2100
2014-02-25,875.0587158203125,897.0,898.0,894.0,894.0,2700
2014-02-26,877.0098876953125,899.0,899.0,897.0,897.0,1800
2014-02-27,877.9853515625,900.0,900.0,897.0,898.0,1600
2014-02-28,879.9365234375,902.0,902.0,899.0,902.0,2100
2014-03-03,881.8875732421875,904.0,907.0,902.0,907.0,2900
2014-03-04,880.9119873046875,903.0,904.0,901.0,904.0,1900
2014-03-05,880.9119873046875,903.0,905.0,902.0,905.0,1000
2014-03-06,881.8875732421875,904.0,905.0,904.0,905.0,900
2014-03-07,882.8630981445312,905.0,905.0,904.0,905.0,1600
2014-03-10,883.8385620117188,906.0,907.0,905.0,905.0,1800
2014-03-11,884.8141479492188,907.0,907.0,904.0,906.0,3600
2014-03-12,882.8630981445312,905.0,907.0,905.0,907.0,1400
2014-03-13,884.8141479492188,907.0,907.0,904.0,905.0,1300
2014-03-14,877.9853515625,900.0,907.0,900.0,907.0,4600
2014-03-17,883.8385620117188,906.0,906.0,901.0,901.0,2500
2014-03-18,877.9853515625,900.0,902.0,900.0,902.0,4000
2014-03-19,882.8630981445312,905.0,906.0,901.0,906.0,2900
2014-03-20,879.9365234375,902.0,907.0,901.0,907.0,3300
2014-03-24,882.8630981445312,905.0,906.0,902.0,906.0,3000
2014-03-25,879.9365234375,902.0,906.0,902.0,905.0,4100
2014-03-26,882.8630981445312,905.0,905.0,901.0,902.0,5900
2014-03-27,860.8038330078125,878.0,879.0,867.0,867.0,7500
2014-03-28,860.8038330078125,878.0,894.0,876.0,890.0,3100
2014-03-31,864.725341796875,882.0,892.0,881.0,892.0,2600
2014-04-01,869.6275634765625,887.0,888.0,883.0,883.0,900
2014-04-02,868.6470947265625,886.0,887.0,883.0,883.0,300
2014-04-03,869.6275634765625,887.0,887.0,883.0,883.0,900
2014-04-04,869.6275634765625,887.0,887.0,883.0,887.0,1000
2014-04-07,867.6666259765625,885.0,886.0,885.0,886.0,300
2014-04-08,869.6275634765625,887.0,890.0,885.0,890.0,800
2014-04-09,864.725341796875,882.0,890.0,882.0,890.0,1700
2014-04-10,869.6275634765625,887.0,887.0,882.0,882.0,600
2014-04-11,867.6666259765625,885.0,886.0,883.0,883.0,400
2014-04-14,865.7058715820312,883.0,886.0,883.0,886.0,700
2014-04-15,865.7058715820312,883.0,888.0,883.0,888.0,1100
2014-04-16,868.6470947265625,886.0,887.0,884.0,887.0,700
2014-04-17,869.6275634765625,887.0,887.0,885.0,885.0,600
2014-04-18,870.60791015625,888.0,890.0,888.0,890.0,1300
2014-04-21,875.510009765625,893.0,895.0,893.0,895.0,1200
2014-04-22,877.4708251953125,895.0,896.0,892.0,896.0,2000
2014-04-23,871.58837890625,889.0,895.0,889.0,895.0,400
2014-04-24,871.58837890625,889.0,896.0,889.0,896.0,300
2014-04-25,872.5687255859375,890.0,890.0,890.0,890.0,300
2014-04-28,876.4904174804688,894.0,895.0,889.0,895.0,1000
2014-04-30,878.4512329101562,896.0,897.0,890.0,897.0,1300
2014-05-01,875.510009765625,893.0,893.0,890.0,890.0,600
2014-05-02,875.510009765625,893.0,896.0,890.0,895.0,900
2014-05-07,875.510009765625,893.0,896.0,892.0,896.0,700
2014-05-08,870.60791015625,888.0,895.0,888.0,893.0,1300
2014-05-09,872.5687255859375,890.0,890.0,890.0,890.0,100
2014-05-12,872.5687255859375,890.0,896.0,890.0,896.0,1000
2014-05-13,871.58837890625,889.0,890.0,888.0,889.0,1300
2014-05-14,871.58837890625,889.0,889.0,889.0,889.0,200
2014-05-15,875.510009765625,893.0,893.0,891.0,892.0,400
2014-05-16,875.510009765625,893.0,893.0,893.0,893.0,200
2014-05-19,878.4512329101562,896.0,898.0,893.0,898.0,1800
2014-05-20,879.431640625,897.0,899.0,896.0,899.0,1600
2014-05-21,882.3728637695312,900.0,900.0,896.0,900.0,2100
2014-05-22,880.4120483398438,898.0,900.0,896.0,900.0,400
2014-05-23,877.4708251953125,895.0,899.0,895.0,899.0,700
2014-05-26,881.3924560546875,899.0,899.0,895.0,899.0,300
2014-05-27,879.431640625,897.0,899.0,897.0,899.0,400
2014-05-28,881.3924560546875,899.0,899.0,898.0,899.0,1300
2014-05-29,882.3728637695312,900.0,900.0,899.0,900.0,1400
2014-05-30,879.431640625,897.0,899.0,897.0,899.0,500
2014-06-02,880.4120483398438,898.0,899.0,895.0,895.0,800
2014-06-03,878.4512329101562,896.0,899.0,896.0,898.0,800
2014-06-04,881.3924560546875,899.0,899.0,896.0,897.0,700
2014-06-05,880.4120483398438,898.0,899.0,895.0,899.0,1300
2014-06-06,881.3924560546875,899.0,899.0,899.0,899.0,100
2014-06-09,882.3728637695312,900.0,900.0,900.0,900.0,400
2014-06-10,881.3924560546875,899.0,900.0,899.0,900.0,500
2014-06-11,880.4120483398438,898.0,898.0,897.0,897.0,500
2014-06-12,882.3728637695312,900.0,900.0,898.0,898.0,400
2014-06-13,882.3728637695312,900.0,900.0,897.0,900.0,1700
2014-06-16,881.3924560546875,899.0,901.0,899.0,900.0,900
2014-06-17,883.3533325195312,901.0,902.0,898.0,900.0,1400
2014-06-18,886.2945556640625,904.0,904.0,902.0,904.0,1700
2014-06-19,883.3533325195312,901.0,905.0,901.0,905.0,2300
2014-06-20,885.3140869140625,903.0,904.0,903.0,904.0,1700
2014-06-23,883.3533325195312,901.0,903.0,901.0,903.0,900
2014-06-24,886.2945556640625,904.0,904.0,901.0,901.0,1600
2014-06-25,883.3533325195312,901.0,904.0,901.0,904.0,1300
2014-06-26,883.3533325195312,901.0,904.0,901.0,901.0,2300
2014-06-27,884.3338012695312,902.0,904.0,901.0,901.0,1300
2014-06-30,886.2945556640625,904.0,904.0,901.0,904.0,2000
2014-07-01,887.2749633789062,905.0,905.0,901.0,904.0,2500
2014-07-02,885.3140869140625,903.0,905.0,902.0,905.0,1200
2014-07-03,883.3533325195312,901.0,902.0,901.0,902.0,1300
2014-07-04,887.2749633789062,905.0,905.0,900.0,902.0,2000
2014-07-07,883.3533325195312,901.0,905.0,901.0,905.0,1200
2014-07-08,885.3140869140625,903.0,905.0,903.0,904.0,900
2014-07-09,887.2749633789062,905.0,907.0,902.0,907.0,1500
2014-07-10,883.3533325195312,901.0,903.0,900.0,902.0,1500
2014-07-11,884.3338012695312,902.0,905.0,902.0,905.0,600
2014-07-14,887.2749633789062,905.0,906.0,905.0,906.0,1200
2014-07-15,885.3140869140625,903.0,906.0,903.0,906.0,600
2014-07-16,887.2749633789062,905.0,905.0,904.0,904.0,200
2014-07-17,887.2749633789062,905.0,906.0,905.0,905.0,1100
2014-07-18,889.2357788085938,907.0,907.0,906.0,907.0,2700
2014-07-22,891.1965942382812,909.0,909.0,907.0,907.0,2500
2014-07-23,889.2357788085938,907.0,910.0,907.0,910.0,3800
2014-07-24,889.2357788085938,907.0,910.0,905.0,906.0,1500
2014-07-25,890.2162475585938,908.0,910.0,908.0,908.0,1000
2014-07-28,892.1770629882812,910.0,911.0,909.0,911.0,2000
2014-07-29,895.1182250976562,913.0,915.0,909.0,915.0,1900
2014-07-30,896.0986938476562,914.0,914.0,912.0,913.0,700
2014-07-31,895.1182250976562,913.0,913.0,911.0,912.0,700
2014-08-01,894.1378784179688,912.0,912.0,910.0,911.0,1500
2014-08-04,894.1378784179688,912.0,915.0,912.0,915.0,1300
2014-08-05,897.0791015625,915.0,915.0,912.0,912.0,700
2014-08-06,897.0791015625,915.0,915.0,913.0,915.0,600
2014-08-07,894.1378784179688,912.0,914.0,911.0,911.0,1000
2014-08-08,895.1182250976562,913.0,915.0,911.0,911.0,1300
2014-08-11,897.0791015625,915.0,918.0,915.0,918.0,1000
2014-08-12,900.0203247070312,918.0,918.0,915.0,917.0,1700
2014-08-13,900.0203247070312,918.0,918.0,918.0,918.0,1000
2014-08-14,901.0007934570312,919.0,920.0,917.0,919.0,1600
2014-08-15,906.8832397460938,925.0,960.0,920.0,927.0,9900
2014-08-18,916.6873779296875,935.0,943.0,930.0,940.0,4100
2014-08-19,921.5894775390625,940.0,940.0,932.0,939.0,4100
2014-08-20,914.7265625,933.0,940.0,933.0,940.0,4800
2014-08-21,912.7658081054688,931.0,937.0,931.0,933.0,2200
2014-08-22,915.7069702148438,934.0,934.0,931.0,931.0,1200
2014-08-25,911.7853393554688,930.0,935.0,930.0,934.0,2200
2014-08-26,912.7658081054688,931.0,934.0,930.0,934.0,1000
2014-08-27,917.6677856445312,936.0,936.0,929.0,931.0,2400
2014-08-28,917.6677856445312,936.0,936.0,935.0,936.0,1400
2014-08-29,913.7461547851562,932.0,938.0,932.0,938.0,2600
2014-09-01,911.7853393554688,930.0,935.0,930.0,935.0,3200
2014-09-02,916.6873779296875,935.0,935.0,930.0,932.0,3100
2014-09-03,916.6873779296875,935.0,938.0,932.0,938.0,2900
2014-09-04,919.628662109375,938.0,938.0,933.0,935.0,3500
2014-09-05,919.628662109375,938.0,938.0,934.0,935.0,2300
2014-09-08,916.6873779296875,935.0,939.0,935.0,938.0,3700
2014-09-09,919.628662109375,938.0,938.0,935.0,937.0,2400
2014-09-10,920.6090087890625,939.0,940.0,934.0,935.0,2800
2014-09-11,918.648193359375,937.0,941.0,937.0,939.0,1400
2014-09-12,917.6677856445312,936.0,941.0,934.0,941.0,5100
2014-09-16,918.648193359375,937.0,938.0,936.0,937.0,3300
2014-09-17,921.5894775390625,940.0,941.0,935.0,940.0,4700
2014-09-18,924.5306396484375,943.0,943.0,939.0,940.0,4600
2014-09-19,928.452392578125,947.0,947.0,942.0,943.0,4600
2014-09-22,934.3348388671875,953.0,953.0,947.0,950.0,5800
2014-09-24,936.295654296875,955.0,958.0,954.0,954.0,6500
2014-09-25,941.19775390625,960.0,960.0,954.0,954.0,9500
2014-09-26,903.7861328125,918.0,925.0,911.0,911.0,11800
2014-09-29,909.6931762695312,924.0,930.0,917.0,920.0,6300
2014-09-30,914.6158447265625,929.0,935.0,929.0,935.0,2000
2014-10-01,903.7861328125,918.0,921.0,918.0,920.0,3700
2014-10-02,894.9254150390625,909.0,915.0,909.0,915.0,4700
2014-10-03,890.9874267578125,905.0,910.0,905.0,905.0,1600
2014-10-06,899.8480224609375,914.0,914.0,903.0,904.0,2100
2014-10-07,906.7396240234375,921.0,935.0,920.0,923.0,5200
2014-10-08,921.5073852539062,936.0,940.0,928.0,930.0,5500
2014-10-09,902.8016357421875,917.0,936.0,917.0,932.0,5200
2014-10-10,893.9409790039062,908.0,912.0,906.0,910.0,3200
2014-10-14,893.9409790039062,908.0,909.0,908.0,908.0,800
2014-10-15,894.9254150390625,909.0,920.0,908.0,908.0,1000
2014-10-16,901.8170776367188,916.0,916.0,902.0,906.0,2100
2014-10-17,896.89453125,911.0,915.0,911.0,913.0,1300
2014-10-20,901.8170776367188,916.0,926.0,914.0,926.0,2600
2014-10-21,901.8170776367188,916.0,924.0,915.0,924.0,1900
2014-10-22,901.8170776367188,916.0,925.0,916.0,925.0,2500
2014-10-23,896.89453125,911.0,914.0,911.0,914.0,400
2014-10-24,899.8480224609375,914.0,914.0,911.0,911.0,200
2014-10-27,897.8790283203125,912.0,912.0,911.0,911.0,600
2014-10-28,899.8480224609375,914.0,914.0,912.0,912.0,1000
2014-10-29,897.8790283203125,912.0,925.0,912.0,925.0,1400
2014-10-30,897.8790283203125,912.0,912.0,911.0,912.0,500
2014-10-31,901.8170776367188,916.0,920.0,914.0,914.0,1000
2014-11-04,903.7861328125,918.0,918.0,915.0,916.0,2000
2014-11-05,903.7861328125,918.0,920.0,917.0,920.0,800
2014-11-06,903.7861328125,918.0,920.0,918.0,920.0,700
2014-11-07,903.7861328125,918.0,921.0,918.0,920.0,700
2014-11-10,908.708740234375,923.0,928.0,923.0,925.0,1700
2014-11-11,911.6622314453125,926.0,928.0,923.0,925.0,1500
2014-11-12,912.646728515625,927.0,934.0,927.0,928.0,2900
2014-11-13,911.6622314453125,926.0,927.0,926.0,927.0,700
2014-11-14,909.6931762695312,924.0,929.0,924.0,926.0,1000
2014-11-17,913.6312866210938,928.0,929.0,924.0,924.0,1300
2014-11-18,914.6158447265625,929.0,929.0,926.0,929.0,1900
2014-11-19,917.5693969726562,932.0,933.0,931.0,931.0,1400
2014-11-20,923.4765014648438,938.0,938.0,935.0,938.0,2200
2014-11-21,921.5073852539062,936.0,938.0,936.0,938.0,1000
2014-11-25,925.4454345703125,940.0,940.0,937.0,938.0,2200
2014-11-26,923.4765014648438,938.0,940.0,937.0,940.0,800
2014-11-27,921.5073852539062,936.0,938.0,936.0,936.0,800
2014-11-28,928.3990478515625,943.0,943.0,940.0,940.0,3400
2014-12-01,925.4454345703125,940.0,950.0,940.0,950.0,3400
2014-12-02,927.4144287109375,942.0,950.0,939.0,940.0,1200
2014-12-03,935.2906494140625,950.0,950.0,943.0,950.0,2500
2014-12-04,930.3680419921875,945.0,950.0,945.0,950.0,500
2014-12-05,931.3526000976562,946.0,946.0,945.0,946.0,900
2014-12-08,934.30615234375,949.0,950.0,945.0,949.0,1300
2014-12-09,935.2906494140625,950.0,950.0,947.0,949.0,1800
2014-12-10,931.3526000976562,946.0,950.0,945.0,950.0,1700
2014-12-11,934.30615234375,949.0,949.0,945.0,945.0,1000
2014-12-12,933.3215942382812,948.0,950.0,946.0,950.0,1000
2014-12-15,936.275146484375,951.0,954.0,950.0,951.0,1300
2014-12-16,939.2286987304688,954.0,955.0,948.0,955.0,1700
2014-12-17,935.2906494140625,950.0,954.0,948.0,954.0,1000
2014-12-18,947.1048583984375,962.0,962.0,957.0,957.0,4400
2014-12-19,954.98095703125,970.0,970.0,958.0,964.0,2800
2014-12-22,953.9964599609375,969.0,978.0,968.0,978.0,3200
2014-12-24,958.9191284179688,974.0,975.0,970.0,975.0,1800
2014-12-25,962.8571166992188,978.0,978.0,971.0,974.0,2000
2014-12-26,964.826171875,980.0,981.0,979.0,979.0,2400
2014-12-29,972.7022705078125,988.0,991.0,982.0,990.0,3000
2014-12-30,972.7022705078125,988.0,995.0,987.0,992.0,5200
2015-01-05,982.5474243164062,998.0,998.0,990.0,990.0,1400
2015-01-06,984.5164794921875,1000.0,1000.0,998.0,998.0,3300
2015-01-07,977.6248779296875,993.0,1000.0,993.0,997.0,1700
2015-01-08,989.4391479492188,1005.0,1005.0,1000.0,1000.0,1300
2015-01-09,989.4391479492188,1005.0,1005.0,1001.0,1005.0,2400
2015-01-13,987.4700317382812,1003.0,1005.0,1001.0,1004.0,2700
2015-01-14,988.4545288085938,1004.0,1004.0,1001.0,1003.0,1000
2015-01-15,989.4391479492188,1005.0,1006.0,1005.0,1005.0,1100
2015-01-16,989.4391479492188,1005.0,1005.0,1001.0,1005.0,1100
2015-01-19,992.3926391601562,1008.0,1010.0,1007.0,1010.0,1900
2015-01-20,1002.23779296875,1018.0,1018.0,1012.0,1018.0,2200
2015-01-21,996.3306274414062,1012.0,1022.0,1012.0,1020.0,2600
2015-01-22,998.2996826171875,1014.0,1014.0,1013.0,1013.0,700
2015-01-23,998.2996826171875,1014.0,1018.0,1010.0,1014.0,1600
2015-01-26,1006.1758422851562,1022.0,1022.0,1011.0,1013.0,1500
2015-01-27,1014.0518798828125,1030.0,1030.0,1016.0,1020.0,2600
2015-01-28,1014.0518798828125,1030.0,1030.0,1019.0,1019.0,1800
2015-01-29,1017.0054931640625,1033.0,1039.0,1030.0,1030.0,1900
2015-01-30,1021.927978515625,1038.0,1044.0,1038.0,1039.0,1600
2015-02-02,1018.9744262695312,1035.0,1039.0,1030.0,1030.0,1500
2015-02-03,1021.927978515625,1038.0,1040.0,1035.0,1035.0,800
2015-02-04,1017.0054931640625,1033.0,1040.0,1033.0,1040.0,1700
2015-02-05,1014.0518798828125,1030.0,1032.0,1030.0,1032.0,400
2015-02-06,1005.1913452148438,1021.0,1028.0,1020.0,1028.0,1900
2015-02-09,1013.0674438476562,1029.0,1030.0,1021.0,1030.0,1200
2015-02-10,1006.1758422851562,1022.0,1025.0,1022.0,1025.0,2600
2015-02-12,1012.0828857421875,1028.0,1035.0,1025.0,1025.0,1000
2015-02-13,1009.1293334960938,1025.0,1038.0,1025.0,1038.0,500
2015-02-16,1014.0518798828125,1030.0,1041.0,1030.0,1039.0,2000
2015-02-17,1021.927978515625,1038.0,1038.0,1033.0,1034.0,500
2015-02-18,1026.8507080078125,1043.0,1050.0,1043.0,1050.0,2700
2015-02-19,1041.618408203125,1058.0,1058.0,1051.0,1051.0,2600
2015-02-20,1059.33984375,1076.0,1076.0,1054.0,1075.0,2900
2015-02-23,1060.32421875,1077.0,1077.0,1071.0,1076.0,2300
2015-02-24,1063.2777099609375,1080.0,1080.0,1071.0,1077.0,1900
2015-02-25,1065.246826171875,1082.0,1086.0,1080.0,1085.0,1600
2015-02-26,1066.2313232421875,1083.0,1087.0,1080.0,1087.0,1200
2015-02-27,1069.184814453125,1086.0,1087.0,1075.0,1075.0,1500
2015-03-02,1080.9991455078125,1098.0,1098.0,1086.0,1088.0,3400
2015-03-03,1082.9681396484375,1100.0,1100.0,1094.0,1100.0,3600
2015-03-04,1081.983642578125,1099.0,1100.0,1096.0,1100.0,1000
2015-03-05,1079.030029296875,1096.0,1098.0,1096.0,1097.0,1300
2015-03-06,1067.2158203125,1084.0,1094.0,1080.0,1094.0,4300
2015-03-09,1068.2003173828125,1085.0,1088.0,1074.0,1080.0,2700
2015-03-10,1063.2777099609375,1080.0,1084.0,1080.0,1084.0,2000
2015-03-11,1066.2313232421875,1083.0,1084.0,1080.0,1080.0,1700
2015-03-12,1067.2158203125,1084.0,1084.0,1083.0,1084.0,4700
2015-03-13,1065.246826171875,1082.0,1085.0,1082.0,1084.0,1900
2015-03-16,1069.184814453125,1086.0,1086.0,1083.0,1083.0,1400
2015-03-17,1072.1383056640625,1089.0,1089.0,1087.0,1087.0,2100
2015-03-18,1080.9991455078125,1098.0,1098.0,1087.0,1090.0,3900
2015-03-19,1081.983642578125,1099.0,1100.0,1095.0,1100.0,3900
2015-03-20,1102.658447265625,1120.0,1120.0,1100.0,1100.0,4400
2015-03-23,1102.658447265625,1120.0,1124.0,1120.0,1120.0,1900
2015-03-24,1096.7513427734375,1114.0,1119.0,1096.0,1096.0,5400
2015-03-25,1102.658447265625,1120.0,1120.0,1105.0,1110.0,3800
2015-03-26,1106.596435546875,1124.0,1124.0,1110.0,1110.0,5300
2015-03-27,1038.8861083984375,1051.0,1069.0,1043.0,1050.0,10100
2015-03-30,1026.035888671875,1038.0,1051.0,1031.0,1044.0,5400
2015-03-31,1019.1165771484375,1031.0,1040.0,1031.0,1040.0,2100
2015-04-01,1018.1281127929688,1030.0,1031.0,1024.0,1030.0,2800
2015-04-02,1015.1627197265625,1027.0,1035.0,1024.0,1024.0,2300
2015-04-03,1013.1857299804688,1025.0,1028.0,1025.0,1026.0,2500
2015-04-06,1021.0935668945312,1033.0,1035.0,1026.0,1026.0,900
2015-04-07,1026.035888671875,1038.0,1043.0,1035.0,1035.0,3700
2015-04-08,1042.8399658203125,1055.0,1055.0,1036.0,1038.0,3400
2015-04-09,1045.805419921875,1058.0,1058.0,1055.0,1055.0,1000
2015-04-10,1049.75927734375,1062.0,1070.0,1060.0,1060.0,800
2015-04-13,1047.7823486328125,1060.0,1062.0,1058.0,1062.0,1700
2015-04-14,1045.805419921875,1058.0,1058.0,1058.0,1058.0,900
2015-04-15,1045.805419921875,1058.0,1069.0,1057.0,1057.0,1400
2015-04-16,1044.81689453125,1057.0,1058.0,1051.0,1052.0,1100
2015-04-17,1047.7823486328125,1060.0,1060.0,1053.0,1056.0,900
2015-04-20,1045.805419921875,1058.0,1058.0,1050.0,1054.0,1700
2015-04-21,1043.8284912109375,1056.0,1067.0,1052.0,1067.0,1600
2015-04-22,1054.70166015625,1067.0,1071.0,1067.0,1070.0,1700
2015-04-23,1047.7823486328125,1060.0,1061.0,1060.0,1060.0,700
2015-04-24,1042.8399658203125,1055.0,1058.0,1055.0,1058.0,200
2015-04-27,1047.7823486328125,1060.0,1060.0,1053.0,1055.0,800
2015-04-28,1057.6671142578125,1070.0,1070.0,1055.0,1069.0,1400
2015-04-30,1048.770751953125,1061.0,1070.0,1061.0,1070.0,1900
2015-05-01,1047.7823486328125,1060.0,1070.0,1060.0,1061.0,1100
2015-05-07,1044.81689453125,1057.0,1061.0,1057.0,1060.0,600
2015-05-08,1051.7362060546875,1064.0,1070.0,1064.0,1070.0,1100
2015-05-11,1056.6787109375,1069.0,1069.0,1064.0,1064.0,300
2015-05-12,1065.5748291015625,1078.0,1080.0,1071.0,1079.0,1200
2015-05-13,1068.540283203125,1081.0,1090.0,1078.0,1085.0,1400
2015-05-14,1057.6671142578125,1070.0,1081.0,1059.0,1081.0,3600
2015-05-15,1066.5634765625,1079.0,1079.0,1067.0,1073.0,1300
2015-05-18,1062.6094970703125,1075.0,1086.0,1073.0,1080.0,2600
2015-05-19,1077.4365234375,1090.0,1096.0,1084.0,1096.0,1800
2015-05-20,1072.494140625,1085.0,1100.0,1083.0,1100.0,2000
2015-05-21,1075.4595947265625,1088.0,1088.0,1085.0,1085.0,200
2015-05-22,1075.4595947265625,1088.0,1094.0,1085.0,1085.0,1200
2015-05-25,1078.425048828125,1091.0,1095.0,1089.0,1089.0,1600
2015-05-26,1082.37890625,1095.0,1095.0,1090.0,1091.0,900
2015-05-27,1079.41357421875,1092.0,1094.0,1090.0,1090.0,1000
2015-05-28,1081.390380859375,1094.0,1095.0,1092.0,1095.0,1100
2015-05-29,1086.3328857421875,1099.0,1100.0,1095.0,1100.0,1200
2015-06-01,1102.1483154296875,1115.0,1115.0,1100.0,1101.0,2000
2015-06-02,1097.2060546875,1110.0,1115.0,1110.0,1114.0,2800
2015-06-03,1097.2060546875,1110.0,1110.0,1110.0,1110.0,700
2015-06-04,1087.3212890625,1100.0,1110.0,1100.0,1110.0,900
2015-06-05,1088.309814453125,1101.0,1101.0,1101.0,1101.0,100
2015-06-08,1097.2060546875,1110.0,1120.0,1110.0,1120.0,2300
2015-06-09,1102.1483154296875,1115.0,1120.0,1111.0,1120.0,600
2015-06-10,1087.3212890625,1100.0,1117.0,1100.0,1117.0,1200
2015-06-11,1087.3212890625,1100.0,1101.0,1100.0,1100.0,1000
2015-06-12,1088.309814453125,1101.0,1102.0,1100.0,1102.0,600
2015-06-15,1088.309814453125,1101.0,1104.0,1100.0,1101.0,1600
2015-06-16,1082.37890625,1095.0,1095.0,1095.0,1095.0,400
2015-06-17,1087.3212890625,1100.0,1100.0,1096.0,1096.0,800
2015-06-18,1088.309814453125,1101.0,1101.0,1096.0,1100.0,2000
2015-06-19,1106.102294921875,1119.0,1119.0,1107.0,1119.0,1800
2015-06-22,1106.102294921875,1119.0,1120.0,1100.0,1120.0,2400
2015-06-23,1099.1829833984375,1112.0,1112.0,1101.0,1101.0,600
2015-06-24,1102.1483154296875,1115.0,1117.0,1110.0,1117.0,1900
2015-06-25,1094.24072265625,1107.0,1119.0,1107.0,1115.0,1600
2015-06-26,1087.3212890625,1100.0,1118.0,1100.0,1118.0,2900
2015-06-29,1091.2752685546875,1104.0,1105.0,1099.0,1100.0,2400
2015-06-30,1092.2637939453125,1105.0,1110.0,1105.0,1105.0,1100
2015-07-01,1097.2060546875,1110.0,1110.0,1104.0,1104.0,900
2015-07-02,1121.9178466796875,1135.0,1150.0,1102.0,1110.0,5300
2015-07-03,1112.0330810546875,1125.0,1135.0,1116.0,1135.0,1400
2015-07-06,1107.0908203125,1120.0,1125.0,1100.0,1124.0,2000
2015-07-07,1098.1944580078125,1111.0,1129.0,1104.0,1129.0,1400
2015-07-08,1087.3212890625,1100.0,1120.0,1100.0,1120.0,3800
2015-07-09,1074.4710693359375,1087.0,1092.0,1050.0,1092.0,6200
2015-07-10,1077.4365234375,1090.0,1093.0,1087.0,1087.0,1600
2015-07-13,1106.102294921875,1119.0,1120.0,1090.0,1090.0,1400
2015-07-14,1114.9986572265625,1128.0,1129.0,1113.0,1125.0,2000
2015-07-15,1116.9755859375,1130.0,1130.0,1129.0,1129.0,1700
2015-07-16,1121.9178466796875,1135.0,1135.0,1125.0,1130.0,1600
2015-07-17,1126.8603515625,1140.0,1170.0,1121.0,1139.0,7100
2015-07-21,1135.7564697265625,1149.0,1149.0,1141.0,1148.0,2200
2015-07-22,1146.6297607421875,1160.0,1160.0,1150.0,1153.0,2300
2015-07-23,1157.5029296875,1171.0,1184.0,1171.0,1183.0,2900
2015-07-24,1157.5029296875,1171.0,1180.0,1171.0,1175.0,1100
2015-07-27,1159.4798583984375,1173.0,1174.0,1171.0,1171.0,500
2015-07-28,1159.4798583984375,1173.0,1173.0,1160.0,1173.0,1900
2015-07-29,1146.6297607421875,1160.0,1179.0,1148.0,1179.0,2300
2015-07-30,1143.6644287109375,1157.0,1160.0,1146.0,1146.0,900
2015-07-31,1143.6644287109375,1157.0,1158.0,1157.0,1157.0,400
2015-08-03,1163.433837890625,1177.0,1177.0,1157.0,1157.0,1200
2015-08-04,1164.4222412109375,1178.0,1180.0,1160.0,1180.0,2700
2015-08-05,1159.4798583984375,1173.0,1180.0,1173.0,1175.0,900
2015-08-06,1159.4798583984375,1173.0,1175.0,1173.0,1173.0,1500
2015-08-07,1142.6759033203125,1156.0,1180.0,1156.0,1180.0,2400
2015-08-10,1142.6759033203125,1156.0,1170.0,1156.0,1170.0,1600
2015-08-11,1140.6988525390625,1154.0,1169.0,1152.0,1160.0,1400
2015-08-12,1138.721923828125,1152.0,1153.0,1150.0,1151.0,1900
2015-08-13,1148.606689453125,1162.0,1162.0,1152.0,1152.0,300
2015-08-14,1157.5029296875,1171.0,1174.0,1156.0,1174.0,1300
2015-08-17,1159.4798583984375,1173.0,1173.0,1160.0,1161.0,1600
2015-08-18,1163.433837890625,1177.0,1179.0,1173.0,1176.0,1600
2015-08-19,1162.4451904296875,1176.0,1185.0,1173.0,1185.0,2300
2015-08-20,1160.46826171875,1174.0,1194.0,1174.0,1194.0,3100
2015-08-21,1150.5836181640625,1164.0,1172.0,1162.0,1171.0,1200
2015-08-24,1087.3212890625,1100.0,1150.0,1100.0,1150.0,6200
2015-08-25,1093.252197265625,1106.0,1119.0,983.0,1000.0,9300
2015-08-26,1146.6297607421875,1160.0,1160.0,1085.0,1100.0,2500
2015-08-27,1180.2379150390625,1194.0,1199.0,1164.0,1164.0,3800
2015-08-28,1194.076416015625,1208.0,1208.0,1190.0,1199.0,5900
2015-08-31,1186.1685791015625,1200.0,1218.0,1200.0,1218.0,4500
2015-09-01,1199.018798828125,1213.0,1219.0,1205.0,1219.0,3400
2015-09-02,1179.2493896484375,1193.0,1200.0,1190.0,1200.0,2400
2015-09-03,1170.35302734375,1184.0,1225.0,1184.0,1225.0,2600
2015-09-04,1156.5145263671875,1170.0,1185.0,1170.0,1179.0,1400
2015-09-07,1108.0792236328125,1121.0,1161.0,1120.0,1161.0,3300
2015-09-08,1082.37890625,1095.0,1142.0,1095.0,1142.0,4000
2015-09-09,1096.217529296875,1109.0,1144.0,1101.0,1124.0,3700
2015-09-10,1090.2867431640625,1103.0,1109.0,1100.0,1109.0,3300
2015-09-11,1084.3558349609375,1097.0,1110.0,1092.0,1100.0,2600
2015-09-14,1104.1253662109375,1117.0,1117.0,1096.0,1096.0,3500
2015-09-15,1109.067626953125,1122.0,1177.0,1122.0,1177.0,1500
2015-09-16,1139.71044921875,1153.0,1157.0,1125.0,1139.0,1900
2015-09-17,1132.7911376953125,1146.0,1156.0,1139.0,1139.0,2600
2015-09-18,1145.641357421875,1159.0,1165.0,1151.0,1165.0,2400
2015-09-24,1171.3416748046875,1185.0,1185.0,1162.0,1175.0,4700
2015-09-25,1155.5260009765625,1169.0,1194.0,1165.0,1186.0,10700
2015-09-28,1087.0870361328125,1096.0,1124.0,1074.0,1124.0,6100
2015-09-29,1061.298583984375,1070.0,1115.0,1070.0,1115.0,2000
2015-09-30,1051.3798828125,1060.0,1090.0,1060.0,1070.0,1200
2015-10-01,1053.363525390625,1062.0,1064.0,1055.0,1060.0,2100
2015-10-02,1064.274169921875,1073.0,1073.0,1065.0,1065.0,1000
2015-10-05,1087.0870361328125,1096.0,1096.0,1074.0,1074.0,2000
2015-10-06,1084.1114501953125,1093.0,1093.0,1090.0,1090.0,2100
2015-10-07,1074.19287109375,1083.0,1093.0,1083.0,1093.0,300
2015-10-08,1076.176513671875,1085.0,1087.0,1081.0,1082.0,1900
2015-10-09,1060.3067626953125,1069.0,1082.0,1066.0,1082.0,2500
2015-10-13,1049.3961181640625,1058.0,1079.0,1052.0,1052.0,2500
2015-10-14,1044.436767578125,1053.0,1059.0,1053.0,1053.0,1200
2015-10-15,1046.4205322265625,1055.0,1056.0,1052.0,1052.0,700
2015-10-16,1061.298583984375,1070.0,1076.0,1058.0,1076.0,900
2015-10-19,1065.26611328125,1074.0,1074.0,1068.0,1070.0,2000
2015-10-20,1063.2823486328125,1072.0,1074.0,1068.0,1074.0,1500
2015-10-21,1067.249755859375,1076.0,1093.0,1076.0,1093.0,1500
2015-10-22,1064.274169921875,1073.0,1073.0,1073.0,1073.0,200
2015-10-23,1062.29052734375,1071.0,1093.0,1071.0,1073.0,1500
2015-10-26,1061.298583984375,1070.0,1072.0,1069.0,1072.0,2000
2015-10-27,1069.2335205078125,1078.0,1090.0,1071.0,1071.0,1200
2015-10-28,1085.1033935546875,1094.0,1094.0,1082.0,1094.0,900
2015-10-29,1086.09521484375,1095.0,1099.0,1095.0,1099.0,900
2015-10-30,1085.1033935546875,1094.0,1094.0,1094.0,1094.0,400
2015-11-02,1086.09521484375,1095.0,1095.0,1095.0,1095.0,400
2015-11-04,1087.0870361328125,1096.0,1105.0,1096.0,1098.0,1800
2015-11-05,1089.0709228515625,1098.0,1098.0,1096.0,1096.0,400
2015-11-06,1093.038330078125,1102.0,1105.0,1096.0,1098.0,1000
2015-11-09,1094.0302734375,1103.0,1114.0,1103.0,1114.0,1000
2015-11-10,1096.013916015625,1105.0,1110.0,1105.0,1110.0,800
2015-11-11,1099.9814453125,1109.0,1110.0,1104.0,1104.0,1000
2015-11-12,1097.005859375,1106.0,1106.0,1105.0,1105.0,900
2015-11-13,1097.005859375,1106.0,1106.0,1106.0,1106.0,300
2015-11-16,1097.9976806640625,1107.0,1111.0,1107.0,1111.0,500
2015-11-17,1109.9000244140625,1119.0,1119.0,1112.0,1112.0,1000
2015-11-18,1120.8106689453125,1130.0,1130.0,1130.0,1130.0,1500
2015-11-19,1130.729248046875,1140.0,1140.0,1140.0,1140.0,1100
2015-11-20,1124.778076171875,1134.0,1150.0,1134.0,1150.0,1400
2015-11-24,1126.7618408203125,1136.0,1145.0,1136.0,1136.0,800
2015-11-25,1130.729248046875,1140.0,1140.0,1136.0,1136.0,400
2015-11-26,1135.6885986328125,1145.0,1145.0,1139.0,1139.0,400
2015-11-27,1135.6885986328125,1145.0,1145.0,1142.0,1145.0,300
2015-11-30,1126.7618408203125,1136.0,1145.0,1136.0,1145.0,1000
2015-12-01,1130.729248046875,1140.0,1149.0,1135.0,1143.0,800
2015-12-02,1116.8431396484375,1126.0,1135.0,1125.0,1135.0,500
2015-12-03,1138.6641845703125,1148.0,1150.0,1148.0,1148.0,1500
2015-12-04,1114.859375,1124.0,1148.0,1110.0,1110.0,1200
2015-12-07,1113.8675537109375,1123.0,1130.0,1121.0,1124.0,400
2015-12-08,1129.7374267578125,1139.0,1139.0,1111.0,1123.0,900
2015-12-09,1111.8837890625,1121.0,1145.0,1116.0,1138.0,1300
2015-12-10,1114.859375,1124.0,1140.0,1124.0,1140.0,500
2015-12-11,1125.77001953125,1135.0,1135.0,1125.0,1125.0,300
2015-12-14,1132.7130126953125,1142.0,1147.0,1117.0,1147.0,600
2015-12-15,1127.753662109375,1137.0,1137.0,1135.0,1137.0,400
2015-12-16,1116.8431396484375,1126.0,1142.0,1121.0,1137.0,1000
2015-12-17,1130.729248046875,1140.0,1143.0,1131.0,1143.0,700
2015-12-18,1123.7862548828125,1133.0,1150.0,1133.0,1150.0,1800
2015-12-21,1138.6641845703125,1148.0,1149.0,1134.0,1149.0,1800
2015-12-22,1143.62353515625,1153.0,1153.0,1150.0,1150.0,1200
2015-12-24,1113.8675537109375,1123.0,1130.0,1122.0,1130.0,2700
2015-12-25,1113.8675537109375,1123.0,1123.0,1123.0,1123.0,0
2015-12-28,1101.965087890625,1111.0,1111.0,1111.0,1111.0,700
2015-12-29,1110.8919677734375,1120.0,1120.0,1119.0,1120.0,1400
2015-12-30,1143.62353515625,1153.0,1153.0,1130.0,1130.0,600
2016-01-04,1123.7862548828125,1133.0,1135.0,1133.0,1135.0,1000
2016-01-05,1140.64794921875,1150.0,1161.0,1132.0,1132.0,1300
2016-01-06,1145.6072998046875,1155.0,1160.0,1131.0,1131.0,600
2016-01-07,1120.8106689453125,1130.0,1131.0,1130.0,1130.0,1000
2016-01-08,1148.5830078125,1158.0,1173.0,1113.0,1130.0,3400
2016-01-12,1108.908203125,1118.0,1150.0,1118.0,1150.0,1000
2016-01-13,1102.95703125,1112.0,1115.0,1112.0,1114.0,1000
2016-01-14,1135.6885986328125,1145.0,1145.0,1107.0,1142.0,2100
2016-01-15,1119.81884765625,1129.0,1129.0,1111.0,1111.0,500
2016-01-18,1102.95703125,1112.0,1115.0,1102.0,1110.0,1500
2016-01-19,1125.77001953125,1135.0,1135.0,1110.0,1133.0,1400
2016-01-20,1131.72119140625,1141.0,1149.0,1139.0,1149.0,1200
2016-01-21,1125.77001953125,1135.0,1139.0,1130.0,1138.0,1500
2016-01-22,1102.95703125,1112.0,1140.0,1100.0,1105.0,2400
2016-01-25,1109.9000244140625,1119.0,1120.0,1112.0,1112.0,1100
2016-01-26,1110.8919677734375,1120.0,1120.0,1120.0,1120.0,400
2016-01-27,1120.8106689453125,1130.0,1130.0,1104.0,1121.0,1200
2016-01-28,1101.965087890625,1111.0,1135.0,1105.0,1135.0,800
2016-01-29,1104.940673828125,1114.0,1132.0,1114.0,1130.0,700
2016-02-01,1110.8919677734375,1120.0,1135.0,1115.0,1120.0,1500
2016-02-02,1105.9326171875,1115.0,1120.0,1112.0,1120.0,500
2016-02-03,1105.9326171875,1115.0,1116.0,1115.0,1115.0,400
2016-02-04,1119.81884765625,1129.0,1129.0,1112.0,1112.0,300
2016-02-05,1111.8837890625,1121.0,1129.0,1111.0,1129.0,1200
2016-02-08,1110.8919677734375,1120.0,1120.0,1118.0,1119.0,600
2016-02-09,1100.9732666015625,1110.0,1121.0,1110.0,1121.0,1100
2016-02-10,1094.0302734375,1103.0,1119.0,1103.0,1119.0,1300
2016-02-12,1071.21728515625,1080.0,1099.0,973.0,1000.0,5400
2016-02-15,1066.2579345703125,1075.0,1100.0,1075.0,1080.0,2400
2016-02-16,1065.26611328125,1074.0,1099.0,1071.0,1071.0,1100
2016-02-17,1061.298583984375,1070.0,1079.0,1070.0,1074.0,700
2016-02-18,1091.0546875,1100.0,1100.0,1091.0,1091.0,1300
2016-02-19,1115.8511962890625,1125.0,1130.0,1101.0,1122.0,2200
2016-02-22,1092.0465087890625,1101.0,1125.0,1101.0,1125.0,1400
2016-02-23,1093.038330078125,1102.0,1114.0,1102.0,1102.0,1200
2016-02-24,1078.1602783203125,1087.0,1100.0,1086.0,1100.0,800
2016-02-25,1091.0546875,1100.0,1100.0,1084.0,1084.0,1600
2016-02-26,1110.8919677734375,1120.0,1120.0,1100.0,1100.0,500
2016-02-29,1100.9732666015625,1110.0,1124.0,1110.0,1120.0,1600
2016-03-01,1102.95703125,1112.0,1125.0,1112.0,1125.0,800
2016-03-02,1112.8756103515625,1122.0,1124.0,1118.0,1118.0,600
2016-03-03,1111.8837890625,1121.0,1122.0,1120.0,1121.0,500
2016-03-04,1108.908203125,1118.0,1121.0,1113.0,1121.0,1600
2016-03-07,1104.940673828125,1114.0,1123.0,1109.0,1123.0,700
2016-03-08,1097.9976806640625,1107.0,1118.0,1107.0,1118.0,1000
2016-03-09,1102.95703125,1112.0,1114.0,1100.0,1101.0,1500
2016-03-10,1096.013916015625,1105.0,1113.0,1104.0,1113.0,1000
2016-03-11,1091.0546875,1100.0,1101.0,1100.0,1100.0,600
2016-03-14,1099.9814453125,1109.0,1109.0,1099.0,1099.0,600
2016-03-15,1093.038330078125,1102.0,1109.0,1098.0,1109.0,800
2016-03-16,1091.0546875,1100.0,1110.0,1100.0,1110.0,1700
2016-03-17,1087.0870361328125,1096.0,1098.0,1080.0,1098.0,3400
2016-03-18,1092.0465087890625,1101.0,1109.0,1092.0,1109.0,1900
2016-03-22,1095.0220947265625,1104.0,1104.0,1094.0,1100.0,1700
2016-03-23,1089.0709228515625,1098.0,1099.0,1088.0,1094.0,1800
2016-03-24,1083.11962890625,1092.0,1097.0,1088.0,1097.0,2600
2016-03-25,1091.0546875,1100.0,1109.0,1092.0,1109.0,2300
2016-03-28,1082.127685546875,1091.0,1100.0,1091.0,1100.0,9200
2016-03-29,1066.690185546875,1071.0,1087.0,1070.0,1087.0,2500
2016-03-30,1046.7706298828125,1051.0,1070.0,1051.0,1065.0,2200
2016-03-31,1038.8028564453125,1043.0,1077.0,1043.0,1048.0,2100
2016-04-01,1028.843017578125,1033.0,1047.0,1031.0,1047.0,1400
2016-04-04,1009.9194946289062,1014.0,1039.0,1003.0,1039.0,4200
2016-04-05,997.9677734375,1002.0,1011.0,1001.0,1010.0,2200
2016-04-06,994.9798583984375,999.0,1000.0,999.0,999.0,1200
2016-04-07,995.975830078125,1000.0,1001.0,998.0,998.0,1000
2016-04-08,994.9798583984375,999.0,1004.0,999.0,1004.0,800
2016-04-11,994.9798583984375,999.0,1000.0,998.0,999.0,1100
2016-04-12,991.991943359375,996.0,1002.0,996.0,999.0,3100
2016-04-13,994.9798583984375,999.0,1004.0,995.0,995.0,1400
2016-04-14,999.9597778320312,1004.0,1005.0,999.0,999.0,1700
2016-04-15,1000.9557495117188,1005.0,1005.0,1001.0,1001.0,400
2016-04-18,1000.9557495117188,1005.0,1006.0,1000.0,1005.0,2700
2016-04-19,1001.9517211914062,1006.0,1010.0,1000.0,1008.0,1500
2016-04-20,996.9718017578125,1001.0,1006.0,1001.0,1006.0,1600
2016-04-21,994.9798583984375,999.0,1005.0,999.0,1000.0,1800
2016-04-22,991.991943359375,996.0,1010.0,995.0,999.0,2200
2016-04-25,994.9798583984375,999.0,1008.0,997.0,997.0,700
2016-04-26,995.975830078125,1000.0,1005.0,1000.0,1005.0,500
2016-04-27,992.9879150390625,997.0,1001.0,994.0,1001.0,2400
2016-04-28,989.0040283203125,993.0,1000.0,987.0,1000.0,4800
2016-05-02,981.0361938476562,985.0,992.0,980.0,981.0,5900
2016-05-06,976.0563354492188,980.0,987.0,980.0,985.0,1800
2016-05-09,974.0643920898438,978.0,979.0,976.0,978.0,3000
2016-05-10,978.0482788085938,982.0,991.0,979.0,979.0,1600
2016-05-11,980.0402221679688,984.0,1000.0,984.0,1000.0,1000
2016-05-12,979.0442504882812,983.0,990.0,981.0,981.0,2100
2016-05-13,985.0201416015625,989.0,998.0,983.0,983.0,2200
2016-05-16,983.0281372070312,987.0,989.0,987.0,989.0,1300
2016-05-17,983.0281372070312,987.0,989.0,987.0,987.0,1400
2016-05-18,989.0040283203125,993.0,995.0,990.0,990.0,2500
2016-05-19,993.98388671875,998.0,999.0,995.0,999.0,1700
2016-05-20,995.975830078125,1000.0,1002.0,999.0,1000.0,2800
2016-05-23,996.9718017578125,1001.0,1002.0,1000.0,1000.0,1200
2016-05-24,998.9638061523438,1003.0,1004.0,1000.0,1001.0,2200
2016-05-25,1001.9517211914062,1006.0,1010.0,1005.0,1006.0,1200
2016-05-26,996.9718017578125,1001.0,1033.0,1000.0,1007.0,4200
2016-05-27,997.9677734375,1002.0,1002.0,1001.0,1001.0,900
2016-05-30,997.9677734375,1002.0,1003.0,1001.0,1001.0,1400
2016-05-31,1007.9275512695312,1012.0,1027.0,1012.0,1022.0,2100
2016-06-01,998.9638061523438,1003.0,1012.0,1003.0,1012.0,1000
2016-06-02,995.975830078125,1000.0,1003.0,1000.0,1003.0,700
2016-06-03,996.9718017578125,1001.0,1004.0,1000.0,1000.0,600
2016-06-06,997.9677734375,1002.0,1002.0,1000.0,1000.0,400
2016-06-07,998.9638061523438,1003.0,1003.0,1003.0,1003.0,100
2016-06-08,998.9638061523438,1003.0,1004.0,1003.0,1003.0,400
2016-06-09,998.9638061523438,1003.0,1011.0,1003.0,1010.0,900
2016-06-10,1003.9436645507812,1008.0,1015.0,1008.0,1015.0,400
2016-06-13,1004.9396362304688,1009.0,1027.0,1008.0,1027.0,2400
2016-06-14,1000.9557495117188,1005.0,1018.0,1002.0,1018.0,2100
2016-06-15,999.9597778320312,1004.0,1005.0,1004.0,1005.0,400
2016-06-16,995.975830078125,1000.0,1010.0,1000.0,1004.0,1800
2016-06-17,1004.9396362304688,1009.0,1009.0,995.0,1000.0,1300
2016-06-20,1004.9396362304688,1009.0,1009.0,1000.0,1009.0,1800
2016-06-21,1001.9517211914062,1006.0,1009.0,1006.0,1009.0,1200
2016-06-22,1001.9517211914062,1006.0,1016.0,1006.0,1016.0,1700
2016-06-23,1000.9557495117188,1005.0,1007.0,1005.0,1006.0,500
2016-06-24,981.0361938476562,985.0,1024.0,985.0,1005.0,3700
2016-06-27,981.0361938476562,985.0,1000.0,985.0,985.0,700
2016-06-28,999.9597778320312,1004.0,1009.0,986.0,1004.0,1500
2016-06-29,1009.9194946289062,1014.0,1020.0,1004.0,1020.0,1100
2016-06-30,1000.9557495117188,1005.0,1020.0,1005.0,1020.0,700
2016-07-01,1000.9557495117188,1005.0,1020.0,1005.0,1020.0,200
2016-07-04,1003.9436645507812,1008.0,1008.0,1008.0,1008.0,100
2016-07-05,997.9677734375,1002.0,1010.0,1002.0,1008.0,1000
2016-07-06,1000.9557495117188,1005.0,1005.0,1000.0,1002.0,500
2016-07-07,995.975830078125,1000.0,1005.0,1000.0,1005.0,400
2016-07-08,1005.9356079101562,1010.0,1014.0,1005.0,1005.0,700
2016-07-11,1005.9356079101562,1010.0,1010.0,1010.0,1010.0,0
2016-07-12,1005.9356079101562,1010.0,1010.0,1010.0,1010.0,200
2016-07-13,1005.9356079101562,1010.0,1010.0,1010.0,1010.0,200
2016-07-14,1005.9356079101562,1010.0,1013.0,1010.0,1011.0,700
2016-07-15,999.9597778320312,1004.0,1010.0,1004.0,1010.0,1100
2016-07-19,1009.9194946289062,1014.0,1014.0,1010.0,1010.0,1700
2016-07-20,1006.9315795898438,1011.0,1015.0,1011.0,1014.0,1800
2016-07-21,1025.8551025390625,1030.0,1030.0,1020.0,1024.0,2300
2016-07-22,1019.8792724609375,1024.0,1030.0,1024.0,1030.0,400
2016-07-25,1028.843017578125,1033.0,1034.0,1031.0,1034.0,900
2016-07-26,1022.8671875,1027.0,1040.0,1027.0,1040.0,1400
2016-07-27,1020.875244140625,1025.0,1027.0,1025.0,1027.0,700
2016-07-28,1020.875244140625,1025.0,1034.0,1025.0,1027.0,700
2016-07-29,1021.8712158203125,1026.0,1034.0,1025.0,1034.0,1000
2016-08-01,1025.8551025390625,1030.0,1030.0,1030.0,1030.0,100
2016-08-02,1015.8953857421875,1020.0,1030.0,1020.0,1030.0,1000
2016-08-03,993.98388671875,998.0,1000.0,996.0,1000.0,3700
2016-08-04,994.9798583984375,999.0,1000.0,999.0,1000.0,400
2016-08-05,994.9798583984375,999.0,1000.0,999.0,1000.0,500
2016-08-08,997.9677734375,1002.0,1022.0,1002.0,1022.0,800
2016-08-09,999.9597778320312,1004.0,1020.0,1004.0,1020.0,400
2016-08-10,1013.9034423828125,1018.0,1020.0,1018.0,1020.0,500
2016-08-12,1014.8994140625,1019.0,1023.0,1018.0,1018.0,800
2016-08-15,995.975830078125,1000.0,1010.0,1000.0,1010.0,1700
2016-08-16,999.9597778320312,1004.0,1013.0,1003.0,1003.0,500
2016-08-17,1005.9356079101562,1010.0,1010.0,1004.0,1004.0,500
2016-08-18,1005.9356079101562,1010.0,1015.0,1007.0,1015.0,1500
2016-08-19,1012.907470703125,1017.0,1018.0,1010.0,1010.0,1900
2016-08-22,1002.9476928710938,1007.0,1018.0,1007.0,1018.0,1800
2016-08-23,1002.9476928710938,1007.0,1007.0,1007.0,1007.0,0
2016-08-24,1003.9436645507812,1008.0,1019.0,1008.0,1008.0,700
2016-08-25,1005.9356079101562,1010.0,1010.0,1010.0,1010.0,100
2016-08-26,1010.9154663085938,1015.0,1018.0,1015.0,1018.0,400
2016-08-29,1005.9356079101562,1010.0,1015.0,1010.0,1015.0,1100
2016-08-30,1005.9356079101562,1010.0,1016.0,1010.0,1010.0,1400
2016-08-31,1005.9356079101562,1010.0,1018.0,1010.0,1018.0,400
2016-09-01,1011.9114379882812,1016.0,1018.0,1015.0,1018.0,700
2016-09-02,1004.9396362304688,1009.0,1016.0,1009.0,1016.0,800
2016-09-05,1011.9114379882812,1016.0,1016.0,1008.0,1008.0,1300
2016-09-06,1008.9235229492188,1013.0,1015.0,1009.0,1015.0,1000
2016-09-07,1005.9356079101562,1010.0,1013.0,1008.0,1013.0,800
2016-09-08,1006.9315795898438,1011.0,1015.0,1011.0,1015.0,800
2016-09-09,1006.9315795898438,1011.0,1014.0,1011.0,1014.0,1100
2016-09-12,1002.9476928710938,1007.0,1015.0,1007.0,1014.0,2700
2016-09-13,1006.9315795898438,1011.0,1016.0,1009.0,1009.0,1000
2016-09-14,1010.9154663085938,1015.0,1015.0,1015.0,1015.0,400
2016-09-15,1006.9315795898438,1011.0,1015.0,1011.0,1015.0,400
2016-09-16,1004.9396362304688,1009.0,1014.0,1009.0,1014.0,1100
2016-09-20,995.975830078125,1000.0,1009.0,1000.0,1009.0,5000
2016-09-21,999.9597778320312,1004.0,1007.0,1002.0,1002.0,2500
2016-09-23,1003.9436645507812,1008.0,1009.0,1005.0,1008.0,2300
2016-09-26,1000.9557495117188,1005.0,1005.0,1001.0,1005.0,8100
2016-09-27,990.0,994.0,1005.0,990.0,990.0,22000
2016-09-28,985.0,985.0,992.0,981.0,991.0,7300
2016-09-29,994.0,994.0,1000.0,986.0,1000.0,3300
2016-09-30,992.0,992.0,995.0,986.0,986.0,1200
2016-10-03,995.0,995.0,998.0,992.0,995.0,1900
2016-10-04,997.0,997.0,1005.0,996.0,998.0,7700
2016-10-05,995.0,995.0,1005.0,995.0,1005.0,2600
2016-10-06,994.0,994.0,995.0,991.0,995.0,2800
2016-10-07,999.0,999.0,1000.0,994.0,994.0,1200
2016-10-11,999.0,999.0,1002.0,999.0,999.0,2300
2016-10-12,999.0,999.0,1002.0,999.0,1002.0,2500
2016-10-13,1005.0,1005.0,1014.0,1003.0,1005.0,4400
2016-10-14,980.0,980.0,986.0,966.0,975.0,13500
2016-10-17,989.0,989.0,989.0,981.0,981.0,900
2016-10-18,988.0,988.0,992.0,985.0,992.0,2000
2016-10-19,990.0,990.0,990.0,985.0,990.0,1900
2016-10-20,985.0,985.0,991.0,982.0,991.0,2000
2016-10-21,982.0,982.0,985.0,980.0,980.0,1300
2016-10-24,983.0,983.0,983.0,980.0,980.0,1200
2016-10-25,995.0,995.0,998.0,983.0,983.0,1300
2016-10-26,981.0,981.0,990.0,981.0,990.0,1100
2016-10-27,987.0,987.0,992.0,987.0,992.0,500
2016-10-28,986.0,986.0,993.0,984.0,987.0,1400
2016-10-31,986.0,986.0,995.0,985.0,995.0,800
2016-11-01,984.0,984.0,988.0,984.0,986.0,1800
2016-11-02,986.0,986.0,990.0,985.0,990.0,1300
2016-11-04,980.0,980.0,986.0,980.0,986.0,4800
2016-11-07,979.0,979.0,980.0,974.0,979.0,3400
2016-11-08,980.0,980.0,985.0,980.0,985.0,800
2016-11-09,965.0,965.0,985.0,965.0,985.0,5100
2016-11-10,975.0,975.0,984.0,972.0,984.0,1400
2016-11-11,975.0,975.0,978.0,974.0,978.0,1800
2016-11-14,977.0,977.0,979.0,975.0,975.0,2000
2016-11-15,977.0,977.0,980.0,977.0,980.0,1700
2016-11-16,983.0,983.0,986.0,976.0,986.0,1900
2016-11-17,982.0,982.0,983.0,975.0,978.0,3900
2016-11-18,982.0,982.0,986.0,980.0,986.0,2800
2016-11-21,980.0,980.0,982.0,980.0,980.0,1300
2016-11-22,976.0,976.0,979.0,976.0,979.0,3000
2016-11-24,978.0,978.0,984.0,976.0,984.0,2200
2016-11-25,975.0,975.0,982.0,975.0,978.0,1400
2016-11-28,977.0,977.0,985.0,976.0,985.0,800
2016-11-29,984.0,984.0,985.0,982.0,985.0,1500
2016-11-30,969.0,969.0,984.0,965.0,984.0,6300
2016-12-01,976.0,976.0,983.0,970.0,970.0,700
2016-12-02,970.0,970.0,976.0,967.0,976.0,1500
2016-12-05,976.0,976.0,982.0,976.0,982.0,1500
2016-12-06,971.0,971.0,976.0,971.0,976.0,900
2016-12-07,974.0,974.0,976.0,970.0,971.0,1600
2016-12-08,971.0,971.0,974.0,971.0,974.0,1200
2016-12-09,976.0,976.0,980.0,971.0,980.0,1500
2016-12-12,970.0,970.0,978.0,968.0,978.0,4000
2016-12-13,969.0,969.0,970.0,969.0,970.0,1600
2016-12-14,971.0,971.0,975.0,971.0,972.0,800
2016-12-15,969.0,969.0,970.0,962.0,962.0,5500
2016-12-16,970.0,970.0,972.0,970.0,971.0,1700
2016-12-19,969.0,969.0,972.0,969.0,972.0,2800
2016-12-20,973.0,973.0,973.0,969.0,969.0,1600
2016-12-21,970.0,970.0,973.0,970.0,970.0,3200
2016-12-22,970.0,970.0,973.0,970.0,971.0,1500
2016-12-26,968.0,968.0,972.0,968.0,972.0,1700
2016-12-27,967.0,967.0,969.0,965.0,968.0,2800
2016-12-28,968.0,968.0,970.0,967.0,967.0,1300
2016-12-29,970.0,970.0,972.0,970.0,972.0,1000
2016-12-30,968.0,968.0,972.0,967.0,970.0,2800
2017-01-04,969.0,969.0,975.0,969.0,972.0,1400
2017-01-05,971.0,971.0,978.0,969.0,977.0,2900
2017-01-06,977.0,977.0,984.0,974.0,984.0,2300
2017-01-10,979.0,979.0,979.0,975.0,977.0,2200
2017-01-11,977.0,977.0,984.0,977.0,984.0,3300
2017-01-12,978.0,978.0,984.0,976.0,984.0,1000
2017-01-13,976.0,976.0,978.0,976.0,978.0,900
2017-01-16,982.0,982.0,984.0,980.0,980.0,1000
2017-01-17,979.0,979.0,981.0,979.0,981.0,1500
2017-01-18,980.0,980.0,982.0,978.0,982.0,1900
2017-01-19,985.0,985.0,989.0,985.0,986.0,2400
2017-01-20,989.0,989.0,990.0,989.0,990.0,2600
2017-01-23,989.0,989.0,989.0,987.0,989.0,800
2017-01-24,988.0,988.0,990.0,988.0,990.0,400
2017-01-25,987.0,987.0,989.0,987.0,989.0,800
2017-01-26,986.0,986.0,989.0,985.0,989.0,1000
2017-01-27,980.0,980.0,987.0,980.0,987.0,1800
2017-01-30,983.0,983.0,987.0,981.0,981.0,3200
2017-01-31,988.0,988.0,988.0,982.0,984.0,800
2017-02-01,988.0,988.0,988.0,988.0,988.0,0
2017-02-02,987.0,987.0,990.0,987.0,989.0,800
2017-02-03,983.0,983.0,990.0,983.0,990.0,700
2017-02-06,987.0,987.0,989.0,982.0,989.0,400
2017-02-07,987.0,987.0,987.0,987.0,987.0,100
2017-02-08,984.0,984.0,987.0,984.0,986.0,1000
2017-02-09,992.0,992.0,992.0,991.0,992.0,700
2017-02-10,990.0,990.0,997.0,990.0,997.0,1200
2017-02-13,991.0,991.0,995.0,990.0,990.0,1100
2017-02-14,991.0,991.0,993.0,991.0,992.0,900
2017-02-15,991.0,991.0,994.0,991.0,994.0,500
2017-02-16,990.0,990.0,994.0,990.0,992.0,700
2017-02-17,993.0,993.0,995.0,990.0,995.0,1200
2017-02-20,995.0,995.0,995.0,991.0,995.0,2300
2017-02-21,995.0,995.0,995.0,990.0,995.0,2700
2017-02-22,994.0,994.0,999.0,993.0,999.0,2000
2017-02-23,992.0,992.0,997.0,992.0,994.0,800
2017-02-24,992.0,992.0,998.0,992.0,992.0,700
2017-02-27,995.0,995.0,996.0,988.0,992.0,3100
2017-02-28,996.0,996.0,998.0,996.0,998.0,1100
2017-03-01,995.0,995.0,998.0,995.0,998.0,2200
2017-03-02,996.0,996.0,997.0,995.0,995.0,700
2017-03-03,996.0,996.0,1000.0,996.0,999.0,2400
2017-03-06,997.0,997.0,998.0,996.0,996.0,1500
2017-03-07,996.0,996.0,998.0,995.0,998.0,2600
2017-03-08,996.0,996.0,999.0,996.0,999.0,1100
2017-03-09,998.0,998.0,999.0,997.0,998.0,1200
2017-03-10,997.0,997.0,1000.0,997.0,1000.0,2300
2017-03-13,996.0,996.0,999.0,996.0,999.0,3800
2017-03-14,998.0,998.0,999.0,995.0,999.0,1800
2017-03-15,996.0,996.0,999.0,996.0,999.0,1800
2017-03-16,996.0,996.0,998.0,996.0,998.0,700
2017-03-17,998.0,998.0,998.0,996.0,996.0,800
2017-03-21,997.0,997.0,999.0,997.0,998.0,1900
2017-03-22,999.0,999.0,999.0,997.0,998.0,2200
2017-03-23,993.0,993.0,999.0,993.0,999.0,4200
2017-03-24,994.0,994.0,998.0,994.0,998.0,1600
2017-03-27,995.0,995.0,997.0,994.0,997.0,2900
2017-03-28,996.0,996.0,1000.0,995.0,999.0,10700
2017-03-29,979.0,979.0,992.0,976.0,977.0,3600
2017-03-30,979.0,979.0,980.0,979.0,979.0,1900
2017-03-31,980.0,980.0,991.0,980.0,991.0,700
2017-04-03,984.0,984.0,987.0,980.0,980.0,700
2017-04-04,980.0,980.0,987.0,980.0,987.0,1100
2017-04-05,980.0,980.0,980.0,972.0,980.0,2400
2017-04-06,971.0,971.0,980.0,971.0,980.0,1000
2017-04-07,980.0,980.0,987.0,980.0,987.0,300
2017-04-10,979.0,979.0,983.0,979.0,983.0,800
2017-04-11,978.0,978.0,986.0,978.0,986.0,1500
2017-04-12,980.0,980.0,984.0,975.0,984.0,1100
2017-04-13,981.0,981.0,982.0,981.0,982.0,400
2017-04-14,977.0,977.0,981.0,977.0,981.0,1100
2017-04-17,978.0,978.0,978.0,977.0,977.0,300
2017-04-18,984.0,984.0,993.0,980.0,993.0,1500
2017-04-19,994.0,994.0,997.0,989.0,997.0,1500
2017-04-20,994.0,994.0,994.0,994.0,994.0,1500
2017-04-21,988.0,988.0,994.0,988.0,994.0,300
2017-04-24,988.0,988.0,988.0,988.0,988.0,200
2017-04-25,988.0,988.0,995.0,988.0,995.0,800
2017-04-26,992.0,992.0,995.0,992.0,995.0,500
2017-04-27,992.0,992.0,992.0,992.0,992.0,0
2017-04-28,993.0,993.0,995.0,993.0,995.0,600
2017-05-01,993.0,993.0,999.0,993.0,999.0,1700
2017-05-02,992.0,992.0,993.0,992.0,993.0,300
2017-05-08,993.0,993.0,994.0,988.0,993.0,1700
2017-05-09,1000.0,1000.0,1000.0,995.0,995.0,1700
2017-05-10,1000.0,1000.0,1005.0,998.0,1004.0,2300
2017-05-11,999.0,999.0,1000.0,997.0,1000.0,500
2017-05-12,999.0,999.0,1003.0,999.0,1003.0,1100
2017-05-15,989.0,989.0,995.0,987.0,995.0,1000
2017-05-16,990.0,990.0,991.0,990.0,991.0,800
2017-05-17,990.0,990.0,992.0,990.0,990.0,800
2017-05-18,997.0,997.0,997.0,992.0,997.0,1500
2017-05-19,1000.0,1000.0,1000.0,999.0,1000.0,3900
2017-05-22,1001.0,1001.0,1001.0,1000.0,1001.0,2400
2017-05-23,1000.0,1000.0,1001.0,999.0,1001.0,800
2017-05-24,1000.0,1000.0,1001.0,1000.0,1000.0,600
2017-05-25,1000.0,1000.0,1004.0,998.0,1004.0,1000
2017-05-26,998.0,998.0,998.0,987.0,987.0,1300
2017-05-29,1002.0,1002.0,1002.0,1000.0,1000.0,1800
2017-05-30,1003.0,1003.0,1003.0,1002.0,1002.0,600
2017-05-31,993.0,993.0,1002.0,993.0,1002.0,400
2017-06-01,1002.0,1002.0,1002.0,996.0,1002.0,600
2017-06-02,1000.0,1000.0,1004.0,1000.0,1002.0,800
2017-06-05,1003.0,1003.0,1003.0,1000.0,1003.0,1000
2017-06-06,1003.0,1003.0,1003.0,1003.0,1003.0,700
2017-06-07,1003.0,1003.0,1004.0,997.0,1003.0,1200
2017-06-08,1003.0,1003.0,1006.0,1003.0,1006.0,500
2017-06-09,1004.0,1004.0,1007.0,1004.0,1007.0,400
2017-06-12,1004.0,1004.0,1005.0,1004.0,1005.0,800
2017-06-13,1004.0,1004.0,1004.0,1004.0,1004.0,500
2017-06-14,1001.0,1001.0,1005.0,1001.0,1002.0,1300
2017-06-15,1001.0,1001.0,1001.0,1001.0,1001.0,200
2017-06-16,1005.0,1005.0,1005.0,1002.0,1005.0,700
2017-06-19,1003.0,1003.0,1004.0,1001.0,1003.0,2400
2017-06-20,1004.0,1004.0,1004.0,1001.0,1003.0,2000
2017-06-21,1000.0,1000.0,1006.0,1000.0,1006.0,2300
2017-06-22,1000.0,1000.0,1000.0,1000.0,1000.0,500
2017-06-23,1000.0,1000.0,1004.0,1000.0,1004.0,700
2017-06-26,1000.0,1000.0,1000.0,1000.0,1000.0,800
2017-06-27,1000.0,1000.0,1000.0,1000.0,1000.0,300
2017-06-28,999.0,999.0,1004.0,999.0,1004.0,1300
2017-06-29,999.0,999.0,1004.0,999.0,1004.0,500
2017-06-30,1002.0,1002.0,1002.0,1002.0,1002.0,300
2017-07-03,1000.0,1000.0,1002.0,1000.0,1002.0,800
2017-07-04,1000.0,1000.0,1002.0,1000.0,1000.0,1100
2017-07-05,1000.0,1000.0,1000.0,1000.0,1000.0,0
2017-07-06,1000.0,1000.0,1000.0,1000.0,1000.0,200
2017-07-07,1002.0,1002.0,1002.0,999.0,1000.0,1000
2017-07-10,1002.0,1002.0,1003.0,1002.0,1003.0,800
2017-07-11,1003.0,1003.0,1003.0,1002.0,1003.0,800
2017-07-12,1000.0,1000.0,1004.0,1000.0,1004.0,1200
2017-07-13,1004.0,1004.0,1004.0,1002.0,1004.0,500
2017-07-14,1001.0,1001.0,1005.0,1001.0,1005.0,1000
2017-07-17,1001.0,1001.0,1001.0,1001.0,1001.0,0
2017-07-18,1003.0,1003.0,1004.0,1001.0,1004.0,1600
2017-07-19,996.0,996.0,1007.0,996.0,1007.0,4800
2017-07-20,995.0,995.0,1000.0,995.0,1000.0,2700
2017-07-21,995.0,995.0,1000.0,995.0,1000.0,900
2017-07-24,994.0,994.0,1040.0,990.0,1040.0,17800
2017-07-25,990.0,990.0,994.0,986.0,994.0,2100
2017-07-26,997.0,997.0,997.0,983.0,990.0,3000
2017-07-27,988.0,988.0,998.0,971.0,997.0,6500
2017-07-28,997.0,997.0,997.0,988.0,988.0,1600
2017-07-31,997.0,997.0,999.0,997.0,998.0,1400
2017-08-01,998.0,998.0,999.0,998.0,999.0,700
2017-08-02,999.0,999.0,1000.0,999.0,1000.0,800
2017-08-03,999.0,999.0,1000.0,999.0,999.0,800
2017-08-04,1003.0,1003.0,1003.0,999.0,999.0,400
2017-08-07,1005.0,1005.0,1005.0,1002.0,1003.0,1600
2017-08-08,1005.0,1005.0,1006.0,1005.0,1006.0,600
2017-08-09,1007.0,1007.0,1007.0,1000.0,1000.0,1000
2017-08-10,1009.0,1009.0,1010.0,1000.0,1010.0,1900
2017-08-11,1009.0,1009.0,1009.0,1009.0,1009.0,0
2017-08-14,998.0,998.0,1000.0,979.0,979.0,2500
2017-08-15,990.0,990.0,998.0,990.0,998.0,800
2017-08-16,988.0,988.0,989.0,988.0,989.0,700
2017-08-17,1000.0,1000.0,1000.0,988.0,988.0,700
2017-08-18,1000.0,1000.0,1003.0,1000.0,1001.0,1500
2017-08-21,1005.0,1005.0,1005.0,990.0,1005.0,2600
2017-08-22,1020.0,1020.0,1030.0,994.0,1015.0,8000
2017-08-23,1016.0,1016.0,1020.0,998.0,1020.0,900
2017-08-24,1016.0,1016.0,1017.0,1016.0,1017.0,2700
2017-08-25,1002.0,1002.0,1016.0,995.0,1016.0,2600
2017-08-28,1009.0,1009.0,1015.0,1002.0,1015.0,1100
2017-08-29,1005.0,1005.0,1015.0,1004.0,1015.0,1900
2017-08-30,1010.0,1010.0,1010.0,1003.0,1003.0,500
2017-08-31,1016.0,1016.0,1016.0,1005.0,1010.0,800
2017-09-01,1013.0,1013.0,1013.0,1010.0,1010.0,600
2017-09-04,1002.0,1002.0,1008.0,997.0,1008.0,3500
2017-09-05,1000.0,1000.0,1010.0,999.0,1008.0,2300
2017-09-06,1002.0,1002.0,1004.0,1000.0,1000.0,600
2017-09-07,1000.0,1000.0,1002.0,1000.0,1002.0,600
2017-09-08,1001.0,1001.0,1015.0,1000.0,1003.0,2300
2017-09-11,1001.0,1001.0,1009.0,1001.0,1009.0,500
2017-09-12,1001.0,1001.0,1009.0,1001.0,1009.0,1200
2017-09-13,1003.0,1003.0,1006.0,1003.0,1004.0,1200
2017-09-14,1000.0,1000.0,1003.0,999.0,1001.0,2100
2017-09-15,1000.0,1000.0,1000.0,1000.0,1000.0,1500
2017-09-18,1000.0,1000.0,1000.0,1000.0,1000.0,0
2017-09-19,1000.0,1000.0,1000.0,999.0,999.0,2900
2017-09-20,1003.0,1003.0,1003.0,999.0,1000.0,3100
2017-09-21,1003.0,1003.0,1007.0,1003.0,1007.0,2400
2017-09-22,1004.0,1004.0,1004.0,1002.0,1003.0,4100
2017-09-25,1015.0,1015.0,1015.0,1004.0,1004.0,4000
2017-09-26,1012.0,1012.0,1012.0,1005.0,1007.0,14400
2017-09-27,1006.0,1006.0,1006.0,996.0,997.0,11800
2017-09-28,997.0,997.0,1006.0,997.0,1006.0,2400
2017-09-29,995.0,995.0,1002.0,995.0,1000.0,2000
2017-10-02,999.0,999.0,999.0,991.0,992.0,1600
2017-10-03,1000.0,1000.0,1002.0,1000.0,1000.0,1400
2017-10-04,994.0,994.0,1001.0,994.0,1001.0,800
2017-10-05,1003.0,1003.0,1003.0,999.0,1000.0,600
2017-10-06,996.0,996.0,1029.0,988.0,1011.0,11300
2017-10-09,996.0,996.0,996.0,996.0,996.0,0
2017-10-10,992.0,992.0,992.0,990.0,992.0,2600
2017-10-11,993.0,993.0,993.0,991.0,992.0,900
2017-10-12,995.0,995.0,996.0,995.0,995.0,2700
2017-10-13,997.0,997.0,997.0,988.0,995.0,1400
2017-10-16,988.0,988.0,990.0,982.0,982.0,2200
2017-10-17,984.0,984.0,990.0,980.0,980.0,2900
2017-10-18,984.0,984.0,984.0,984.0,984.0,0
2017-10-19,997.0,997.0,999.0,995.0,999.0,1400
2017-10-20,999.0,999.0,1000.0,989.0,1000.0,1700
2017-10-23,990.0,990.0,998.0,987.0,998.0,1500
2017-10-24,988.0,988.0,994.0,986.0,987.0,1300
2017-10-25,993.0,993.0,996.0,989.0,996.0,800
2017-10-26,994.0,994.0,994.0,993.0,993.0,500
2017-10-27,988.0,988.0,994.0,987.0,994.0,2000
2017-10-30,999.0,999.0,999.0,989.0,995.0,1800
2017-10-31,999.0,999.0,1001.0,999.0,1001.0,900
2017-11-01,993.0,993.0,1004.0,991.0,1003.0,1400
2017-11-02,994.0,994.0,1003.0,992.0,993.0,800
2017-11-03,994.0,994.0,994.0,994.0,994.0,0
2017-11-06,994.0,994.0,994.0,994.0,994.0,0
2017-11-07,1001.0,1001.0,1001.0,993.0,993.0,1300
2017-11-08,1001.0,1001.0,1001.0,1001.0,1001.0,0
2017-11-09,1000.0,1000.0,1000.0,1000.0,1000.0,500
2017-11-10,1003.0,1003.0,1005.0,1003.0,1005.0,800
2017-11-13,1003.0,1003.0,1003.0,1003.0,1003.0,0
2017-11-14,1001.0,1001.0,1002.0,1001.0,1002.0,300
2017-11-15,1001.0,1001.0,1001.0,1000.0,1000.0,500
2017-11-16,998.0,998.0,998.0,996.0,996.0,900
2017-11-17,998.0,998.0,998.0,998.0,998.0,0
2017-11-20,1003.0,1003.0,1003.0,1003.0,1003.0,1000
2017-11-21,995.0,995.0,1009.0,984.0,1009.0,3100
2017-11-22,995.0,995.0,995.0,995.0,995.0,0
2017-11-23,995.0,995.0,995.0,995.0,995.0,0
2017-11-24,1000.0,1000.0,1000.0,999.0,999.0,500
2017-11-27,1000.0,1000.0,1000.0,1000.0,1000.0,0
2017-11-28,1000.0,1000.0,1007.0,1000.0,1007.0,600
2017-11-29,1003.0,1003.0,1003.0,1001.0,1001.0,400
2017-11-30,1003.0,1003.0,1003.0,1003.0,1003.0,0
2017-12-01,1008.0,1008.0,1008.0,1003.0,1003.0,600
2017-12-04,1005.0,1005.0,1005.0,995.0,1005.0,1400
2017-12-05,1005.0,1005.0,1005.0,998.0,1005.0,1200
2017-12-06,1008.0,1008.0,1008.0,1001.0,1005.0,1200
2017-12-07,1008.0,1008.0,1008.0,999.0,1003.0,1400
2017-12-08,1003.0,1003.0,1005.0,1001.0,1005.0,900
2017-12-11,1005.0,1005.0,1005.0,1003.0,1005.0,700
2017-12-12,1004.0,1004.0,1006.0,996.0,1005.0,1800
2017-12-13,1003.0,1003.0,1004.0,1001.0,1004.0,600
2017-12-14,1003.0,1003.0,1003.0,993.0,1003.0,2000
2017-12-15,1002.0,1002.0,1006.0,1000.0,1006.0,1100
2017-12-18,1001.0,1001.0,1014.0,1001.0,1014.0,2000
2017-12-19,1008.0,1008.0,1017.0,1007.0,1017.0,1500
2017-12-20,1008.0,1008.0,1008.0,1008.0,1008.0,0
2017-12-21,1003.0,1003.0,1007.0,1000.0,1000.0,1800
2017-12-22,1003.0,1003.0,1003.0,1003.0,1003.0,0
2017-12-25,1006.0,1006.0,1006.0,1006.0,1006.0,300
2017-12-26,1001.0,1001.0,1001.0,1000.0,1000.0,400
2017-12-27,1007.0,1007.0,1007.0,1007.0,1007.0,500
2017-12-28,1000.0,1000.0,1010.0,1000.0,1010.0,800
2017-12-29,1000.0,1000.0,1000.0,1000.0,1000.0,0
2018-01-01,1000.0,1000.0,1000.0,1000.0,1000.0,0
2018-01-02,1000.0,1000.0,1000.0,1000.0,1000.0,0
2018-01-03,1000.0,1000.0,1000.0,1000.0,1000.0,0
2018-01-04,1000.0,1000.0,1000.0,1000.0,1000.0,0
2018-01-05,1005.0,1005.0,1005.0,997.0,999.0,1900
2018-01-08,1005.0,1005.0,1005.0,1005.0,1005.0,0
2018-01-09,1004.0,1004.0,1040.0,1001.0,1040.0,4000
2018-01-10,1004.0,1004.0,1019.0,1004.0,1013.0,1400
2018-01-11,1004.0,1004.0,1004.0,1004.0,1004.0,0
2018-01-12,1010.0,1010.0,1019.0,1010.0,1019.0,500
2018-01-15,1018.0,1018.0,1029.0,1018.0,1029.0,800
2018-01-16,1005.0,1005.0,1011.0,1005.0,1011.0,1400
2018-01-17,1005.0,1005.0,1005.0,1004.0,1004.0,900
2018-01-18,1010.0,1010.0,1017.0,1008.0,1017.0,1100
2018-01-19,1005.0,1005.0,1016.0,1005.0,1016.0,2400
2018-01-22,993.0,993.0,1008.0,993.0,999.0,5900
2018-01-23,1000.0,1000.0,1000.0,994.0,994.0,300
2018-01-24,1000.0,1000.0,1000.0,1000.0,1000.0,0
2018-01-25,995.0,995.0,1005.0,991.0,1000.0,2700
2018-01-26,996.0,996.0,999.0,996.0,996.0,1100
2018-01-29,1002.0,1002.0,1002.0,997.0,1002.0,1000
2018-01-30,1002.0,1002.0,1002.0,1002.0,1002.0,0
2018-01-31,1000.0,1000.0,1000.0,996.0,996.0,300
2018-02-01,997.0,997.0,1000.0,997.0,1000.0,300
2018-02-02,997.0,997.0,997.0,997.0,997.0,0
2018-02-05,997.0,997.0,997.0,995.0,996.0,1300
2018-02-06,989.0,989.0,994.0,985.0,994.0,6300
2018-02-07,1000.0,1000.0,1010.0,1000.0,1010.0,2200
2018-02-08,994.0,994.0,1004.0,993.0,998.0,900
2018-02-09,994.0,994.0,994.0,994.0,994.0,0
2018-02-12,994.0,994.0,994.0,994.0,994.0,0
2018-02-13,998.0,998.0,1000.0,995.0,995.0,800
2018-02-14,992.0,992.0,997.0,992.0,997.0,900
2018-02-15,992.0,992.0,992.0,992.0,992.0,0
2018-02-16,992.0,992.0,997.0,992.0,995.0,600
2018-02-19,1000.0,1000.0,1000.0,993.0,1000.0,1600
2018-02-20,1002.0,1002.0,1004.0,999.0,1002.0,1600
2018-02-21,999.0,999.0,999.0,995.0,995.0,500
2018-02-22,998.0,998.0,998.0,996.0,996.0,300
2018-02-23,998.0,998.0,998.0,998.0,998.0,0
2018-02-26,1000.0,1000.0,1000.0,998.0,998.0,1300
2018-02-27,998.0,998.0,1005.0,998.0,1005.0,600
2018-02-28,999.0,999.0,1004.0,999.0,1004.0,500
2018-03-01,999.0,999.0,999.0,999.0,999.0,0
2018-03-02,1000.0,1000.0,1000.0,998.0,998.0,1200
2018-03-05,997.0,997.0,1000.0,996.0,997.0,1400
2018-03-06,997.0,997.0,997.0,997.0,997.0,0
2018-03-07,999.0,999.0,999.0,999.0,999.0,900
2018-03-08,999.0,999.0,999.0,997.0,999.0,400
2018-03-09,999.0,999.0,999.0,997.0,999.0,800
2018-03-12,1000.0,1000.0,1000.0,997.0,997.0,2000
2018-03-13,997.0,997.0,1000.0,997.0,998.0,700
2018-03-14,1000.0,1000.0,1000.0,998.0,998.0,1200
2018-03-15,1000.0,1000.0,1000.0,1000.0,1000.0,200
2018-03-16,1000.0,1000.0,1000.0,998.0,999.0,1200
2018-03-19,1007.0,1007.0,1008.0,1002.0,1008.0,2200
2018-03-20,1005.0,1005.0,1006.0,1004.0,1006.0,1900
2018-03-21,1005.0,1005.0,1005.0,1005.0,1005.0,0
2018-03-22,1004.0,1004.0,1005.0,1004.0,1005.0,2800
2018-03-23,997.0,997.0,1000.0,997.0,1000.0,2800
2018-03-26,1000.0,1000.0,1000.0,997.0,997.0,1600
2018-03-27,1000.0,1000.0,1000.0,998.0,1000.0,5900
2018-03-28,989.0,989.0,998.0,989.0,997.0,2800
2018-03-29,985.0,985.0,997.0,985.0,997.0,1400
2018-03-30,994.0,994.0,994.0,993.0,993.0,200
2018-04-02,991.0,991.0,995.0,990.0,994.0,1400
2018-04-03,995.0,995.0,995.0,994.0,995.0,900
2018-04-04,997.0,997.0,997.0,997.0,997.0,600
2018-04-05,997.0,997.0,997.0,997.0,997.0,0
2018-04-06,996.0,996.0,996.0,993.0,994.0,900
2018-04-09,996.0,996.0,996.0,995.0,996.0,600
2018-04-10,997.0,997.0,997.0,995.0,997.0,400
2018-04-11,997.0,997.0,999.0,996.0,999.0,600
2018-04-12,996.0,996.0,996.0,996.0,996.0,400
2018-04-13,996.0,996.0,997.0,996.0,997.0,300
2018-04-16,999.0,999.0,999.0,998.0,998.0,200
2018-04-17,999.0,999.0,999.0,999.0,999.0,0
2018-04-18,999.0,999.0,1005.0,999.0,1005.0,1000
2018-04-19,1000.0,1000.0,1004.0,999.0,1004.0,1100
2018-04-20,997.0,997.0,1004.0,997.0,1004.0,1400
2018-04-23,994.0,994.0,1004.0,994.0,995.0,1400
2018-04-24,994.0,994.0,994.0,994.0,994.0,0
2018-04-25,1004.0,1004.0,1005.0,1004.0,1005.0,200
2018-04-26,1004.0,1004.0,1004.0,1004.0,1004.0,0
2018-04-27,1004.0,1004.0,1005.0,1004.0,1005.0,200
2018-04-30,1004.0,1004.0,1004.0,1004.0,1004.0,0
2018-05-01,1004.0,1004.0,1004.0,1004.0,1004.0,0
2018-05-02,996.0,996.0,1004.0,996.0,1004.0,1000
2018-05-03,996.0,996.0,996.0,996.0,996.0,0
2018-05-04,996.0,996.0,996.0,996.0,996.0,0
2018-05-07,1004.0,1004.0,1004.0,997.0,997.0,300
2018-05-08,1000.0,1000.0,1003.0,1000.0,1003.0,400
2018-05-09,1000.0,1000.0,1000.0,1000.0,1000.0,0
2018-05-10,1000.0,1000.0,1000.0,1000.0,1000.0,0
2018-05-11,1005.0,1005.0,1005.0,1005.0,1005.0,1800
2018-05-14,998.0,998.0,1002.0,996.0,997.0,1500
2018-05-15,998.0,998.0,998.0,998.0,998.0,0
2018-05-16,1000.0,1000.0,1000.0,994.0,996.0,1900
2018-05-17,1004.0,1004.0,1005.0,1001.0,1005.0,500
2018-05-18,1006.0,1006.0,1006.0,1001.0,1005.0,1100
2018-05-21,1004.0,1004.0,1008.0,1003.0,1008.0,2000
2018-05-22,1008.0,1008.0,1008.0,1008.0,1008.0,1100
2018-05-23,1008.0,1008.0,1008.0,1008.0,1008.0,0
2018-05-24,1008.0,1008.0,1008.0,1008.0,1008.0,0
2018-05-25,1000.0,1000.0,1004.0,999.0,999.0,1200
2018-05-28,1000.0,1000.0,1000.0,1000.0,1000.0,0
2018-05-29,999.0,999.0,1007.0,999.0,1007.0,1000
2018-05-30,1000.0,1000.0,1000.0,1000.0,1000.0,100
2018-05-31,1000.0,1000.0,1000.0,1000.0,1000.0,0
2018-06-01,1000.0,1000.0,1000.0,1000.0,1000.0,0
2018-06-04,996.0,996.0,1006.0,996.0,1006.0,500
2018-06-05,999.0,999.0,999.0,996.0,996.0,200
2018-06-06,999.0,999.0,999.0,999.0,999.0,200
2018-06-07,1000.0,1000.0,1000.0,995.0,999.0,900
2018-06-08,1000.0,1000.0,1000.0,1000.0,1000.0,600
2018-06-11,997.0,997.0,1004.0,997.0,1004.0,600
2018-06-12,997.0,997.0,1005.0,997.0,1005.0,800
2018-06-13,1004.0,1004.0,1005.0,1000.0,1000.0,500
2018-06-14,1004.0,1004.0,1004.0,1004.0,1004.0,0
2018-06-15,1004.0,1004.0,1004.0,1004.0,1004.0,0
2018-06-18,1002.0,1002.0,1003.0,1000.0,1000.0,1400
2018-06-19,1005.0,1005.0,1005.0,997.0,1005.0,1500
2018-06-20,1005.0,1005.0,1008.0,999.0,1008.0,1600
2018-06-21,1000.0,1000.0,1008.0,999.0,1008.0,1000
2018-06-22,1000.0,1000.0,1003.0,1000.0,1000.0,500
2018-06-25,997.0,997.0,1005.0,997.0,999.0,900
2018-06-26,997.0,997.0,997.0,997.0,997.0,0
2018-06-27,1000.0,1000.0,1000.0,998.0,998.0,600
2018-06-28,999.0,999.0,1004.0,999.0,1000.0,800
2018-06-29,999.0,999.0,999.0,999.0,999.0,0
2018-07-02,1000.0,1000.0,1004.0,998.0,1004.0,1400
2018-07-03,997.0,997.0,1000.0,997.0,1000.0,800
2018-07-04,1000.0,1000.0,1000.0,997.0,997.0,600
2018-07-05,1000.0,1000.0,1000.0,1000.0,1000.0,0
2018-07-06,998.0,998.0,1000.0,998.0,999.0,900
2018-07-09,991.0,991.0,996.0,990.0,990.0,2900
2018-07-10,995.0,995.0,997.0,991.0,991.0,400
2018-07-11,991.0,991.0,999.0,990.0,999.0,2200
2018-07-12,999.0,999.0,1000.0,992.0,1000.0,700
2018-07-13,992.0,992.0,992.0,992.0,992.0,200
2018-07-16,992.0,992.0,992.0,992.0,992.0,0
2018-07-17,1000.0,1000.0,1000.0,992.0,992.0,600
2018-07-18,1000.0,1000.0,1000.0,996.0,1000.0,1400
2018-07-19,1000.0,1000.0,1000.0,996.0,1000.0,1100
2018-07-20,1000.0,1000.0,1000.0,999.0,1000.0,1000
2018-07-23,1000.0,1000.0,1000.0,1000.0,1000.0,0
2018-07-24,1000.0,1000.0,1000.0,1000.0,1000.0,0
2018-07-25,998.0,998.0,998.0,992.0,992.0,200
2018-07-26,999.0,999.0,999.0,994.0,994.0,300
2018-07-27,999.0,999.0,999.0,999.0,999.0,0
2018-07-30,995.0,995.0,999.0,995.0,995.0,900
2018-07-31,995.0,995.0,995.0,995.0,995.0,0
2018-08-01,990.0,990.0,999.0,988.0,990.0,3500
2018-08-02,983.0,983.0,993.0,982.0,993.0,4000
2018-08-03,990.0,990.0,990.0,984.0,985.0,400
2018-08-06,987.0,987.0,992.0,987.0,990.0,1100
2018-08-07,991.0,991.0,991.0,991.0,991.0,100
2018-08-08,987.0,987.0,992.0,985.0,991.0,700
2018-08-09,987.0,987.0,987.0,987.0,987.0,0
2018-08-10,987.0,987.0,987.0,987.0,987.0,0
2018-08-13,990.0,990.0,990.0,985.0,985.0,1100
2018-08-14,987.0,987.0,990.0,981.0,990.0,1800
2018-08-15,996.0,996.0,1003.0,985.0,996.0,6100
2018-08-16,992.0,992.0,996.0,990.0,996.0,900
2018-08-17,995.0,995.0,1000.0,995.0,995.0,1500
2018-08-20,996.0,996.0,1000.0,993.0,1000.0,1000
2018-08-21,988.0,988.0,999.0,987.0,999.0,2600
2018-08-22,988.0,988.0,988.0,988.0,988.0,0
2018-08-23,998.0,998.0,998.0,990.0,990.0,400
2018-08-24,989.0,989.0,990.0,988.0,990.0,4300
2018-08-27,999.0,999.0,999.0,998.0,998.0,400
2018-08-28,991.0,991.0,999.0,990.0,999.0,2000
2018-08-29,998.0,998.0,998.0,990.0,998.0,1800
2018-08-30,989.0,989.0,998.0,989.0,995.0,2600
2018-08-31,988.0,988.0,990.0,988.0,990.0,1300
2018-09-03,993.0,993.0,995.0,988.0,995.0,900
2018-09-04,993.0,993.0,993.0,992.0,993.0,1200
2018-09-05,993.0,993.0,994.0,989.0,989.0,600
2018-09-06,993.0,993.0,993.0,993.0,993.0,0
2018-09-07,994.0,994.0,994.0,991.0,994.0,500
2018-09-10,987.0,987.0,994.0,987.0,994.0,1900
2018-09-11,992.0,992.0,992.0,990.0,991.0,700
2018-09-12,991.0,991.0,992.0,989.0,992.0,1000
2018-09-13,987.0,987.0,990.0,987.0,990.0,1100
2018-09-14,991.0,991.0,992.0,987.0,987.0,900
2018-09-17,991.0,991.0,991.0,991.0,991.0,0
2018-09-18,991.0,991.0,994.0,988.0,994.0,2800
2018-09-19,985.0,985.0,989.0,985.0,988.0,6600
2018-09-20,992.0,992.0,992.0,983.0,984.0,4200
2018-09-21,977.0,977.0,995.0,975.0,995.0,20100
2018-09-24,977.0,977.0,977.0,977.0,977.0,0
2018-09-25,987.0,987.0,989.0,973.0,978.0,15800
2018-09-26,970.0,970.0,980.0,970.0,970.0,5400
2018-09-27,960.0,960.0,970.0,960.0,970.0,5700
2018-09-28,963.0,963.0,970.0,960.0,960.0,2300
2018-10-01,969.0,969.0,973.0,962.0,968.0,2700
2018-10-02,965.0,965.0,969.0,962.0,967.0,1400
2018-10-03,964.0,964.0,968.0,964.0,966.0,900
2018-10-04,966.0,966.0,970.0,966.0,970.0,400
2018-10-05,971.0,971.0,971.0,965.0,966.0,1400
2018-10-08,971.0,971.0,971.0,971.0,971.0,0
2018-10-09,967.0,967.0,971.0,966.0,971.0,500
2018-10-10,967.0,967.0,967.0,967.0,967.0,0
2018-10-11,975.0,975.0,982.0,972.0,973.0,13200
2018-10-12,977.0,977.0,977.0,974.0,974.0,400
2018-10-15,980.0,980.0,982.0,975.0,982.0,1600
2018-10-16,976.0,976.0,976.0,975.0,975.0,500
2018-10-17,982.0,982.0,982.0,980.0,981.0,1500
2018-10-18,984.0,984.0,984.0,982.0,984.0,1300
2018-10-19,984.0,984.0,986.0,982.0,986.0,1500
2018-10-22,983.0,983.0,988.0,982.0,988.0,1300
2018-10-23,983.0,983.0,986.0,983.0,983.0,1000
2018-10-24,980.0,980.0,983.0,980.0,983.0,1500
2018-10-25,973.0,973.0,973.0,973.0,973.0,1400
2018-10-26,974.0,974.0,974.0,974.0,974.0,300
2018-10-29,970.0,970.0,980.0,970.0,974.0,1400
2018-10-30,982.0,982.0,982.0,966.0,980.0,2200
2018-10-31,982.0,982.0,982.0,982.0,982.0,0
2018-11-01,973.0,973.0,980.0,965.0,980.0,1200
2018-11-02,961.0,961.0,987.0,959.0,979.0,3700
2018-11-05,966.0,966.0,967.0,965.0,965.0,400
2018-11-06,963.0,963.0,965.0,963.0,965.0,600
2018-11-07,983.0,983.0,988.0,975.0,988.0,2200
2018-11-08,967.0,967.0,978.0,967.0,978.0,1100
2018-11-09,967.0,967.0,967.0,967.0,967.0,0
2018-11-12,966.0,966.0,978.0,964.0,965.0,700
2018-11-13,963.0,963.0,963.0,963.0,963.0,200
2018-11-14,961.0,961.0,974.0,961.0,963.0,1600
2018-11-15,967.0,967.0,967.0,961.0,961.0,600
2018-11-16,972.0,972.0,973.0,970.0,973.0,400
2018-11-19,973.0,973.0,973.0,970.0,973.0,1500
2018-11-20,971.0,971.0,973.0,962.0,973.0,1200
2018-11-21,974.0,974.0,974.0,971.0,974.0,1300
2018-11-22,970.0,970.0,972.0,964.0,972.0,400
2018-11-23,970.0,970.0,970.0,970.0,970.0,0
2018-11-26,972.0,972.0,972.0,972.0,972.0,100
2018-11-27,972.0,972.0,972.0,972.0,972.0,0
2018-11-28,965.0,965.0,975.0,965.0,975.0,600
2018-11-29,970.0,970.0,978.0,964.0,975.0,900
2018-11-30,966.0,966.0,966.0,958.0,958.0,3100
2018-12-03,966.0,966.0,966.0,966.0,966.0,0
2018-12-04,972.0,972.0,972.0,960.0,960.0,300
2018-12-05,972.0,972.0,972.0,972.0,972.0,0
2018-12-06,969.0,969.0,969.0,960.0,960.0,1100
2018-12-07,963.0,963.0,965.0,963.0,965.0,300
2018-12-10,968.0,968.0,968.0,968.0,968.0,300
2018-12-11,964.0,964.0,970.0,963.0,970.0,500
2018-12-12,964.0,964.0,964.0,964.0,964.0,0
2018-12-13,962.0,962.0,968.0,962.0,968.0,300
2018-12-14,962.0,962.0,962.0,962.0,962.0,0
2018-12-17,962.0,962.0,962.0,962.0,962.0,0
2018-12-18,965.0,965.0,969.0,962.0,969.0,1900
2018-12-19,968.0,968.0,968.0,963.0,966.0,1300
2018-12-20,967.0,967.0,970.0,951.0,968.0,6400
2018-12-21,949.0,949.0,964.0,949.0,958.0,1900
2018-12-24,949.0,949.0,949.0,949.0,949.0,0
2018-12-25,916.0,916.0,930.0,903.0,921.0,4400
2018-12-26,908.0,908.0,909.0,904.0,909.0,1100
2018-12-27,923.0,923.0,924.0,914.0,915.0,900
2018-12-28,929.0,929.0,929.0,925.0,929.0,1300
2018-12-31,929.0,929.0,929.0,929.0,929.0,0
2019-01-04,940.0,940.0,940.0,931.0,938.0,1400
2019-01-07,957.0,957.0,957.0,957.0,957.0,500
2019-01-08,957.0,957.0,957.0,957.0,957.0,0
2019-01-09,960.0,960.0,964.0,958.0,958.0,800
2019-01-10,969.0,969.0,969.0,969.0,969.0,200
2019-01-11,969.0,969.0,969.0,969.0,969.0,0
2019-01-15,969.0,969.0,969.0,967.0,969.0,400
2019-01-16,969.0,969.0,969.0,969.0,969.0,0
2019-01-17,963.0,963.0,965.0,963.0,965.0,700
2019-01-18,967.0,967.0,967.0,965.0,966.0,1200
2019-01-21,967.0,967.0,967.0,967.0,967.0,0
2019-01-22,966.0,966.0,967.0,963.0,967.0,1400
2019-01-23,966.0,966.0,966.0,966.0,966.0,0
2019-01-24,960.0,960.0,962.0,959.0,962.0,300
2019-01-25,960.0,960.0,960.0,960.0,960.0,0
2019-01-28,960.0,960.0,960.0,960.0,960.0,0
2019-01-29,960.0,960.0,960.0,960.0,960.0,900
2019-01-30,951.0,951.0,959.0,951.0,959.0,800
2019-01-31,950.0,950.0,953.0,950.0,951.0,800
2019-02-01,950.0,950.0,950.0,950.0,950.0,0
2019-02-04,946.0,946.0,946.0,946.0,946.0,800
2019-02-05,946.0,946.0,946.0,946.0,946.0,100
2019-02-06,946.0,946.0,946.0,946.0,946.0,0
2019-02-07,946.0,946.0,946.0,946.0,946.0,400
2019-02-08,943.0,943.0,943.0,943.0,943.0,600
2019-02-12,954.0,954.0,957.0,944.0,945.0,1000
2019-02-13,954.0,954.0,959.0,954.0,959.0,600
2019-02-14,952.0,952.0,954.0,952.0,954.0,300
2019-02-15,957.0,957.0,960.0,952.0,952.0,700
2019-02-18,957.0,957.0,957.0,957.0,957.0,0
2019-02-19,967.0,967.0,968.0,958.0,968.0,1200
2019-02-20,967.0,967.0,969.0,967.0,969.0,800
2019-02-21,955.0,955.0,955.0,952.0,952.0,300
2019-02-22,955.0,955.0,955.0,955.0,955.0,0
2019-02-25,967.0,967.0,969.0,958.0,969.0,500
2019-02-26,967.0,967.0,967.0,967.0,967.0,100
2019-02-27,967.0,967.0,967.0,967.0,967.0,0
2019-02-28,969.0,969.0,969.0,962.0,969.0,700
2019-03-01,959.0,959.0,969.0,959.0,969.0,900
2019-03-04,959.0,959.0,969.0,959.0,969.0,400
2019-03-05,959.0,959.0,959.0,959.0,959.0,0
2019-03-06,959.0,959.0,960.0,959.0,959.0,400
2019-03-07,959.0,959.0,959.0,959.0,959.0,0
2019-03-08,958.0,958.0,961.0,958.0,960.0,1700
2019-03-11,965.0,965.0,968.0,958.0,960.0,800
2019-03-12,968.0,968.0,968.0,959.0,967.0,900
2019-03-13,966.0,966.0,968.0,966.0,968.0,300
2019-03-14,966.0,966.0,966.0,966.0,966.0,0
2019-03-15,963.0,963.0,967.0,961.0,967.0,700
2019-03-18,963.0,963.0,963.0,963.0,963.0,0
2019-03-19,967.0,967.0,968.0,966.0,968.0,1300
2019-03-20,970.0,970.0,970.0,966.0,970.0,1400
2019-03-22,963.0,963.0,969.0,962.0,963.0,2300
2019-03-25,972.0,972.0,975.0,964.0,969.0,2700
2019-03-26,970.0,970.0,973.0,965.0,972.0,5000
2019-03-27,952.0,952.0,952.0,940.0,941.0,1000
2019-03-28,952.0,952.0,952.0,952.0,952.0,0
2019-03-29,948.0,948.0,970.0,947.0,954.0,2800
2019-04-01,948.0,948.0,948.0,948.0,948.0,0
2019-04-02,943.0,943.0,943.0,943.0,943.0,600
2019-04-03,943.0,943.0,943.0,943.0,943.0,100
2019-04-04,942.0,942.0,956.0,942.0,956.0,300
2019-04-05,942.0,942.0,956.0,942.0,956.0,400
2019-04-08,942.0,942.0,942.0,932.0,932.0,900
2019-04-09,942.0,942.0,945.0,942.0,942.0,1100
2019-04-10,944.0,944.0,944.0,943.0,943.0,300
2019-04-11,944.0,944.0,944.0,943.0,943.0,300
2019-04-12,934.0,934.0,935.0,933.0,933.0,700
2019-04-15,942.0,942.0,942.0,932.0,932.0,700
2019-04-16,935.0,935.0,942.0,935.0,942.0,500
2019-04-17,939.0,939.0,939.0,935.0,935.0,500
2019-04-18,942.0,942.0,942.0,936.0,942.0,2400
2019-04-19,938.0,938.0,941.0,938.0,941.0,1700
2019-04-22,947.0,947.0,949.0,935.0,949.0,2000
2019-04-23,944.0,944.0,945.0,940.0,940.0,500
2019-04-24,940.0,940.0,940.0,940.0,940.0,200
2019-04-25,935.0,935.0,935.0,935.0,935.0,200
2019-04-26,941.0,941.0,944.0,941.0,944.0,400
2019-05-07,950.0,950.0,950.0,940.0,945.0,1200
2019-05-08,950.0,950.0,950.0,942.0,950.0,1000
2019-05-09,945.0,945.0,953.0,945.0,953.0,300
2019-05-10,943.0,943.0,952.0,943.0,952.0,400
2019-05-13,945.0,945.0,945.0,940.0,941.0,800
2019-05-14,940.0,940.0,940.0,931.0,935.0,1200
2019-05-15,943.0,943.0,943.0,929.0,930.0,900
2019-05-16,933.0,933.0,936.0,933.0,936.0,400
2019-05-17,944.0,944.0,944.0,936.0,936.0,500
2019-05-20,944.0,944.0,944.0,944.0,944.0,800
2019-05-21,950.0,950.0,950.0,942.0,949.0,1100
2019-05-22,954.0,954.0,954.0,954.0,954.0,900
2019-05-23,939.0,939.0,939.0,939.0,939.0,200
2019-05-24,934.0,934.0,934.0,934.0,934.0,900
2019-05-27,934.0,934.0,949.0,934.0,934.0,700
2019-05-28,944.0,944.0,944.0,944.0,944.0,600
2019-05-29,943.0,943.0,943.0,932.0,943.0,900
2019-05-30,940.0,940.0,940.0,933.0,933.0,200
2019-05-31,933.0,933.0,940.0,933.0,940.0,500
2019-06-03,942.0,942.0,942.0,932.0,941.0,900
2019-06-04,933.0,933.0,933.0,933.0,933.0,300
2019-06-05,931.0,931.0,931.0,931.0,931.0,500
2019-06-06,932.0,932.0,938.0,932.0,938.0,200
2019-06-07,948.0,948.0,949.0,929.0,930.0,1300
2019-06-10,947.0,947.0,948.0,945.0,948.0,600
2019-06-11,938.0,938.0,950.0,938.0,950.0,400
2019-06-12,947.0,947.0,947.0,937.0,947.0,700
2019-06-13,943.0,943.0,943.0,940.0,941.0,500
2019-06-14,947.0,947.0,947.0,940.0,943.0,400
2019-06-17,948.0,948.0,948.0,935.0,935.0,800
2019-06-18,944.0,944.0,948.0,944.0,948.0,1200
2019-06-19,949.0,949.0,949.0,944.0,948.0,1300
2019-06-20,948.0,948.0,949.0,946.0,949.0,1300
2019-06-21,949.0,949.0,949.0,947.0,948.0,900
2019-06-24,948.0,948.0,949.0,946.0,949.0,400
2019-06-25,946.0,946.0,946.0,946.0,946.0,700
2019-06-26,945.0,945.0,946.0,945.0,946.0,800
2019-06-27,944.0,944.0,944.0,940.0,942.0,900
2019-06-28,941.0,941.0,945.0,941.0,944.0,600
2019-07-01,948.0,948.0,948.0,947.0,947.0,900
2019-07-02,947.0,947.0,947.0,947.0,947.0,400
2019-07-03,946.0,946.0,947.0,946.0,947.0,200
2019-07-04,944.0,944.0,946.0,944.0,946.0,700
2019-07-05,950.0,950.0,950.0,944.0,944.0,800
2019-07-08,950.0,950.0,950.0,949.0,950.0,500
2019-07-09,949.0,949.0,950.0,949.0,950.0,300
2019-07-10,942.0,942.0,950.0,931.0,950.0,2600
2019-07-11,942.0,942.0,947.0,942.0,947.0,300
2019-07-12,947.0,947.0,947.0,947.0,947.0,100
2019-07-16,945.0,945.0,948.0,945.0,948.0,900
2019-07-17,946.0,946.0,947.0,946.0,947.0,300
2019-07-18,948.0,948.0,948.0,945.0,948.0,1700
2019-07-19,955.0,955.0,955.0,948.0,949.0,1600
2019-07-22,951.0,951.0,951.0,948.0,949.0,1600
2019-07-23,948.0,948.0,950.0,948.0,950.0,300
2019-07-24,948.0,948.0,953.0,948.0,953.0,300
2019-07-25,938.0,938.0,950.0,933.0,950.0,2700
2019-07-26,938.0,938.0,938.0,934.0,938.0,500
2019-07-29,943.0,943.0,943.0,938.0,938.0,400
2019-07-30,948.0,948.0,949.0,947.0,949.0,1000
2019-07-31,948.0,948.0,954.0,948.0,948.0,900
2019-08-01,948.0,948.0,948.0,948.0,948.0,400
2019-08-02,948.0,948.0,949.0,948.0,949.0,600
2019-08-05,945.0,945.0,948.0,945.0,948.0,900
2019-08-06,938.0,938.0,945.0,938.0,945.0,1100
2019-08-07,939.0,939.0,939.0,938.0,938.0,600
2019-08-08,938.0,938.0,941.0,938.0,941.0,700
2019-08-09,950.0,950.0,953.0,950.0,953.0,800
2019-08-13,940.0,940.0,954.0,940.0,950.0,2300
2019-08-14,937.0,937.0,945.0,937.0,941.0,1900
2019-08-15,937.0,937.0,941.0,932.0,938.0,1300
2019-08-16,934.0,934.0,942.0,934.0,937.0,1200
2019-08-19,936.0,936.0,940.0,933.0,940.0,1400
2019-08-20,940.0,940.0,940.0,939.0,940.0,1300
2019-08-21,940.0,940.0,940.0,939.0,940.0,1100
2019-08-22,941.0,941.0,944.0,940.0,940.0,1000
2019-08-23,937.0,937.0,939.0,937.0,938.0,600
2019-08-26,935.0,935.0,938.0,935.0,938.0,800
2019-08-27,934.0,934.0,934.0,934.0,934.0,300
2019-08-28,943.0,943.0,943.0,934.0,934.0,800
2019-08-29,936.0,936.0,944.0,936.0,944.0,1500
2019-08-30,937.0,937.0,937.0,936.0,936.0,1000
2019-09-02,935.0,935.0,936.0,935.0,935.0,800
2019-09-03,940.0,940.0,943.0,935.0,935.0,600
2019-09-04,944.0,944.0,944.0,939.0,943.0,1000
2019-09-05,941.0,941.0,944.0,936.0,944.0,600
2019-09-06,939.0,939.0,946.0,935.0,935.0,2000
2019-09-09,942.0,942.0,947.0,940.0,947.0,1400
2019-09-10,942.0,942.0,947.0,942.0,947.0,900
2019-09-11,949.0,949.0,950.0,942.0,950.0,1000
2019-09-12,941.0,941.0,945.0,941.0,945.0,700
2019-09-13,941.0,941.0,946.0,938.0,938.0,1300
2019-09-17,944.0,944.0,945.0,941.0,945.0,1200
2019-09-18,941.0,941.0,945.0,940.0,945.0,2300
2019-09-19,944.0,944.0,945.0,940.0,945.0,2500
2019-09-20,943.0,943.0,948.0,941.0,945.0,2900
2019-09-24,943.0,943.0,943.0,940.0,941.0,1800
2019-09-25,942.0,942.0,943.0,938.0,938.0,4300
2019-09-26,942.0,942.0,949.0,941.0,947.0,10900
2019-09-27,939.0,939.0,939.0,932.0,932.0,5300
2019-09-30,938.0,938.0,940.0,935.0,939.0,3500
2019-10-01,939.0,939.0,942.0,939.0,940.0,2200
2019-10-02,944.0,944.0,944.0,934.0,940.0,2500
2019-10-03,943.0,943.0,944.0,938.0,943.0,2400
2019-10-04,943.0,943.0,946.0,942.0,943.0,1300
2019-10-07,942.0,942.0,944.0,942.0,943.0,700
2019-10-08,943.0,943.0,944.0,943.0,943.0,900
2019-10-09,944.0,944.0,945.0,942.0,945.0,1100
2019-10-10,951.0,951.0,956.0,944.0,949.0,6300
2019-10-11,934.0,934.0,943.0,931.0,943.0,3800
2019-10-15,933.0,933.0,936.0,932.0,934.0,3000
2019-10-16,935.0,935.0,939.0,935.0,939.0,1800
2019-10-17,934.0,934.0,936.0,932.0,936.0,2400
2019-10-18,929.0,929.0,936.0,929.0,936.0,4900
2019-10-21,932.0,932.0,938.0,929.0,938.0,2500
2019-10-23,930.0,930.0,939.0,930.0,939.0,1400
2019-10-24,929.0,929.0,930.0,928.0,930.0,2000
2019-10-25,922.0,922.0,926.0,922.0,926.0,2200
2019-10-28,921.0,921.0,922.0,920.0,922.0,2000
2019-10-29,920.0,920.0,921.0,918.0,921.0,1900
2019-10-30,912.0,912.0,919.0,912.0,919.0,1900
2019-10-31,899.0,899.0,912.0,895.0,912.0,6500
2019-11-01,894.0,894.0,899.0,894.0,899.0,4500
2019-11-05,894.0,894.0,896.0,894.0,895.0,2300
2019-11-06,894.0,894.0,897.0,893.0,894.0,2900
2019-11-07,893.0,893.0,896.0,892.0,895.0,3600
2019-11-08,875.0,875.0,893.0,865.0,893.0,12200
2019-11-11,867.0,867.0,875.0,867.0,875.0,8600
2019-11-12,859.0,859.0,871.0,857.0,868.0,5700
2019-11-13,840.0,840.0,858.0,833.0,855.0,7800
2019-11-14,830.0,830.0,839.0,830.0,830.0,4000
2019-11-15,830.0,830.0,832.0,828.0,829.0,3800
2019-11-18,834.0,834.0,850.0,828.0,835.0,5100
2019-11-19,831.0,831.0,834.0,830.0,834.0,3000
2019-11-20,830.0,830.0,833.0,830.0,833.0,4300
2019-11-21,829.0,829.0,833.0,829.0,833.0,2500
2019-11-22,828.0,828.0,830.0,828.0,829.0,3000
2019-11-25,827.0,827.0,829.0,827.0,829.0,2900
2019-11-26,824.0,824.0,828.0,818.0,827.0,3900
2019-11-27,816.0,816.0,824.0,816.0,824.0,3500
2019-11-28,810.0,810.0,815.0,808.0,815.0,7300
2019-11-29,819.0,819.0,819.0,809.0,810.0,4900
2019-12-02,810.0,810.0,820.0,809.0,819.0,3600
2019-12-03,811.0,811.0,815.0,810.0,815.0,2600
2019-12-04,814.0,814.0,820.0,807.0,809.0,5500
2019-12-05,812.0,812.0,816.0,811.0,814.0,2000
2019-12-06,814.0,814.0,820.0,810.0,810.0,5000
2019-12-09,820.0,820.0,820.0,818.0,819.0,1700
2019-12-10,817.0,817.0,821.0,817.0,821.0,3800
2019-12-11,821.0,821.0,826.0,821.0,824.0,2900
2019-12-12,820.0,820.0,823.0,820.0,821.0,2600
2019-12-13,821.0,821.0,822.0,818.0,820.0,2600
2019-12-16,818.0,818.0,829.0,818.0,829.0,3500
2019-12-17,813.0,813.0,818.0,813.0,818.0,4500
2019-12-18,813.0,813.0,818.0,812.0,818.0,2300
2019-12-19,811.0,811.0,817.0,809.0,817.0,4400
2019-12-20,815.0,815.0,816.0,811.0,816.0,2100
2019-12-23,811.0,811.0,812.0,810.0,811.0,4200
2019-12-24,807.0,807.0,813.0,807.0,813.0,5200
2019-12-25,807.0,807.0,808.0,806.0,807.0,5000
2019-12-26,807.0,807.0,817.0,806.0,809.0,9700
2019-12-27,806.0,806.0,807.0,805.0,807.0,6100
2019-12-30,808.0,808.0,810.0,806.0,806.0,2200
2020-01-06,809.0,809.0,810.0,808.0,810.0,1600
2020-01-07,811.0,811.0,811.0,810.0,810.0,1000
2020-01-08,810.0,810.0,820.0,810.0,813.0,2500
2020-01-09,824.0,824.0,837.0,820.0,826.0,1500
2020-01-10,819.0,819.0,825.0,819.0,825.0,2300
2020-01-14,820.0,820.0,820.0,819.0,820.0,1200
2020-01-15,820.0,820.0,820.0,819.0,820.0,1200
2020-01-16,816.0,816.0,820.0,814.0,820.0,1700
2020-01-17,802.0,802.0,814.0,802.0,806.0,10100
2020-01-20,807.0,807.0,808.0,802.0,802.0,4000
2020-01-21,813.0,813.0,814.0,809.0,810.0,3000
2020-01-22,811.0,811.0,823.0,810.0,818.0,2600
2020-01-23,811.0,811.0,823.0,810.0,818.0,2600
2020-01-24,813.0,813.0,823.0,812.0,819.0,2000
2020-01-27,809.0,809.0,809.0,806.0,806.0,1100
2020-01-28,812.0,812.0,818.0,808.0,815.0,2300
2020-01-29,816.0,816.0,816.0,815.0,815.0,1000
2020-01-30,817.0,817.0,819.0,817.0,819.0,500
2020-01-31,813.0,813.0,817.0,812.0,817.0,900
2020-02-03,813.0,813.0,813.0,807.0,810.0,900
2020-02-04,810.0,810.0,813.0,810.0,813.0,500
2020-02-05,810.0,810.0,811.0,810.0,810.0,1000
2020-02-06,813.0,813.0,813.0,811.0,812.0,500
2020-02-07,815.0,815.0,819.0,813.0,819.0,600
2020-02-10,818.0,818.0,820.0,813.0,820.0,900
2020-02-12,817.0,817.0,828.0,817.0,828.0,1300
2020-02-13,817.0,817.0,828.0,817.0,828.0,1300
2020-02-14,822.0,822.0,822.0,818.0,818.0,500
2020-02-17,825.0,825.0,837.0,824.0,830.0,2200
2020-02-18,818.0,818.0,835.0,811.0,835.0,3400
2020-02-19,830.0,830.0,834.0,825.0,832.0,2700
2020-02-20,827.0,827.0,827.0,818.0,818.0,1400
2020-02-21,827.0,827.0,827.0,818.0,818.0,1400
2020-02-25,814.0,814.0,820.0,813.0,820.0,2000
2020-02-26,810.0,810.0,815.0,810.0,813.0,2600
2020-02-27,808.0,808.0,824.0,808.0,811.0,6000
2020-02-28,750.0,750.0,805.0,745.0,803.0,13500
2020-03-02,785.0,785.0,796.0,750.0,750.0,7200
2020-03-03,789.0,789.0,798.0,785.0,786.0,3100
2020-03-04,782.0,782.0,790.0,782.0,790.0,1500
2020-03-05,786.0,786.0,786.0,780.0,780.0,2000
2020-03-06,771.0,771.0,786.0,770.0,786.0,2000
2020-03-09,758.0,758.0,786.0,751.0,786.0,4800
2020-03-10,734.0,734.0,749.0,733.0,745.0,4300
2020-03-11,754.0,754.0,780.0,748.0,748.0,1800
2020-03-12,732.0,732.0,750.0,732.0,750.0,2100
2020-03-13,663.0,663.0,700.0,650.0,700.0,6700
2020-03-16,699.0,699.0,733.0,686.0,733.0,5000
2020-03-17,755.0,755.0,755.0,691.0,698.0,2300
2020-03-18,802.0,802.0,815.0,770.0,770.0,3300
2020-03-19,814.0,814.0,819.0,807.0,818.0,3800
2020-03-23,815.0,815.0,818.0,806.0,818.0,4000
2020-03-24,810.0,810.0,815.0,803.0,803.0,2600
2020-03-25,809.0,809.0,815.0,804.0,810.0,1400
2020-03-26,805.0,805.0,809.0,804.0,809.0,2300
2020-03-27,800.0,800.0,810.0,800.0,810.0,6500
2020-03-30,777.0,777.0,799.0,754.0,799.0,2700
2020-03-31,771.0,771.0,789.0,770.0,789.0,1800
2020-04-01,772.0,772.0,776.0,770.0,776.0,600
2020-04-02,769.0,769.0,771.0,767.0,771.0,1100
2020-04-03,775.0,775.0,778.0,775.0,778.0,300
2020-04-06,747.0,747.0,775.0,720.0,775.0,3000
2020-04-07,773.0,773.0,774.0,762.0,762.0,700
2020-04-08,749.0,749.0,775.0,745.0,775.0,1900
2020-04-09,769.0,769.0,783.0,763.0,763.0,1400
2020-04-10,777.0,777.0,796.0,772.0,784.0,3600
2020-04-13,808.0,808.0,808.0,766.0,769.0,1800
2020-04-14,801.0,801.0,810.0,790.0,798.0,900
2020-04-15,785.0,785.0,807.0,785.0,807.0,3500
2020-04-16,781.0,781.0,781.0,781.0,781.0,100
2020-04-17,785.0,785.0,791.0,781.0,781.0,3500
2020-04-20,792.0,792.0,794.0,790.0,790.0,1400
2020-04-21,799.0,799.0,800.0,794.0,799.0,1500
2020-04-22,807.0,807.0,814.0,795.0,814.0,1600
2020-04-23,797.0,797.0,797.0,782.0,782.0,600
2020-04-24,797.0,797.0,797.0,797.0,797.0,0
2020-04-27,797.0,797.0,797.0,786.0,797.0,900
2020-04-28,808.0,808.0,808.0,808.0,808.0,400
2020-04-30,798.0,798.0,815.0,798.0,814.0,1400
2020-05-01,785.0,785.0,798.0,783.0,798.0,600
2020-05-07,791.0,791.0,791.0,791.0,791.0,200
2020-05-08,799.0,799.0,806.0,797.0,806.0,1000
2020-05-11,803.0,803.0,811.0,800.0,811.0,1100
2020-05-12,810.0,810.0,814.0,810.0,811.0,1100
2020-05-13,815.0,815.0,815.0,801.0,810.0,400
2020-05-14,819.0,819.0,819.0,815.0,815.0,1200
2020-05-15,820.0,820.0,820.0,819.0,819.0,2800
2020-05-18,819.0,819.0,819.0,805.0,819.0,2100
2020-05-19,819.0,819.0,822.0,813.0,822.0,1400
2020-05-20,822.0,822.0,823.0,810.0,822.0,1800
2020-05-21,822.0,822.0,822.0,813.0,815.0,500
2020-05-22,810.0,810.0,815.0,806.0,815.0,1100
2020-05-25,810.0,810.0,823.0,807.0,823.0,1300
2020-05-26,802.0,802.0,802.0,802.0,802.0,900
2020-05-27,814.0,814.0,814.0,807.0,809.0,2300
2020-05-28,816.0,816.0,816.0,813.0,815.0,1900
2020-05-29,810.0,810.0,820.0,810.0,820.0,1300
2020-06-01,805.0,805.0,810.0,805.0,810.0,1200
2020-06-02,810.0,810.0,814.0,803.0,814.0,400
2020-06-03,810.0,810.0,810.0,806.0,810.0,600
2020-06-04,812.0,812.0,814.0,812.0,814.0,200
2020-06-05,815.0,815.0,815.0,807.0,810.0,1000
2020-06-08,841.0,841.0,841.0,832.0,832.0,5600
2020-06-09,834.0,834.0,842.0,833.0,842.0,2000
2020-06-10,834.0,834.0,850.0,834.0,849.0,3100
2020-06-11,825.0,825.0,825.0,825.0,825.0,100
2020-06-12,817.0,817.0,825.0,817.0,820.0,1100
2020-06-15,809.0,809.0,824.0,794.0,817.0,3800
2020-06-16,807.0,807.0,809.0,799.0,809.0,1100
2020-06-17,818.0,818.0,818.0,812.0,812.0,500
2020-06-18,832.0,832.0,834.0,819.0,834.0,2000
2020-06-19,848.0,848.0,848.0,826.0,841.0,2200
2020-06-22,853.0,853.0,860.0,844.0,860.0,1800
2020-06-23,848.0,848.0,860.0,848.0,860.0,400
2020-06-24,845.0,845.0,845.0,845.0,845.0,200
2020-06-25,840.0,840.0,843.0,840.0,843.0,300
2020-06-26,860.0,860.0,860.0,843.0,843.0,1800
2020-06-29,859.0,859.0,860.0,841.0,841.0,1400
2020-06-30,855.0,855.0,860.0,848.0,860.0,900
2020-07-01,834.0,834.0,839.0,834.0,835.0,1600
2020-07-02,845.0,845.0,847.0,830.0,847.0,1500
2020-07-03,820.0,820.0,860.0,820.0,860.0,2800
2020-07-06,833.0,833.0,861.0,833.0,835.0,2300
2020-07-07,841.0,841.0,841.0,841.0,841.0,200
2020-07-08,844.0,844.0,856.0,839.0,850.0,1800
2020-07-09,854.0,854.0,854.0,850.0,850.0,1000
2020-07-10,851.0,851.0,859.0,851.0,859.0,1200
2020-07-13,851.0,851.0,854.0,851.0,853.0,2000
2020-07-14,844.0,844.0,851.0,844.0,851.0,800
2020-07-15,851.0,851.0,851.0,845.0,850.0,700
2020-07-16,840.0,840.0,852.0,840.0,844.0,2500
2020-07-17,849.0,849.0,849.0,847.0,848.0,500
2020-07-20,852.0,852.0,852.0,842.0,852.0,1500
2020-07-21,850.0,850.0,858.0,841.0,858.0,2400
2020-07-22,843.0,843.0,860.0,840.0,860.0,2300
2020-07-27,854.0,854.0,854.0,850.0,850.0,700
2020-07-28,842.0,842.0,855.0,842.0,854.0,1700
2020-07-29,853.0,853.0,853.0,851.0,852.0,2600
2020-07-30,840.0,840.0,854.0,840.0,844.0,1200
2020-07-31,836.0,836.0,842.0,836.0,840.0,1100
2020-08-03,840.0,840.0,840.0,836.0,836.0,1100
2020-08-04,842.0,842.0,845.0,840.0,845.0,400
2020-08-05,857.0,857.0,890.0,842.0,842.0,5100
2020-08-06,850.0,850.0,859.0,845.0,855.0,1600
2020-08-07,860.0,860.0,865.0,854.0,865.0,1000
2020-08-11,888.0,888.0,891.0,865.0,890.0,9700
2020-08-12,827.0,827.0,844.0,813.0,813.0,12400
2020-08-13,833.0,833.0,840.0,828.0,840.0,2100
2020-08-14,838.0,838.0,842.0,834.0,842.0,1100
2020-08-17,850.0,850.0,854.0,839.0,846.0,2800
2020-08-18,862.0,862.0,869.0,855.0,865.0,2200
2020-08-19,876.0,876.0,877.0,861.0,877.0,2600
2020-08-20,880.0,880.0,880.0,876.0,880.0,2100
2020-08-21,886.0,886.0,887.0,865.0,865.0,1600
2020-08-24,891.0,891.0,891.0,878.0,888.0,3500
2020-08-25,893.0,893.0,896.0,880.0,892.0,3700
2020-08-26,900.0,900.0,900.0,890.0,896.0,4400
2020-08-27,900.0,900.0,900.0,887.0,892.0,1100
2020-08-28,875.0,875.0,899.0,875.0,885.0,3400
2020-08-31,892.0,892.0,895.0,876.0,876.0,2100
2020-09-01,880.0,880.0,892.0,877.0,877.0,2200
2020-09-02,887.0,887.0,888.0,875.0,876.0,1900
2020-09-03,888.0,888.0,888.0,881.0,887.0,300
2020-09-04,881.0,881.0,888.0,880.0,888.0,1200
2020-09-07,900.0,900.0,900.0,881.0,898.0,4700
2020-09-08,885.0,885.0,907.0,877.0,900.0,3800
2020-09-09,904.0,904.0,905.0,885.0,900.0,1700
2020-09-10,898.0,898.0,908.0,893.0,904.0,1100
2020-09-11,897.0,897.0,902.0,894.0,898.0,1100
2020-09-14,901.0,901.0,908.0,901.0,908.0,1100
2020-09-15,908.0,908.0,908.0,902.0,902.0,800
2020-09-16,908.0,908.0,908.0,901.0,901.0,800
2020-09-17,908.0,908.0,909.0,904.0,908.0,1100
2020-09-18,912.0,912.0,912.0,909.0,909.0,3800
2020-09-23,916.0,916.0,916.0,912.0,915.0,3600
2020-09-24,917.0,917.0,919.0,910.0,917.0,3200
2020-09-25,904.0,904.0,910.0,887.0,887.0,7700
2020-09-28,918.0,918.0,918.0,904.0,904.0,13000
2020-09-29,891.0,891.0,936.0,887.0,936.0,8900
2020-09-30,912.0,912.0,912.0,903.0,908.0,1300
2020-10-02,895.0,895.0,908.0,893.0,908.0,1400
2020-10-05,905.0,905.0,910.0,895.0,895.0,1100
2020-10-06,900.0,900.0,912.0,900.0,912.0,800
2020-10-07,912.0,912.0,912.0,893.0,900.0,1300
2020-10-08,912.0,912.0,912.0,900.0,912.0,1200
2020-10-09,913.0,913.0,913.0,902.0,912.0,1600
2020-10-12,897.0,897.0,915.0,897.0,915.0,1000
2020-10-13,897.0,897.0,912.0,895.0,912.0,1700
2020-10-14,896.0,896.0,896.0,896.0,896.0,200
2020-10-15,898.0,898.0,898.0,898.0,898.0,100
2020-10-16,885.0,885.0,906.0,882.0,906.0,2700
2020-10-19,888.0,888.0,900.0,861.0,899.0,2400
2020-10-20,890.0,890.0,894.0,875.0,894.0,1600
2020-10-21,891.0,891.0,905.0,891.0,905.0,1200
2020-10-22,891.0,891.0,906.0,891.0,906.0,900
2020-10-23,899.0,899.0,899.0,899.0,899.0,100
2020-10-26,905.0,905.0,905.0,904.0,904.0,200
2020-10-27,911.0,911.0,911.0,890.0,890.0,1300
2020-10-28,904.0,904.0,906.0,894.0,906.0,600
2020-10-29,905.0,905.0,905.0,905.0,905.0,500
2020-10-30,883.0,883.0,890.0,883.0,890.0,1100
2020-11-02,885.0,885.0,898.0,881.0,898.0,1100
2020-11-04,882.0,882.0,890.0,882.0,890.0,600
2020-11-05,872.0,872.0,882.0,872.0,882.0,1500
2020-11-06,893.0,893.0,893.0,855.0,857.0,5800
2020-11-09,887.0,887.0,900.0,875.0,893.0,1100
2020-11-10,882.0,882.0,897.0,882.0,896.0,1000
2020-11-11,885.0,885.0,897.0,883.0,897.0,800
2020-11-12,878.0,878.0,886.0,878.0,883.0,1000
2020-11-13,890.0,890.0,896.0,879.0,879.0,1000
2020-11-16,880.0,880.0,888.0,876.0,876.0,1700
2020-11-17,885.0,885.0,894.0,882.0,882.0,700
2020-11-18,891.0,891.0,894.0,891.0,894.0,1300
2020-11-19,897.0,897.0,897.0,888.0,897.0,1800
2020-11-20,900.0,900.0,900.0,891.0,900.0,1800
2020-11-24,886.0,886.0,892.0,882.0,892.0,500
2020-11-25,890.0,890.0,893.0,890.0,893.0,300
2020-11-26,894.0,894.0,894.0,887.0,890.0,500
2020-11-27,895.0,895.0,898.0,888.0,888.0,500
2020-11-30,891.0,891.0,898.0,888.0,895.0,800
2020-12-01,897.0,897.0,900.0,897.0,900.0,900
2020-12-02,900.0,900.0,903.0,899.0,903.0,1100
2020-12-03,896.0,896.0,898.0,896.0,898.0,400
2020-12-04,895.0,895.0,903.0,893.0,898.0,1000
2020-12-07,891.0,891.0,905.0,883.0,905.0,1900
2020-12-08,887.0,887.0,897.0,887.0,891.0,1100
2020-12-09,896.0,896.0,896.0,889.0,895.0,800
2020-12-10,895.0,895.0,905.0,895.0,905.0,1000
2020-12-11,890.0,890.0,895.0,890.0,895.0,700
2020-12-14,902.0,902.0,905.0,891.0,905.0,1600
2020-12-15,898.0,898.0,903.0,898.0,903.0,700
2020-12-16,909.0,909.0,909.0,901.0,909.0,1600
2020-12-17,911.0,911.0,915.0,907.0,909.0,2300
2020-12-18,912.0,912.0,918.0,910.0,918.0,2400
2020-12-21,928.0,928.0,928.0,917.0,927.0,5200
2020-12-22,922.0,922.0,929.0,911.0,929.0,5200
2020-12-23,933.0,933.0,933.0,922.0,922.0,2000
2020-12-24,915.0,915.0,931.0,910.0,931.0,2300
2020-12-25,911.0,911.0,920.0,910.0,920.0,2300
2020-12-28,911.0,911.0,911.0,900.0,910.0,2800
2020-12-29,915.0,915.0,915.0,907.0,907.0,900
2020-12-30,907.0,907.0,915.0,907.0,915.0,300
2021-01-04,907.0,907.0,908.0,907.0,907.0,1700
2021-01-05,910.0,910.0,910.0,906.0,908.0,500
2021-01-06,911.0,911.0,911.0,900.0,910.0,2500
2021-01-07,920.0,920.0,920.0,908.0,914.0,2000
2021-01-08,910.0,910.0,913.0,910.0,913.0,1600
2021-01-12,901.0,901.0,910.0,901.0,910.0,2700
2021-01-13,913.0,913.0,919.0,902.0,919.0,1000
2021-01-14,907.0,907.0,910.0,905.0,905.0,1200
2021-01-15,904.0,904.0,906.0,904.0,904.0,700
2021-01-18,908.0,908.0,909.0,905.0,909.0,1700
2021-01-19,910.0,910.0,915.0,909.0,915.0,1600
2021-01-20,910.0,910.0,914.0,908.0,914.0,2000
2021-01-21,909.0,909.0,913.0,907.0,907.0,1500
2021-01-22,908.0,908.0,908.0,908.0,908.0,200
2021-01-25,919.0,919.0,922.0,915.0,922.0,6100
2021-01-26,917.0,917.0,919.0,912.0,919.0,700
2021-01-27,916.0,916.0,917.0,916.0,917.0,500
2021-01-28,915.0,915.0,916.0,911.0,916.0,900
2021-01-29,912.0,912.0,916.0,912.0,916.0,600
2021-02-01,910.0,910.0,911.0,910.0,911.0,1000
2021-02-02,916.0,916.0,916.0,916.0,916.0,400
2021-02-03,917.0,917.0,917.0,914.0,916.0,900
2021-02-04,920.0,920.0,920.0,913.0,914.0,900
2021-02-05,920.0,920.0,920.0,915.0,917.0,1400
2021-02-08,916.0,916.0,921.0,915.0,920.0,1000
2021-02-09,917.0,917.0,921.0,916.0,921.0,2200
2021-02-10,917.0,917.0,921.0,916.0,918.0,2000
2021-02-12,919.0,919.0,920.0,916.0,918.0,2900
2021-02-15,920.0,920.0,942.0,916.0,942.0,12600
2021-02-16,915.0,915.0,922.0,915.0,922.0,2700
2021-02-17,911.0,911.0,915.0,911.0,915.0,1900
2021-02-18,916.0,916.0,916.0,910.0,911.0,2000
2021-02-19,912.0,912.0,918.0,912.0,916.0,2500
2021-02-22,910.0,910.0,917.0,910.0,917.0,1500
2021-02-24,908.0,908.0,917.0,908.0,917.0,2000
2021-02-25,909.0,909.0,909.0,908.0,908.0,400
2021-02-26,917.0,917.0,918.0,909.0,914.0,1600
2021-03-01,910.0,910.0,911.0,910.0,911.0,1700
2021-03-02,908.0,908.0,910.0,907.0,907.0,1200
2021-03-03,908.0,908.0,915.0,908.0,915.0,300
2021-03-04,908.0,908.0,911.0,907.0,911.0,600
2021-03-05,911.0,911.0,912.0,908.0,912.0,1300
2021-03-08,910.0,910.0,915.0,910.0,913.0,1500
2021-03-09,914.0,914.0,914.0,910.0,910.0,1400
2021-03-10,911.0,911.0,915.0,911.0,915.0,700
2021-03-11,912.0,912.0,918.0,912.0,918.0,300
2021-03-12,918.0,918.0,918.0,912.0,912.0,400
2021-03-15,920.0,920.0,930.0,918.0,918.0,2600
2021-03-16,917.0,917.0,920.0,917.0,920.0,400
2021-03-17,926.0,926.0,926.0,923.0,923.0,1600
2021-03-18,931.0,931.0,931.0,925.0,931.0,1900
2021-03-19,931.0,931.0,931.0,928.0,931.0,2200
2021-03-22,930.0,930.0,940.0,930.0,940.0,4200
2021-03-23,932.0,932.0,932.0,929.0,930.0,400
2021-03-24,925.0,925.0,930.0,925.0,930.0,600
2021-03-25,934.0,934.0,934.0,925.0,925.0,1000
2021-03-26,932.0,932.0,934.0,926.0,934.0,1000
2021-03-29,938.0,938.0,938.0,935.0,935.0,6200
2021-03-30,909.0,909.0,918.0,901.0,911.0,2700
2021-03-31,918.0,918.0,918.0,904.0,904.0,400
2021-04-01,906.0,906.0,918.0,906.0,918.0,400
2021-04-02,903.0,903.0,905.0,898.0,898.0,2700
2021-04-05,906.0,906.0,913.0,906.0,913.0,800
2021-04-06,909.0,909.0,917.0,909.0,917.0,400
2021-04-07,910.0,910.0,910.0,905.0,905.0,500
2021-04-08,916.0,916.0,916.0,910.0,910.0,500
2021-04-09,913.0,913.0,916.0,906.0,916.0,1500
2021-04-12,906.0,906.0,916.0,906.0,916.0,800
2021-04-13,914.0,914.0,914.0,910.0,910.0,200
2021-04-14,910.0,910.0,915.0,910.0,915.0,500
2021-04-15,916.0,916.0,916.0,907.0,907.0,500
2021-04-16,924.0,924.0,924.0,914.0,917.0,1500
2021-04-19,925.0,925.0,933.0,921.0,933.0,2100
2021-04-20,921.0,921.0,925.0,921.0,925.0,1400
2021-04-21,918.0,918.0,929.0,917.0,929.0,1400
2021-04-22,919.0,919.0,919.0,913.0,914.0,300
2021-04-23,912.0,912.0,912.0,912.0,912.0,100
2021-04-26,915.0,915.0,919.0,915.0,919.0,600
2021-04-27,911.0,911.0,913.0,911.0,913.0,700
2021-04-28,918.0,918.0,919.0,912.0,919.0,700
2021-04-30,912.0,912.0,918.0,912.0,918.0,400
2021-05-06,911.0,911.0,913.0,911.0,913.0,700
2021-05-07,911.0,911.0,914.0,911.0,911.0,800
2021-05-10,914.0,914.0,914.0,913.0,913.0,800
2021-05-11,911.0,911.0,915.0,911.0,915.0,600
2021-05-12,910.0,910.0,916.0,910.0,916.0,1000
2021-05-13,909.0,909.0,911.0,909.0,911.0,500
2021-05-14,915.0,915.0,915.0,909.0,909.0,1000
2021-05-17,920.0,920.0,920.0,910.0,910.0,1100
2021-05-18,924.0,924.0,924.0,918.0,923.0,1200
2021-05-19,934.0,934.0,934.0,922.0,928.0,1500
2021-05-20,924.0,924.0,933.0,915.0,933.0,1400
2021-05-21,925.0,925.0,925.0,921.0,921.0,500
2021-05-24,920.0,920.0,923.0,920.0,923.0,300
2021-05-25,917.0,917.0,917.0,917.0,917.0,100
2021-05-26,913.0,913.0,914.0,913.0,914.0,400
2021-05-27,914.0,914.0,920.0,913.0,920.0,300
2021-05-28,917.0,917.0,917.0,912.0,914.0,700
2021-05-31,912.0,912.0,919.0,912.0,919.0,600
2021-06-01,910.0,910.0,912.0,910.0,912.0,400
2021-06-02,912.0,912.0,916.0,910.0,916.0,700
2021-06-03,910.0,910.0,912.0,910.0,912.0,400
2021-06-04,914.0,914.0,914.0,909.0,909.0,500
2021-06-07,916.0,916.0,916.0,909.0,915.0,800
2021-06-08,914.0,914.0,919.0,914.0,919.0,900
2021-06-09,919.0,919.0,925.0,916.0,925.0,1000
2021-06-10,918.0,918.0,918.0,913.0,914.0,700
2021-06-11,915.0,915.0,919.0,915.0,918.0,400
2021-06-14,919.0,919.0,920.0,915.0,920.0,500
2021-06-15,921.0,921.0,921.0,917.0,917.0,300
2021-06-16,925.0,925.0,925.0,918.0,918.0,800
2021-06-17,927.0,927.0,928.0,922.0,922.0,500
2021-06-18,928.0,928.0,930.0,925.0,930.0,1400
2021-06-21,928.0,928.0,930.0,925.0,929.0,1500
2021-06-22,925.0,925.0,933.0,925.0,932.0,1400
2021-06-23,934.0,934.0,934.0,925.0,925.0,1300
2021-06-24,935.0,935.0,935.0,929.0,935.0,500
2021-06-25,934.0,934.0,934.0,924.0,924.0,400
2021-06-28,932.0,932.0,945.0,932.0,945.0,1800
2021-06-29,926.0,926.0,927.0,926.0,927.0,1100
2021-06-30,930.0,930.0,930.0,921.0,925.0,900
2021-07-01,921.0,921.0,928.0,921.0,923.0,900
2021-07-02,922.0,922.0,929.0,922.0,922.0,300
2021-07-05,929.0,929.0,929.0,922.0,922.0,300
2021-07-06,929.0,929.0,929.0,922.0,922.0,200
2021-07-07,936.0,936.0,936.0,924.0,930.0,600
2021-07-08,925.0,925.0,938.0,925.0,938.0,500
2021-07-09,926.0,926.0,934.0,920.0,934.0,2500
2021-07-12,911.0,911.0,937.0,907.0,937.0,2800
2021-07-13,926.0,926.0,926.0,915.0,915.0,600
2021-07-14,922.0,922.0,922.0,920.0,920.0,600
2021-07-15,921.0,921.0,921.0,920.0,920.0,200
2021-07-16,923.0,923.0,924.0,918.0,924.0,900
2021-07-19,922.0,922.0,923.0,917.0,923.0,1600
2021-07-20,921.0,921.0,924.0,917.0,924.0,1800
2021-07-21,917.0,917.0,935.0,914.0,935.0,2600
2021-07-26,917.0,917.0,920.0,917.0,920.0,1500
2021-07-27,916.0,916.0,917.0,916.0,917.0,700
2021-07-28,907.0,907.0,916.0,907.0,916.0,6000
2021-07-29,910.0,910.0,926.0,904.0,906.0,4200
2021-07-30,906.0,906.0,910.0,903.0,910.0,1400
2021-08-02,899.0,899.0,906.0,899.0,906.0,3200
2021-08-03,894.0,894.0,907.0,894.0,907.0,2300
2021-08-04,904.0,904.0,904.0,890.0,890.0,2400
2021-08-05,907.0,907.0,907.0,898.0,898.0,300
2021-08-06,919.0,919.0,919.0,907.0,907.0,900
2021-08-10,918.0,918.0,919.0,911.0,919.0,800
2021-08-11,918.0,918.0,918.0,915.0,917.0,900
2021-08-12,918.0,918.0,920.0,915.0,920.0,600
2021-08-13,920.0,920.0,920.0,914.0,914.0,400
2021-08-16,911.0,911.0,914.0,905.0,905.0,2200
2021-08-17,919.0,919.0,919.0,907.0,910.0,1400
2021-08-18,918.0,918.0,920.0,915.0,920.0,1300
2021-08-19,917.0,917.0,920.0,912.0,920.0,2200
2021-08-20,915.0,915.0,919.0,914.0,919.0,1000
2021-08-23,915.0,915.0,918.0,915.0,917.0,900
2021-08-24,914.0,914.0,914.0,914.0,914.0,300
2021-08-25,914.0,914.0,914.0,909.0,910.0,500
2021-08-26,909.0,909.0,911.0,909.0,911.0,1000
2021-08-27,913.0,913.0,913.0,908.0,909.0,800
2021-08-30,915.0,915.0,915.0,913.0,914.0,500
2021-08-31,918.0,918.0,919.0,913.0,919.0,900
2021-09-01,917.0,917.0,917.0,910.0,917.0,1100
2021-09-02,915.0,915.0,915.0,915.0,915.0,100
2021-09-03,918.0,918.0,918.0,915.0,918.0,1000
2021-09-06,923.0,923.0,923.0,915.0,923.0,800
2021-09-07,923.0,923.0,923.0,918.0,919.0,800
2021-09-08,924.0,924.0,924.0,919.0,922.0,2000
2021-09-09,927.0,927.0,927.0,922.0,926.0,900
2021-09-10,927.0,927.0,929.0,927.0,929.0,700
2021-09-13,927.0,927.0,927.0,927.0,927.0,200
2021-09-14,920.0,920.0,930.0,920.0,930.0,3900
2021-09-15,921.0,921.0,930.0,920.0,920.0,1200
2021-09-16,932.0,932.0,932.0,921.0,921.0,500
2021-09-17,933.0,933.0,933.0,925.0,925.0,1200
2021-09-21,936.0,936.0,936.0,926.0,930.0,2400
2021-09-22,930.0,930.0,937.0,930.0,936.0,2700
2021-09-24,937.0,937.0,937.0,932.0,932.0,4000
2021-09-27,926.0,926.0,936.0,920.0,923.0,5500
2021-09-28,920.0,920.0,937.0,920.0,935.0,9800
2021-09-29,919.0,919.0,930.0,912.0,912.0,6200
2021-09-30,921.0,921.0,921.0,919.0,919.0,1100
2021-10-01,918.0,918.0,918.0,918.0,918.0,200
2021-10-04,913.0,913.0,919.0,913.0,919.0,800
2021-10-05,918.0,918.0,918.0,906.0,911.0,2400
2021-10-06,916.0,916.0,917.0,916.0,917.0,300
2021-10-07,924.0,924.0,925.0,920.0,920.0,1800
2021-10-08,928.0,928.0,928.0,908.0,913.0,5200
2021-10-11,910.0,910.0,928.0,910.0,928.0,1200
2021-10-12,926.0,926.0,926.0,916.0,916.0,600
2021-10-13,911.0,911.0,916.0,911.0,916.0,300
2021-10-14,911.0,911.0,911.0,911.0,911.0,100
2021-10-15,921.0,921.0,921.0,915.0,915.0,700
2021-10-18,924.0,924.0,924.0,921.0,921.0,1000
2021-10-19,927.0,927.0,929.0,924.0,929.0,1200
2021-10-20,929.0,929.0,930.0,925.0,930.0,1300
2021-10-21,922.0,922.0,922.0,922.0,922.0,400
2021-10-22,922.0,922.0,922.0,922.0,922.0,100
2021-10-25,923.0,923.0,923.0,923.0,923.0,200
2021-10-26,925.0,925.0,925.0,923.0,923.0,600
2021-10-27,920.0,920.0,921.0,920.0,921.0,300
2021-10-28,927.0,927.0,927.0,920.0,920.0,600
2021-10-29,925.0,925.0,927.0,921.0,927.0,700
2021-11-01,920.0,920.0,926.0,920.0,921.0,700
2021-11-02,921.0,921.0,921.0,921.0,921.0,200
2021-11-04,918.0,918.0,922.0,918.0,922.0,500
2021-11-05,926.0,926.0,926.0,918.0,918.0,400
2021-11-08,920.0,920.0,927.0,916.0,927.0,700
2021-11-09,919.0,919.0,923.0,919.0,923.0,400
2021-11-10,918.0,918.0,926.0,918.0,926.0,700
2021-11-11,922.0,922.0,922.0,922.0,922.0,100
2021-11-12,917.0,917.0,918.0,917.0,918.0,700
2021-11-15,923.0,923.0,923.0,921.0,921.0,200
2021-11-16,920.0,920.0,920.0,918.0,918.0,700
2021-11-17,918.0,918.0,918.0,916.0,917.0,500
2021-11-18,919.0,919.0,919.0,916.0,919.0,1500
2021-11-19,920.0,920.0,920.0,919.0,920.0,1300
2021-11-22,916.0,916.0,921.0,916.0,921.0,1100
2021-11-24,918.0,918.0,918.0,915.0,916.0,1000
2021-11-25,915.0,915.0,915.0,915.0,915.0,1200
2021-11-26,910.0,910.0,912.0,910.0,912.0,500
2021-11-29,909.0,909.0,910.0,909.0,910.0,900
2021-11-30,909.0,909.0,909.0,909.0,909.0,800
2021-12-01,908.0,908.0,908.0,907.0,908.0,1100
2021-12-02,907.0,907.0,908.0,906.0,908.0,500
2021-12-03,905.0,905.0,906.0,905.0,906.0,200
2021-12-06,901.0,901.0,905.0,901.0,905.0,1000
2021-12-07,900.0,900.0,900.0,899.0,900.0,3100
2021-12-08,900.0,900.0,900.0,900.0,900.0,1000
2021-12-09,899.0,899.0,900.0,899.0,900.0,700
2021-12-10,913.0,913.0,914.0,900.0,910.0,1100
2021-12-13,905.0,905.0,913.0,905.0,913.0,1000
2021-12-14,904.0,904.0,911.0,904.0,911.0,200
2021-12-15,904.0,904.0,904.0,904.0,904.0,0
2021-12-16,914.0,914.0,914.0,913.0,913.0,300
2021-12-17,919.0,919.0,919.0,910.0,919.0,700
2021-12-20,915.0,915.0,919.0,915.0,919.0,1200
2021-12-21,920.0,920.0,920.0,920.0,920.0,1000
2021-12-22,915.0,915.0,924.0,915.0,924.0,1100
2021-12-23,920.0,920.0,920.0,920.0,920.0,100
2021-12-24,915.0,915.0,920.0,915.0,917.0,500
2021-12-27,915.0,915.0,920.0,915.0,916.0,400
2021-12-28,913.0,913.0,920.0,913.0,920.0,400
2021-12-29,913.0,913.0,928.0,913.0,928.0,500
2021-12-30,911.0,911.0,911.0,911.0,911.0,100
2022-01-04,916.0,916.0,916.0,916.0,916.0,100
2022-01-05,920.0,920.0,924.0,917.0,917.0,300
2022-01-06,923.0,923.0,924.0,915.0,920.0,800
2022-01-07,923.0,923.0,923.0,917.0,917.0,1000
2022-01-11,916.0,916.0,918.0,916.0,918.0,500
2022-01-12,917.0,917.0,923.0,917.0,923.0,500
2022-01-13,920.0,920.0,924.0,920.0,924.0,500
2022-01-14,917.0,917.0,920.0,916.0,920.0,500
2022-01-17,920.0,920.0,920.0,915.0,915.0,1200
2022-01-18,924.0,924.0,924.0,923.0,923.0,1000
2022-01-19,925.0,925.0,925.0,922.0,925.0,1600
2022-01-20,920.0,920.0,929.0,920.0,929.0,1700
2022-01-21,924.0,924.0,924.0,916.0,917.0,400
2022-01-24,918.0,918.0,920.0,918.0,920.0,500
2022-01-25,921.0,921.0,921.0,916.0,916.0,800
2022-01-26,930.0,930.0,930.0,930.0,930.0,1600
2022-01-27,915.0,915.0,915.0,912.0,912.0,3300
2022-01-28,915.0,915.0,915.0,915.0,915.0,600
2022-01-31,915.0,915.0,919.0,915.0,919.0,500
2022-02-01,922.0,922.0,922.0,915.0,916.0,700
2022-02-02,922.0,922.0,922.0,922.0,922.0,0
2022-02-03,924.0,924.0,924.0,917.0,917.0,300
2022-02-04,921.0,921.0,921.0,920.0,920.0,200
2022-02-07,925.0,925.0,925.0,920.0,924.0,800
2022-02-08,928.0,928.0,928.0,928.0,928.0,200
2022-02-09,921.0,921.0,928.0,921.0,928.0,300
2022-02-10,924.0,924.0,928.0,924.0,924.0,800
2022-02-14,923.0,923.0,923.0,923.0,923.0,300
2022-02-15,926.0,926.0,926.0,921.0,923.0,700
2022-02-16,926.0,926.0,926.0,922.0,922.0,500
2022-02-17,929.0,929.0,929.0,923.0,927.0,800
2022-02-18,929.0,929.0,929.0,923.0,929.0,1500
2022-02-21,930.0,930.0,930.0,924.0,924.0,1100
2022-02-22,930.0,930.0,930.0,929.0,930.0,1000
2022-02-24,928.0,928.0,928.0,923.0,923.0,1000
2022-02-25,930.0,930.0,930.0,926.0,929.0,1000
2022-02-28,930.0,930.0,930.0,930.0,930.0,500
2022-03-01,932.0,932.0,932.0,930.0,930.0,400
2022-03-02,932.0,932.0,932.0,932.0,932.0,0
2022-03-03,931.0,931.0,931.0,931.0,931.0,400
2022-03-04,927.0,927.0,931.0,927.0,931.0,600
2022-03-07,924.0,924.0,930.0,924.0,927.0,600
2022-03-08,928.0,928.0,928.0,925.0,925.0,600
2022-03-09,924.0,924.0,928.0,924.0,924.0,1100
2022-03-10,925.0,925.0,929.0,925.0,929.0,1100
2022-03-11,929.0,929.0,929.0,925.0,925.0,1200
2022-03-14,930.0,930.0,930.0,925.0,928.0,700
2022-03-15,927.0,927.0,927.0,925.0,926.0,400
2022-03-16,930.0,930.0,930.0,928.0,928.0,400
2022-03-17,937.0,937.0,937.0,927.0,930.0,1900
2022-03-18,939.0,939.0,945.0,932.0,945.0,2400
2022-03-22,940.0,940.0,943.0,934.0,943.0,1600
2022-03-23,937.0,937.0,944.0,936.0,944.0,1700
2022-03-24,937.0,937.0,937.0,937.0,937.0,200
2022-03-25,940.0,940.0,940.0,935.0,935.0,1100
2022-03-28,940.0,940.0,949.0,936.0,940.0,8600
2022-03-29,946.0,946.0,946.0,925.0,940.0,7200
2022-03-30,929.0,929.0,940.0,929.0,940.0,1700
2022-03-31,929.0,929.0,929.0,929.0,929.0,500
2022-04-01,930.0,930.0,930.0,923.0,923.0,400
2022-04-04,939.0,939.0,939.0,935.0,935.0,200
2022-04-05,931.0,931.0,938.0,930.0,938.0,500
2022-04-06,930.0,930.0,930.0,930.0,930.0,700
2022-04-07,927.0,927.0,927.0,926.0,927.0,500
2022-04-08,927.0,927.0,927.0,927.0,927.0,100
2022-04-11,925.0,925.0,930.0,925.0,930.0,500
2022-04-12,931.0,931.0,933.0,927.0,933.0,700
2022-04-13,935.0,935.0,935.0,935.0,935.0,500
2022-04-14,939.0,939.0,939.0,933.0,933.0,500
2022-04-15,940.0,940.0,940.0,932.0,932.0,400
2022-04-18,936.0,936.0,941.0,936.0,941.0,1300
2022-04-19,935.0,935.0,936.0,935.0,936.0,900
2022-04-20,940.0,940.0,941.0,938.0,941.0,1000
2022-04-21,941.0,941.0,941.0,941.0,941.0,200
2022-04-22,933.0,933.0,933.0,933.0,933.0,100
2022-04-25,940.0,940.0,940.0,931.0,931.0,300
2022-04-26,941.0,941.0,941.0,941.0,941.0,100
2022-04-27,933.0,933.0,933.0,933.0,933.0,500
2022-04-28,937.0,937.0,939.0,931.0,939.0,500
2022-05-02,941.0,941.0,941.0,941.0,941.0,400
2022-05-06,935.0,935.0,940.0,935.0,940.0,400
2022-05-09,942.0,942.0,942.0,939.0,939.0,400
2022-05-10,933.0,933.0,942.0,931.0,942.0,900
2022-05-11,934.0,934.0,935.0,934.0,934.0,400
2022-05-12,931.0,931.0,931.0,931.0,931.0,200
2022-05-13,931.0,931.0,931.0,930.0,931.0,400
2022-05-16,938.0,938.0,938.0,930.0,930.0,1000
2022-05-17,937.0,937.0,932.0,931.0,931.0,400
2022-05-18,935.0,935.0,944.0,935.0,944.0,2000
2022-05-19,935.0,935.0,935.0,934.0,934.0,1500
2022-05-20,938.0,938.0,939.0,935.0,939.0,1100
2022-05-23,931.0,931.0,935.0,931.0,935.0,800
2022-05-24,933.0,933.0,933.0,933.0,933.0,100
2022-05-25,930.0,930.0,931.0,930.0,931.0,500
2022-05-26,939.0,939.0,939.0,928.0,928.0,500
2022-05-27,933.0,933.0,933.0,931.0,932.0,300
2022-05-30,930.0,930.0,933.0,930.0,933.0,400
2022-05-31,939.0,939.0,939.0,936.0,936.0,500
2022-06-01,925.0,925.0,927.0,920.0,921.0,7400
2022-06-02,923.0,923.0,923.0,923.0,923.0,400
2022-06-03,930.0,930.0,930.0,922.0,922.0,300
2022-06-06,930.0,930.0,930.0,930.0,930.0,0
2022-06-07,927.0,927.0,930.0,922.0,930.0,600
2022-06-08,925.0,925.0,930.0,925.0,930.0,300
2022-06-09,927.0,927.0,930.0,927.0,930.0,300
2022-06-10,935.0,935.0,935.0,929.0,931.0,900
2022-06-13,938.0,938.0,938.0,930.0,930.0,300
2022-06-14,930.0,930.0,937.0,930.0,937.0,200
2022-06-15,930.0,930.0,930.0,930.0,930.0,100
2022-06-16,938.0,938.0,938.0,936.0,936.0,400
2022-06-17,934.0,934.0,936.0,934.0,936.0,300
2022-06-20,936.0,936.0,938.0,936.0,938.0,900
2022-06-21,933.0,933.0,937.0,933.0,937.0,1100
2022-06-22,935.0,935.0,935.0,926.0,935.0,1900
2022-06-23,914.0,914.0,927.0,914.0,927.0,3100
2022-06-24,929.0,929.0,929.0,929.0,929.0,500
2022-06-27,928.0,928.0,934.0,928.0,934.0,400
2022-06-28,935.0,935.0,945.0,921.0,934.0,3300
2022-06-29,942.0,942.0,942.0,936.0,936.0,700
2022-06-30,927.0,927.0,942.0,927.0,942.0,400
2022-07-01,928.0,928.0,929.0,928.0,929.0,200
2022-07-04,927.0,927.0,936.0,927.0,936.0,600
2022-07-05,936.0,936.0,936.0,930.0,930.0,200
2022-07-06,934.0,934.0,937.0,928.0,928.0,1000
2022-07-07,945.0,945.0,945.0,927.0,927.0,1000
2022-07-08,940.0,940.0,945.0,931.0,945.0,1200
2022-07-11,945.0,945.0,946.0,945.0,946.0,600
2022-07-12,935.0,935.0,935.0,935.0,935.0,500
2022-07-13,929.0,929.0,940.0,927.0,940.0,1900
2022-07-14,943.0,943.0,943.0,943.0,943.0,200
2022-07-15,942.0,942.0,942.0,937.0,937.0,300
2022-07-19,940.0,940.0,942.0,935.0,935.0,1600
2022-07-20,934.0,934.0,944.0,934.0,942.0,1700
2022-07-21,943.0,943.0,945.0,942.0,945.0,1200
2022-07-22,943.0,943.0,943.0,942.0,942.0,300
2022-07-25,939.0,939.0,939.0,939.0,939.0,100
2022-07-26,943.0,943.0,943.0,939.0,939.0,400
2022-07-27,943.0,943.0,943.0,940.0,940.0,800
2022-07-28,943.0,943.0,943.0,943.0,943.0,200
2022-07-29,940.0,940.0,946.0,940.0,946.0,400
2022-08-01,933.0,933.0,946.0,931.0,944.0,700
2022-08-02,940.0,940.0,940.0,936.0,939.0,700
2022-08-03,935.0,935.0,943.0,935.0,943.0,300
2022-08-04,935.0,935.0,935.0,935.0,935.0,0
2022-08-05,935.0,935.0,935.0,935.0,935.0,0
2022-08-08,935.0,935.0,943.0,935.0,943.0,500
2022-08-09,944.0,944.0,944.0,935.0,943.0,1400
2022-08-10,945.0,945.0,945.0,940.0,940.0,1100
2022-08-12,947.0,947.0,947.0,935.0,939.0,1300
2022-08-15,937.0,937.0,941.0,932.0,933.0,3500
2022-08-16,935.0,935.0,936.0,932.0,936.0,700
2022-08-17,934.0,934.0,935.0,934.0,935.0,800
2022-08-18,934.0,934.0,937.0,933.0,937.0,1500
2022-08-19,936.0,936.0,936.0,935.0,936.0,1500
2022-08-22,931.0,931.0,940.0,931.0,938.0,2200
2022-08-23,931.0,931.0,934.0,931.0,932.0,500
2022-08-24,940.0,940.0,940.0,940.0,940.0,500
2022-08-25,940.0,940.0,940.0,940.0,940.0,100
2022-08-26,940.0,940.0,940.0,939.0,940.0,300
2022-08-29,943.0,943.0,944.0,940.0,940.0,1100
2022-08-30,939.0,939.0,940.0,939.0,940.0,600
2022-08-31,937.0,937.0,939.0,934.0,936.0,1500
2022-09-01,937.0,937.0,937.0,937.0,937.0,0
2022-09-02,935.0,935.0,937.0,935.0,937.0,600
2022-09-05,940.0,940.0,940.0,935.0,935.0,600
2022-09-06,934.0,934.0,935.0,934.0,935.0,500
2022-09-07,934.0,934.0,937.0,934.0,934.0,500
2022-09-08,934.0,934.0,940.0,934.0,940.0,500
2022-09-09,935.0,935.0,940.0,935.0,938.0,700
2022-09-12,935.0,935.0,935.0,933.0,935.0,1000
2022-09-13,936.0,936.0,936.0,934.0,934.0,200
2022-09-14,940.0,940.0,940.0,938.0,938.0,300
2022-09-15,935.0,935.0,937.0,935.0,937.0,800
2022-09-16,939.0,939.0,939.0,935.0,936.0,1100
2022-09-20,940.0,940.0,940.0,938.0,940.0,2600
2022-09-21,938.0,938.0,940.0,938.0,940.0,2400
2022-09-22,940.0,940.0,940.0,938.0,940.0,1600
2022-09-26,943.0,943.0,943.0,940.0,940.0,1500
2022-09-27,939.0,939.0,948.0,939.0,940.0,5500
2022-09-28,942.0,942.0,944.0,938.0,944.0,6900
2022-09-29,934.0,934.0,936.0,915.0,936.0,3200
2022-09-30,931.0,931.0,933.0,916.0,933.0,500
2022-10-03,915.0,915.0,930.0,915.0,930.0,1000
2022-10-04,916.0,916.0,922.0,915.0,915.0,1600
2022-10-05,922.0,922.0,922.0,915.0,915.0,600
2022-10-06,920.0,920.0,924.0,915.0,919.0,2200
2022-10-07,914.0,914.0,915.0,914.0,915.0,900
2022-10-11,914.0,914.0,919.0,914.0,919.0,400
2022-10-12,918.0,918.0,918.0,918.0,918.0,300
2022-10-13,920.0,920.0,920.0,914.0,918.0,600
2022-10-14,916.0,916.0,920.0,916.0,920.0,200
2022-10-17,919.0,919.0,919.0,916.0,916.0,400
2022-10-18,916.0,916.0,920.0,916.0,920.0,1300
2022-10-19,923.0,923.0,924.0,918.0,924.0,1500
2022-10-20,917.0,917.0,923.0,917.0,923.0,1000
2022-10-21,916.0,916.0,917.0,916.0,917.0,400
2022-10-24,918.0,918.0,918.0,916.0,916.0,300
2022-10-25,918.0,918.0,918.0,915.0,918.0,500
2022-10-26,917.0,917.0,917.0,916.0,916.0,300
2022-10-27,917.0,917.0,917.0,917.0,917.0,100
2022-10-28,917.0,917.0,917.0,915.0,915.0,700
2022-10-31,913.0,913.0,919.0,911.0,919.0,1200
2022-11-01,913.0,913.0,913.0,913.0,913.0,400
2022-11-02,910.0,910.0,910.0,910.0,910.0,900
2022-11-04,909.0,909.0,910.0,909.0,909.0,500
2022-11-07,896.0,896.0,906.0,883.0,906.0,2200
2022-11-08,899.0,899.0,899.0,899.0,899.0,300
2022-11-09,899.0,899.0,899.0,899.0,899.0,600
2022-11-10,890.0,890.0,899.0,890.0,899.0,1000
2022-11-11,894.0,894.0,894.0,890.0,890.0,1100
2022-11-14,889.0,889.0,890.0,889.0,890.0,900
2022-11-15,889.0,889.0,890.0,889.0,889.0,800
2022-11-16,886.0,886.0,891.0,886.0,888.0,1000
2022-11-17,888.0,888.0,894.0,885.0,887.0,1900
2022-11-18,894.0,894.0,894.0,884.0,894.0,1800
2022-11-21,895.0,895.0,895.0,892.0,895.0,1500
2022-11-22,895.0,895.0,895.0,895.0,895.0,1000
2022-11-24,890.0,890.0,895.0,885.0,895.0,600
2022-11-25,889.0,889.0,889.0,886.0,886.0,700
2022-11-28,886.0,886.0,890.0,886.0,890.0,1000
2022-11-29,890.0,890.0,890.0,890.0,890.0,500
2022-11-30,895.0,895.0,895.0,891.0,891.0,200
2022-12-01,890.0,890.0,893.0,885.0,893.0,1600
2022-12-02,885.0,885.0,890.0,885.0,890.0,800
2022-12-05,888.0,888.0,889.0,884.0,885.0,1500
2022-12-06,884.0,884.0,887.0,884.0,885.0,700
2022-12-07,885.0,885.0,885.0,881.0,884.0,1400
2022-12-08,880.0,880.0,885.0,880.0,885.0,2000
2022-12-09,879.0,879.0,882.0,873.0,875.0,3000
2022-12-12,876.0,876.0,882.0,870.0,871.0,2600
2022-12-13,871.0,871.0,878.0,870.0,872.0,800
2022-12-14,877.0,877.0,877.0,870.0,871.0,1700
2022-12-15,880.0,880.0,880.0,877.0,877.0,1300
2022-12-16,880.0,880.0,881.0,880.0,881.0,600
2022-12-19,879.0,879.0,879.0,877.0,879.0,1500
2022-12-20,879.0,879.0,880.0,876.0,880.0,1800
2022-12-21,877.0,877.0,880.0,870.0,880.0,1800
2022-12-22,870.0,870.0,874.0,870.0,874.0,900
2022-12-23,876.0,876.0,876.0,875.0,875.0,500
2022-12-26,870.0,870.0,876.0,861.0,865.0,2600
2022-12-27,864.0,864.0,867.0,862.0,863.0,1700
2022-12-28,870.0,870.0,870.0,856.0,863.0,4400
2022-12-29,865.0,865.0,870.0,860.0,870.0,1300
2022-12-30,852.0,852.0,865.0,851.0,865.0,500
2023-01-04,852.0,852.0,853.0,850.0,852.0,1200
2023-01-05,860.0,860.0,860.0,855.0,855.0,800
2023-01-06,850.0,850.0,869.0,850.0,869.0,1400
2023-01-10,851.0,851.0,862.0,851.0,862.0,400
2023-01-11,851.0,851.0,860.0,851.0,860.0,900
2023-01-12,855.0,855.0,865.0,855.0,860.0,1600
2023-01-13,867.0,867.0,867.0,853.0,860.0,300
2023-01-16,883.0,883.0,883.0,860.0,868.0,1300
2023-01-17,880.0,880.0,880.0,876.0,876.0,200
2023-01-18,879.0,879.0,880.0,879.0,880.0,900
2023-01-19,883.0,883.0,885.0,883.0,884.0,1100
2023-01-20,881.0,881.0,884.0,881.0,884.0,1000
2023-01-23,881.0,881.0,881.0,881.0,881.0,200
2023-01-24,875.0,875.0,881.0,875.0,880.0,3400
2023-01-25,880.0,880.0,880.0,879.0,879.0,500
2023-01-26,884.0,884.0,884.0,884.0,884.0,1800
2023-01-27,882.0,882.0,882.0,882.0,882.0,100
2023-01-30,886.0,886.0,888.0,886.0,886.0,1000
2023-01-31,889.0,889.0,890.0,889.0,890.0,600
2023-02-01,883.0,883.0,891.0,883.0,891.0,700
2023-02-02,888.0,888.0,892.0,888.0,892.0,500
2023-02-03,893.0,893.0,893.0,886.0,893.0,1600
2023-02-06,893.0,893.0,893.0,893.0,893.0,400
2023-02-07,893.0,893.0,893.0,893.0,893.0,100
2023-02-08,890.0,890.0,893.0,888.0,888.0,1200
2023-02-09,890.0,890.0,896.0,890.0,896.0,1300
2023-02-10,895.0,895.0,895.0,888.0,895.0,700
2023-02-13,893.0,893.0,893.0,886.0,886.0,200
2023-02-14,901.0,901.0,908.0,900.0,908.0,2000
2023-02-15,901.0,901.0,907.0,901.0,907.0,900
2023-02-16,911.0,911.0,911.0,905.0,906.0,3100
2023-02-17,905.0,905.0,911.0,904.0,911.0,1600
2023-02-20,909.0,909.0,909.0,905.0,906.0,1400
2023-02-21,910.0,910.0,911.0,904.0,909.0,1600
2023-02-22,917.0,917.0,917.0,901.0,911.0,4900
2023-02-24,910.0,910.0,917.0,910.0,917.0,200
2023-02-27,910.0,910.0,910.0,910.0,910.0,500
2023-02-28,912.0,912.0,919.0,910.0,910.0,2400
2023-03-01,910.0,910.0,915.0,910.0,915.0,400
2023-03-02,911.0,911.0,911.0,910.0,910.0,300
2023-03-03,911.0,911.0,916.0,911.0,911.0,700
2023-03-06,907.0,907.0,910.0,902.0,910.0,900
2023-03-07,900.0,900.0,900.0,899.0,900.0,2800
2023-03-08,902.0,902.0,903.0,900.0,903.0,600
2023-03-09,899.0,899.0,899.0,893.0,893.0,1500
2023-03-10,900.0,900.0,906.0,896.0,906.0,1000
2023-03-13,895.0,895.0,895.0,894.0,894.0,800
2023-03-14,893.0,893.0,893.0,893.0,893.0,900
2023-03-15,891.0,891.0,898.0,886.0,887.0,1900
2023-03-16,881.0,881.0,885.0,880.0,885.0,4900
2023-03-17,878.0,878.0,878.0,874.0,874.0,2200
2023-03-20,878.0,878.0,878.0,875.0,875.0,2200
2023-03-22,880.0,880.0,880.0,877.0,877.0,1600
2023-03-23,880.0,880.0,883.0,880.0,883.0,2300
2023-03-24,882.0,882.0,882.0,876.0,876.0,700
2023-03-27,881.0,881.0,882.0,870.0,870.0,3800
2023-03-28,873.0,873.0,880.0,873.0,874.0,2700
2023-03-29,893.0,893.0,893.0,872.0,872.0,6200
2023-03-30,864.0,864.0,868.0,848.0,848.0,7400
2023-03-31,857.0,857.0,871.0,856.0,871.0,1400
2023-04-03,854.0,854.0,855.0,851.0,855.0,2900
2023-04-04,850.0,850.0,855.0,850.0,855.0,3000
2023-04-05,851.0,851.0,857.0,850.0,850.0,2400
2023-04-06,851.0,851.0,851.0,851.0,851.0,400
2023-04-07,867.0,867.0,867.0,852.0,852.0,700
2023-04-10,851.0,851.0,867.0,851.0,867.0,800
2023-04-11,860.0,860.0,860.0,858.0,860.0,300
2023-04-12,862.0,862.0,862.0,860.0,861.0,700
2023-04-13,864.0,864.0,864.0,860.0,864.0,500
2023-04-14,860.0,860.0,864.0,860.0,864.0,3400
2023-04-17,863.0,863.0,863.0,857.0,860.0,1100
2023-04-18,870.0,870.0,892.0,862.0,863.0,6200
2023-04-19,883.0,883.0,885.0,870.0,885.0,1900
2023-04-20,882.0,882.0,885.0,871.0,885.0,1100
2023-04-21,880.0,880.0,880.0,873.0,873.0,500
2023-04-24,875.0,875.0,894.0,875.0,894.0,1700
2023-04-25,876.0,876.0,876.0,876.0,876.0,500
2023-04-26,876.0,876.0,876.0,876.0,876.0,0
2023-04-27,876.0,876.0,876.0,876.0,876.0,300
2023-04-28,876.0,876.0,876.0,876.0,876.0,500
2023-05-01,877.0,877.0,877.0,876.0,876.0,700
2023-05-02,877.0,877.0,877.0,876.0,877.0,900
2023-05-08,865.0,865.0,877.0,865.0,877.0,2300
2023-05-09,865.0,865.0,865.0,865.0,865.0,2800
2023-05-10,876.0,876.0,876.0,867.0,873.0,400
2023-05-11,878.0,878.0,878.0,865.0,865.0,400
2023-05-12,876.0,876.0,876.0,876.0,876.0,2400
2023-05-15,866.0,866.0,876.0,866.0,876.0,400
2023-05-16,877.0,877.0,880.0,868.0,868.0,2300
2023-05-17,876.0,876.0,876.0,872.0,872.0,500
2023-05-18,874.0,874.0,876.0,874.0,876.0,1600
2023-05-19,873.0,873.0,881.0,872.0,881.0,1300
2023-05-22,871.0,871.0,879.0,871.0,879.0,900
2023-05-23,881.0,881.0,881.0,870.0,880.0,1200
2023-05-24,881.0,881.0,881.0,881.0,881.0,0
2023-05-25,870.0,870.0,878.0,870.0,878.0,600
2023-05-26,869.0,869.0,869.0,866.0,866.0,400
2023-05-29,867.0,867.0,870.0,867.0,870.0,600
2023-05-30,855.0,855.0,870.0,855.0,870.0,1300
2023-05-31,858.0,858.0,868.0,858.0,868.0,300
2023-06-01,871.0,871.0,871.0,858.0,858.0,900
2023-06-02,868.0,868.0,872.0,856.0,856.0,1200
2023-06-05,868.0,868.0,868.0,868.0,868.0,0
2023-06-06,868.0,868.0,870.0,861.0,870.0,1200
2023-06-07,862.0,862.0,875.0,861.0,868.0,1100
2023-06-08,852.0,852.0,863.0,852.0,863.0,4400
2023-06-09,853.0,853.0,860.0,853.0,853.0,2400
2023-06-12,854.0,854.0,860.0,853.0,853.0,2100
2023-06-13,854.0,854.0,859.0,854.0,859.0,300
2023-06-14,853.0,853.0,856.0,853.0,856.0,300
2023-06-15,853.0,853.0,859.0,853.0,859.0,1200
2023-06-16,855.0,855.0,858.0,853.0,857.0,1100
2023-06-19,858.0,858.0,858.0,856.0,856.0,1100
2023-06-20,860.0,860.0,862.0,858.0,862.0,1600
2023-06-21,862.0,862.0,864.0,860.0,863.0,2400
2023-06-22,865.0,865.0,865.0,860.0,863.0,1100
2023-06-23,860.0,860.0,860.0,860.0,860.0,100
2023-06-26,860.0,860.0,860.0,860.0,860.0,400
2023-06-27,865.0,865.0,865.0,861.0,861.0,300
2023-06-28,865.0,865.0,865.0,861.0,865.0,700
2023-06-29,858.0,858.0,868.0,858.0,865.0,2100
2023-06-30,860.0,860.0,860.0,860.0,860.0,100
2023-07-03,855.0,855.0,865.0,855.0,860.0,2400
2023-07-04,860.0,860.0,860.0,855.0,855.0,1000
2023-07-05,865.0,865.0,865.0,859.0,860.0,800
2023-07-06,864.0,864.0,864.0,860.0,861.0,2900
2023-07-07,864.0,864.0,864.0,864.0,864.0,100
2023-07-10,866.0,866.0,868.0,856.0,868.0,500
2023-07-11,856.0,856.0,866.0,856.0,866.0,500
2023-07-12,855.0,855.0,866.0,854.0,866.0,1200
2023-07-13,857.0,857.0,857.0,854.0,854.0,600
2023-07-14,852.0,852.0,857.0,852.0,857.0,1200
2023-07-18,865.0,865.0,867.0,852.0,867.0,1500
2023-07-19,867.0,867.0,867.0,862.0,867.0,900
2023-07-20,869.0,869.0,869.0,869.0,869.0,1000
2023-07-21,858.0,858.0,858.0,858.0,858.0,400
2023-07-24,857.0,857.0,860.0,856.0,856.0,400
2023-07-25,856.0,856.0,856.0,855.0,855.0,700
2023-07-26,854.0,854.0,854.0,854.0,854.0,300
2023-07-27,858.0,858.0,858.0,855.0,855.0,400
2023-07-28,853.0,853.0,854.0,853.0,854.0,900
2023-07-31,860.0,860.0,860.0,851.0,853.0,1000
2023-08-01,852.0,852.0,864.0,852.0,858.0,700
2023-08-02,855.0,855.0,859.0,853.0,855.0,500
2023-08-03,858.0,858.0,858.0,855.0,855.0,300
2023-08-04,855.0,855.0,855.0,855.0,855.0,2400
2023-08-07,854.0,854.0,854.0,853.0,853.0,300
2023-08-08,860.0,860.0,862.0,852.0,862.0,300
2023-08-09,859.0,859.0,859.0,853.0,853.0,200
2023-08-10,853.0,853.0,853.0,853.0,853.0,200
2023-08-14,851.0,851.0,857.0,850.0,852.0,1500
2023-08-15,792.0,792.0,810.0,791.0,791.0,50500
2023-08-16,786.0,786.0,789.0,782.0,782.0,12400
2023-08-17,770.0,770.0,783.0,765.0,782.0,15800
2023-08-18,790.0,790.0,794.0,757.0,760.0,49200
2023-08-21,757.0,757.0,775.0,757.0,775.0,100600
2023-08-22,755.0,755.0,761.0,755.0,761.0,19700
2023-08-23,750.0,750.0,755.0,750.0,751.0,9600
2023-08-24,745.0,745.0,749.0,744.0,749.0,7100
2023-08-25,746.0,746.0,750.0,743.0,743.0,5100
2023-08-28,754.0,754.0,757.0,743.0,745.0,5500
2023-08-29,754.0,754.0,757.0,754.0,757.0,6800
2023-08-30,759.0,759.0,759.0,754.0,754.0,3700
2023-08-31,756.0,756.0,759.0,756.0,759.0,700
2023-09-01,758.0,758.0,759.0,756.0,759.0,2700
2023-09-04,766.0,766.0,766.0,759.0,759.0,4500
2023-09-05,764.0,764.0,766.0,764.0,765.0,1300
2023-09-06,762.0,762.0,767.0,760.0,766.0,4900
2023-09-07,764.0,764.0,766.0,763.0,766.0,2100
2023-09-08,766.0,766.0,766.0,763.0,764.0,1900
2023-09-11,761.0,761.0,766.0,761.0,766.0,1400
2023-09-12,759.0,759.0,766.0,759.0,765.0,3600
2023-09-13,761.0,761.0,762.0,759.0,759.0,600
2023-09-14,762.0,762.0,762.0,761.0,762.0,1300
2023-09-15,762.0,762.0,764.0,759.0,763.0,1500
2023-09-19,763.0,763.0,765.0,758.0,762.0,2600
2023-09-20,763.0,763.0,764.0,760.0,764.0,1600
2023-09-21,760.0,760.0,764.0,760.0,764.0,1900
2023-09-22,756.0,756.0,759.0,756.0,759.0,800
2023-09-25,756.0,756.0,760.0,756.0,760.0,1300
2023-09-26,759.0,759.0,763.0,756.0,756.0,1800
2023-09-27,762.0,762.0,762.0,759.0,761.0,4900
2023-09-28,757.0,757.0,760.0,752.0,760.0,1900
2023-09-29,757.0,757.0,757.0,751.0,755.0,1700
2023-10-02,759.0,759.0,760.0,753.0,757.0,2400
2023-10-03,758.0,758.0,759.0,756.0,759.0,500
2023-10-04,758.0,758.0,759.0,756.0,757.0,2200
2023-10-05,759.0,759.0,760.0,755.0,760.0,1300
2023-10-06,760.0,760.0,760.0,754.0,759.0,2800
2023-10-10,757.0,757.0,757.0,755.0,755.0,2400
2023-10-11,751.0,751.0,758.0,750.0,758.0,3500
2023-10-12,754.0,754.0,754.0,752.0,752.0,800
2023-10-13,752.0,752.0,755.0,752.0,755.0,1200
2023-10-16,754.0,754.0,758.0,751.0,751.0,1900
2023-10-17,754.0,754.0,758.0,753.0,756.0,1900
2023-10-18,758.0,758.0,758.0,754.0,758.0,1900
2023-10-19,758.0,758.0,758.0,756.0,758.0,1500
2023-10-20,759.0,759.0,760.0,759.0,760.0,1100
2023-10-23,748.0,748.0,755.0,748.0,752.0,3500
2023-10-24,752.0,752.0,752.0,749.0,750.0,700
2023-10-25,750.0,750.0,752.0,747.0,752.0,1000
2023-10-26,746.0,746.0,752.0,746.0,750.0,2900
2023-10-27,745.0,745.0,748.0,745.0,746.0,2400
2023-10-30,736.0,736.0,745.0,736.0,745.0,3300
2023-10-31,721.0,721.0,740.0,719.0,740.0,6500
2023-11-01,721.0,721.0,725.0,721.0,721.0,3400
2023-11-02,722.0,722.0,725.0,722.0,723.0,2700
2023-11-06,722.0,722.0,725.0,720.0,725.0,3300
2023-11-07,719.0,719.0,722.0,718.0,722.0,3800
2023-11-08,719.0,719.0,719.0,716.0,718.0,3800
2023-11-09,716.0,716.0,720.0,716.0,719.0,2100
2023-11-10,715.0,715.0,718.0,715.0,718.0,2600
2023-11-13,711.0,711.0,715.0,711.0,715.0,4200
2023-11-14,703.0,703.0,714.0,700.0,714.0,7900
2023-11-15,702.0,702.0,704.0,701.0,703.0,3300
2023-11-16,703.0,703.0,705.0,702.0,703.0,1800
2023-11-17,703.0,703.0,707.0,702.0,703.0,3900
2023-11-20,698.0,698.0,698.0,682.0,682.0,10700
2023-11-21,692.0,692.0,704.0,692.0,701.0,7600
2023-11-22,682.0,682.0,691.0,681.0,691.0,7300
2023-11-24,683.0,683.0,690.0,683.0,690.0,5600
2023-11-27,683.0,683.0,687.0,681.0,681.0,3800
2023-11-28,681.0,681.0,683.0,681.0,682.0,4700
2023-11-29,683.0,683.0,683.0,681.0,682.0,2800
2023-11-30,679.0,679.0,681.0,676.0,677.0,9600
2023-12-01,676.0,676.0,679.0,674.0,679.0,5500
2023-12-04,678.0,678.0,680.0,675.0,680.0,4400
2023-12-05,675.0,675.0,679.0,674.0,678.0,5400
2023-12-06,674.0,674.0,677.0,674.0,677.0,4800
2023-12-07,676.0,676.0,679.0,675.0,677.0,5100
2023-12-08,674.0,674.0,679.0,674.0,679.0,4800
2023-12-11,674.0,674.0,674.0,673.0,674.0,3900
2023-12-12,671.0,671.0,674.0,671.0,674.0,4200
2023-12-13,671.0,671.0,672.0,670.0,671.0,4100
2023-12-14,671.0,671.0,675.0,671.0,671.0,4000
2023-12-15,668.0,668.0,673.0,668.0,673.0,6200
2023-12-18,667.0,667.0,670.0,667.0,670.0,5900
2023-12-19,661.0,661.0,667.0,661.0,667.0,5700
2023-12-20,649.0,649.0,659.0,649.0,659.0,15300
2023-12-21,640.0,640.0,648.0,639.0,648.0,13100
2023-12-22,632.0,632.0,636.0,632.0,636.0,8400
2023-12-25,617.0,617.0,637.0,617.0,637.0,17700
2023-12-26,616.0,616.0,624.0,614.0,615.0,11000
2023-12-27,616.0,616.0,619.0,614.0,616.0,11300
2023-12-28,625.0,625.0,625.0,611.0,611.0,5000
2023-12-29,653.0,653.0,660.0,631.0,631.0,4600
2024-01-04,655.0,655.0,677.0,654.0,655.0,9000
2024-01-05,659.0,659.0,659.0,650.0,651.0,4100
2024-01-09,657.0,657.0,660.0,654.0,660.0,4100
2024-01-10,657.0,657.0,664.0,656.0,659.0,1600
2024-01-11,670.0,670.0,670.0,660.0,660.0,4300
2024-01-12,670.0,670.0,675.0,666.0,675.0,3000
2024-01-15,670.0,670.0,670.0,670.0,670.0,200
2024-01-16,674.0,674.0,674.0,670.0,670.0,2400
2024-01-17,694.0,694.0,694.0,677.0,677.0,8500
2024-01-18,705.0,705.0,707.0,692.0,700.0,3600
2024-01-19,714.0,714.0,714.0,700.0,706.0,5100
2024-01-22,708.0,708.0,715.0,706.0,714.0,4100
2024-01-23,706.0,706.0,708.0,705.0,708.0,2200
2024-01-24,703.0,703.0,706.0,703.0,706.0,1300
2024-01-25,706.0,706.0,706.0,704.0,704.0,500
2024-01-26,704.0,704.0,708.0,704.0,708.0,800
2024-01-29,704.0,704.0,705.0,704.0,705.0,1400
2024-01-30,703.0,703.0,707.0,703.0,707.0,2300
2024-01-31,705.0,705.0,705.0,703.0,703.0,400
2024-02-01,702.0,702.0,706.0,700.0,706.0,2500
2024-02-02,702.0,702.0,702.0,702.0,702.0,500
2024-02-05,702.0,702.0,705.0,702.0,705.0,1500
2024-02-06,703.0,703.0,703.0,702.0,703.0,700
2024-02-07,703.0,703.0,703.0,701.0,703.0,800
2024-02-08,702.0,702.0,703.0,700.0,703.0,1300
2024-02-09,700.0,700.0,702.0,700.0,702.0,900
2024-02-13,723.0,723.0,725.0,700.0,700.0,9600
2024-02-14,709.0,709.0,714.0,707.0,708.0,4400
2024-02-15,707.0,707.0,710.0,705.0,709.0,1900
2024-02-16,705.0,705.0,789.0,698.0,711.0,18200
2024-02-19,703.0,703.0,704.0,701.0,704.0,4700
2024-02-20,710.0,710.0,710.0,701.0,707.0,3600
2024-02-21,706.0,706.0,710.0,706.0,710.0,1800
2024-02-22,709.0,709.0,709.0,706.0,706.0,1200
2024-02-26,709.0,709.0,716.0,709.0,715.0,3500
2024-02-27,709.0,709.0,711.0,709.0,709.0,1900
2024-02-28,712.0,712.0,712.0,709.0,710.0,1700
2024-02-29,712.0,712.0,712.0,712.0,712.0,400
2024-03-01,715.0,715.0,715.0,711.0,712.0,1100
2024-03-04,713.0,713.0,714.0,712.0,712.0,1300
2024-03-05,723.0,723.0,764.0,713.0,713.0,19300
2024-03-06,731.0,731.0,798.0,720.0,721.0,49500
2024-03-07,722.0,722.0,726.0,711.0,726.0,12800
2024-03-08,723.0,723.0,724.0,715.0,722.0,1400
2024-03-11,728.0,728.0,728.0,722.0,723.0,2700
2024-03-12,724.0,724.0,729.0,721.0,729.0,1700
2024-03-13,726.0,726.0,727.0,723.0,727.0,600
2024-03-14,726.0,726.0,727.0,726.0,726.0,700
2024-03-15,735.0,735.0,739.0,730.0,733.0,2700
2024-03-18,739.0,739.0,740.0,735.0,737.0,2200
2024-03-19,745.0,745.0,747.0,739.0,739.0,3000
2024-03-21,744.0,744.0,773.0,741.0,750.0,6500
2024-03-22,744.0,744.0,748.0,743.0,745.0,3100
2024-03-25,745.0,745.0,747.0,744.0,744.0,2000
2024-03-26,748.0,748.0,748.0,742.0,745.0,4200
2024-03-27,733.0,733.0,752.0,730.0,750.0,18000
2024-03-28,705.0,705.0,709.0,700.0,709.0,11600
2024-03-29,705.0,705.0,710.0,701.0,708.0,3100
2024-04-01,702.0,702.0,719.0,702.0,719.0,1000
2024-04-02,699.0,699.0,702.0,699.0,702.0,1800
2024-04-03,696.0,696.0,700.0,696.0,698.0,2000
2024-04-04,695.0,695.0,697.0,693.0,697.0,1500
2024-04-05,697.0,697.0,698.0,692.0,698.0,1200
2024-04-08,697.0,697.0,698.0,697.0,698.0,900
2024-04-09,698.0,698.0,700.0,698.0,700.0,800
2024-04-10,699.0,699.0,702.0,699.0,702.0,500
2024-04-11,700.0,700.0,702.0,700.0,702.0,900
2024-04-12,699.0,699.0,702.0,699.0,702.0,1300
2024-04-15,702.0,702.0,702.0,698.0,699.0,500
2024-04-16,699.0,699.0,702.0,696.0,702.0,2500
2024-04-17,700.0,700.0,703.0,700.0,700.0,500
2024-04-18,707.0,707.0,707.0,703.0,707.0,2100
2024-04-19,705.0,705.0,707.0,702.0,707.0,2100
2024-04-22,702.0,702.0,706.0,701.0,705.0,2100
2024-04-23,705.0,705.0,709.0,705.0,708.0,1500
2024-04-24,710.0,710.0,710.0,708.0,708.0,700
2024-04-25,708.0,708.0,710.0,706.0,710.0,1100
2024-04-26,712.0,712.0,712.0,706.0,707.0,900
2024-04-30,712.0,712.0,716.0,711.0,713.0,1300
2024-05-01,715.0,715.0,715.0,714.0,714.0,700
2024-05-02,715.0,715.0,715.0,711.0,715.0,400
2024-05-07,715.0,715.0,715.0,710.0,715.0,1400
2024-05-08,706.0,706.0,716.0,706.0,715.0,1000
2024-05-09,707.0,707.0,708.0,707.0,708.0,600
2024-05-10,707.0,707.0,709.0,707.0,709.0,300
2024-05-13,704.0,704.0,706.0,704.0,705.0,700
2024-05-14,709.0,709.0,709.0,703.0,703.0,700
2024-05-15,703.0,703.0,708.0,703.0,708.0,600
2024-05-16,704.0,704.0,709.0,704.0,709.0,1000
2024-05-17,708.0,708.0,709.0,706.0,706.0,800
2024-05-20,706.0,706.0,709.0,706.0,708.0,1500
2024-05-21,710.0,710.0,710.0,706.0,709.0,1100
2024-05-22,716.0,716.0,723.0,709.0,723.0,2000
2024-05-23,707.0,707.0,718.0,707.0,718.0,700
2024-05-24,708.0,708.0,708.0,706.0,706.0,200
2024-05-27,708.0,708.0,710.0,706.0,708.0,1300
2024-05-28,707.0,707.0,711.0,707.0,708.0,1200
2024-05-29,707.0,707.0,709.0,707.0,709.0,700
2024-05-30,705.0,705.0,705.0,705.0,705.0,100
2024-05-31,703.0,703.0,708.0,701.0,708.0,1400
2024-06-03,701.0,701.0,701.0,699.0,701.0,1700
2024-06-04,699.0,699.0,700.0,698.0,700.0,800
2024-06-05,699.0,699.0,700.0,699.0,700.0,500
2024-06-06,691.0,691.0,697.0,691.0,697.0,1500
2024-06-07,690.0,690.0,695.0,690.0,690.0,300
2024-06-10,698.0,698.0,698.0,690.0,690.0,2400
2024-06-11,695.0,695.0,698.0,690.0,698.0,2200
2024-06-12,697.0,697.0,697.0,695.0,697.0,1200
2024-06-13,697.0,697.0,697.0,697.0,697.0,100
2024-06-14,695.0,695.0,698.0,690.0,698.0,600
2024-06-17,695.0,695.0,699.0,694.0,699.0,1500
2024-06-18,694.0,694.0,700.0,693.0,700.0,2000
2024-06-19,700.0,700.0,700.0,695.0,698.0,2100
2024-06-20,695.0,695.0,705.0,690.0,705.0,3000
2024-06-21,698.0,698.0,698.0,690.0,690.0,1400
2024-06-24,695.0,695.0,698.0,695.0,696.0,500
2024-06-25,695.0,695.0,695.0,695.0,695.0,200
2024-06-26,699.0,699.0,701.0,697.0,701.0,600
2024-06-27,699.0,699.0,703.0,699.0,701.0,1300
2024-06-28,694.0,694.0,699.0,694.0,699.0,700
2024-07-01,694.0,694.0,697.0,694.0,697.0,500
2024-07-02,691.0,691.0,694.0,691.0,694.0,900
2024-07-03,690.0,690.0,692.0,690.0,691.0,1100
2024-07-04,693.0,693.0,693.0,691.0,692.0,400
2024-07-05,697.0,697.0,697.0,691.0,692.0,1100
2024-07-08,693.0,693.0,699.0,693.0,699.0,1700
2024-07-09,692.0,692.0,698.0,692.0,698.0,400
2024-07-10,695.0,695.0,698.0,693.0,698.0,900
2024-07-11,693.0,693.0,698.0,692.0,698.0,900
2024-07-12,694.0,694.0,697.0,692.0,696.0,600
2024-07-16,696.0,696.0,696.0,695.0,695.0,900
2024-07-17,699.0,699.0,699.0,696.0,696.0,1500
2024-07-18,700.0,700.0,700.0,697.0,700.0,1300
2024-07-19,701.0,701.0,701.0,698.0,700.0,1900
2024-07-22,702.0,702.0,702.0,702.0,702.0,1000
2024-07-23,697.0,697.0,697.0,697.0,697.0,100
2024-07-24,696.0,696.0,696.0,695.0,695.0,500
2024-07-25,696.0,696.0,696.0,696.0,696.0,0
2024-07-26,698.0,698.0,698.0,695.0,696.0,1300
2024-07-29,699.0,699.0,700.0,698.0,698.0,600
2024-07-30,696.0,696.0,702.0,696.0,702.0,600
2024-07-31,699.0,699.0,699.0,695.0,696.0,800
2024-08-01,695.0,695.0,705.0,695.0,696.0,4300
2024-08-02,695.0,695.0,701.0,694.0,701.0,800
2024-08-05,680.0,680.0,695.0,680.0,695.0,4100
2024-08-06,681.0,681.0,685.0,667.0,675.0,3300
2024-08-07,685.0,685.0,685.0,681.0,681.0,1000
2024-08-08,685.0,685.0,685.0,685.0,685.0,400
2024-08-09,685.0,685.0,690.0,685.0,687.0,400
2024-08-13,691.0,691.0,695.0,687.0,695.0,1300
2024-08-14,690.0,690.0,690.0,682.0,682.0,1700
2024-08-15,693.0,693.0,693.0,686.0,690.0,400
2024-08-16,693.0,693.0,693.0,692.0,693.0,600
2024-08-19,700.0,700.0,700.0,694.0,697.0,1600
2024-08-20,702.0,702.0,702.0,697.0,700.0,1600
2024-08-21,703.0,703.0,708.0,701.0,708.0,2700
2024-08-22,697.0,697.0,702.0,697.0,702.0,400
2024-08-23,697.0,697.0,697.0,697.0,697.0,0
2024-08-26,697.0,697.0,697.0,697.0,697.0,200
2024-08-27,697.0,697.0,697.0,697.0,697.0,100
2024-08-28,696.0,696.0,697.0,696.0,697.0,300
2024-08-29,698.0,698.0,698.0,698.0,698.0,300
2024-08-30,697.0,697.0,697.0,697.0,697.0,100
2024-09-02,696.0,696.0,696.0,696.0,696.0,700
2024-09-03,696.0,696.0,696.0,695.0,695.0,400
2024-09-04,697.0,697.0,698.0,695.0,695.0,600
2024-09-05,695.0,695.0,695.0,690.0,690.0,1400
2024-09-06,697.0,697.0,697.0,691.0,695.0,1000
2024-09-09,696.0,696.0,697.0,691.0,691.0,1200
2024-09-10,698.0,698.0,698.0,698.0,698.0,300
2024-09-11,698.0,698.0,698.0,692.0,692.0,1200
2024-09-12,695.0,695.0,698.0,695.0,698.0,200
2024-09-13,698.0,698.0,698.0,695.0,698.0,400
2024-09-17,700.0,700.0,700.0,698.0,700.0,800
2024-09-18,704.0,704.0,705.0,701.0,701.0,1300
2024-09-19,705.0,705.0,705.0,703.0,705.0,1300
2024-09-20,701.0,701.0,706.0,701.0,706.0,1500
2024-09-24,700.0,700.0,701.0,700.0,701.0,500
2024-09-25,702.0,702.0,702.0,697.0,697.0,300
2024-09-26,695.0,695.0,704.0,694.0,704.0,2500
2024-09-27,693.0,693.0,693.0,683.0,693.0,2400
2024-09-30,693.0,693.0,693.0,689.0,689.0,500
2024-10-01,697.0,697.0,697.0,690.0,696.0,600
2024-10-02,695.0,695.0,695.0,692.0,692.0,400
2024-10-03,696.0,696.0,697.0,691.0,696.0,600
2024-10-04,691.0,691.0,697.0,691.0,696.0,1600
2024-10-07,695.0,695.0,697.0,695.0,697.0,800
2024-10-08,699.0,699.0,699.0,695.0,695.0,500
2024-10-09,693.0,693.0,699.0,692.0,699.0,1100
2024-10-10,692.0,692.0,700.0,692.0,694.0,900
2024-10-11,694.0,694.0,694.0,690.0,692.0,1100
2024-10-15,692.0,692.0,696.0,692.0,696.0,700
2024-10-16,693.0,693.0,697.0,692.0,692.0,600
2024-10-17,696.0,696.0,696.0,693.0,696.0,500
2024-10-18,697.0,697.0,699.0,697.0,699.0,1300
2024-10-21,700.0,700.0,702.0,697.0,702.0,1400
2024-10-22,700.0,700.0,702.0,700.0,700.0,1300
2024-10-23,700.0,700.0,700.0,700.0,700.0,200
2024-10-24,698.0,698.0,698.0,698.0,698.0,200
2024-10-25,698.0,698.0,698.0,698.0,698.0,0
2024-10-28,702.0,702.0,705.0,695.0,705.0,1900
2024-10-29,704.0,704.0,705.0,704.0,705.0,600
2024-10-30,704.0,704.0,704.0,704.0,704.0,200
2024-10-31,703.0,703.0,703.0,703.0,703.0,200
2024-11-01,700.0,700.0,700.0,700.0,700.0,100
2024-11-05,699.0,699.0,699.0,695.0,695.0,400
2024-11-06,699.0,699.0,699.0,699.0,699.0,100
2024-11-07,696.0,696.0,696.0,696.0,696.0,300
2024-11-08,699.0,699.0,699.0,699.0,699.0,200
2024-11-11,693.0,693.0,700.0,689.0,700.0,2800
2024-11-12,697.0,697.0,698.0,687.0,687.0,1400
2024-11-13,691.0,691.0,700.0,691.0,698.0,900
2024-11-14,687.0,687.0,692.0,687.0,691.0,1000
2024-11-15,690.0,690.0,690.0,687.0,687.0,300
2024-11-18,697.0,697.0,697.0,691.0,691.0,1500
2024-11-19,699.0,699.0,699.0,698.0,699.0,1200
2024-11-20,697.0,697.0,699.0,697.0,699.0,1100
2024-11-21,694.0,694.0,697.0,694.0,697.0,600
2024-11-22,693.0,693.0,699.0,693.0,694.0,500
2024-11-25,693.0,693.0,698.0,691.0,698.0,800
2024-11-26,696.0,696.0,696.0,696.0,696.0,100
2024-11-27,695.0,695.0,695.0,693.0,695.0,600
2024-11-28,695.0,695.0,695.0,693.0,695.0,500
2024-11-29,694.0,694.0,697.0,694.0,697.0,600
2024-12-02,694.0,694.0,694.0,692.0,694.0,1100
2024-12-03,694.0,694.0,694.0,690.0,692.0,900
2024-12-04,689.0,689.0,692.0,689.0,691.0,800
2024-12-05,686.0,686.0,693.0,686.0,688.0,1300
2024-12-06,687.0,687.0,691.0,687.0,687.0,800
2024-12-09,690.0,690.0,691.0,690.0,691.0,600
2024-12-10,691.0,691.0,691.0,690.0,691.0,800
2024-12-11,689.0,689.0,692.0,687.0,689.0,1800
2024-12-12,685.0,685.0,690.0,685.0,690.0,700
2024-12-13,686.0,686.0,686.0,685.0,685.0,600
2024-12-16,683.0,683.0,686.0,683.0,685.0,2400
2024-12-17,686.0,686.0,687.0,685.0,687.0,1400
2024-12-18,687.0,687.0,689.0,686.0,689.0,1400
2024-12-19,690.0,690.0,690.0,687.0,690.0,2100
2024-12-20,687.0,687.0,690.0,686.0,687.0,2400
2024-12-23,681.0,681.0,690.0,681.0,687.0,3100
2024-12-24,680.0,680.0,681.0,678.0,681.0,2100
2024-12-25,677.0,677.0,679.0,673.0,674.0,3300
2024-12-26,670.0,670.0,674.0,665.0,671.0,6900
2024-12-27,675.0,675.0,678.0,666.0,678.0,2000
2024-12-30,675.0,675.0,675.0,670.0,675.0,2300
2025-01-06,672.0,672.0,676.0,672.0,675.0,1700
2025-01-07,674.0,674.0,676.0,674.0,676.0,1000
2025-01-08,674.0,674.0,683.0,674.0,675.0,1900
2025-01-09,679.0,679.0,680.0,675.0,680.0,600
2025-01-10,679.0,679.0,680.0,679.0,679.0,500
2025-01-14,679.0,679.0,679.0,679.0,679.0,700
2025-01-15,678.0,678.0,679.0,678.0,679.0,500
2025-01-16,679.0,679.0,684.0,678.0,678.0,2300
2025-01-17,677.0,677.0,679.0,677.0,679.0,400
2025-01-20,679.0,679.0,684.0,677.0,684.0,2200
2025-01-21,677.0,677.0,681.0,675.0,681.0,2000
2025-01-22,682.0,682.0,684.0,681.0,684.0,1300
2025-01-23,682.0,682.0,682.0,682.0,682.0,100
2025-01-24,678.0,678.0,682.0,678.0,682.0,400
2025-01-27,678.0,678.0,682.0,678.0,682.0,200
2025-01-28,679.0,679.0,692.0,674.0,678.0,3500
2025-01-29,682.0,682.0,682.0,678.0,678.0,800
2025-01-30,682.0,682.0,684.0,682.0,684.0,800
2025-01-31,687.0,687.0,687.0,679.0,679.0,600
2025-02-03,682.0,682.0,693.0,681.0,690.0,1600
2025-02-04,681.0,681.0,681.0,681.0,681.0,100
2025-02-05,672.0,672.0,690.0,672.0,687.0,2700
2025-02-06,675.0,675.0,692.0,672.0,672.0,2900
2025-02-07,679.0,679.0,679.0,674.0,675.0,600
2025-02-10,683.0,683.0,683.0,683.0,683.0,200
2025-02-12,675.0,675.0,680.0,675.0,680.0,1200
2025-02-13,679.0,679.0,680.0,676.0,680.0,400
2025-02-14,688.0,688.0,688.0,679.0,680.0,2400
2025-02-17,683.0,683.0,689.0,680.0,688.0,2300
2025-02-18,683.0,683.0,683.0,679.0,683.0,1300
2025-02-19,689.0,689.0,690.0,683.0,683.0,3100
2025-02-20,694.0,694.0,694.0,693.0,693.0,1200
2025-02-21,699.0,699.0,700.0,698.0,700.0,2500
2025-02-25,697.0,697.0,697.0,695.0,695.0,700
2025-02-26,697.0,697.0,697.0,690.0,697.0,600
2025-02-27,695.0,695.0,695.0,695.0,695.0,100
2025-02-28,698.0,698.0,698.0,691.0,698.0,700
2025-03-03,697.0,697.0,700.0,697.0,700.0,1400
2025-03-04,693.0,693.0,699.0,693.0,697.0,800
2025-03-05,693.0,693.0,693.0,693.0,693.0,100
2025-03-06,691.0,691.0,698.0,691.0,698.0,600
2025-03-07,693.0,693.0,699.0,693.0,699.0,1000
2025-03-10,699.0,699.0,699.0,695.0,695.0,900
2025-03-11,698.0,698.0,699.0,698.0,699.0,300
2025-03-12,686.0,686.0,699.0,686.0,699.0,2500
2025-03-13,696.0,696.0,696.0,686.0,692.0,1800
2025-03-14,696.0,696.0,696.0,696.0,696.0,0
2025-03-17,695.0,695.0,700.0,692.0,696.0,1700
2025-03-18,699.0,699.0,700.0,696.0,700.0,2900
2025-03-19,692.0,692.0,699.0,691.0,699.0,3200
2025-03-21,695.0,695.0,698.0,694.0,698.0,2800
2025-03-24,695.0,695.0,698.0,695.0,695.0,1700
2025-03-25,698.0,698.0,699.0,697.0,699.0,1800
2025-03-26,697.0,697.0,700.0,697.0,698.0,2400
2025-03-27,672.0,672.0,702.0,672.0,699.0,11800
2025-03-28,709.0,709.0,709.0,672.0,672.0,8700
2025-03-31,682.0,682.0,695.0,682.0,694.0,2400
2025-04-01,682.0,682.0,685.0,682.0,682.0,600
2025-04-02,673.0,673.0,680.0,673.0,680.0,500
2025-04-03,680.0,680.0,686.0,672.0,672.0,800
2025-04-04,670.0,670.0,678.0,670.0,674.0,2200
2025-04-07,655.0,655.0,672.0,655.0,667.0,5200
2025-04-08,670.0,670.0,675.0,659.0,659.0,1000
2025-04-09,673.0,673.0,675.0,670.0,671.0,900
2025-04-10,673.0,673.0,690.0,671.0,675.0,2300
2025-04-11,673.0,673.0,688.0,673.0,673.0,300
2025-04-14,686.0,686.0,686.0,686.0,686.0,500
2025-04-15,681.0,681.0,685.0,681.0,685.0,200
2025-04-16,681.0,681.0,681.0,681.0,681.0,500
2025-04-17,690.0,690.0,690.0,685.0,685.0,400
2025-04-18,693.0,693.0,693.0,688.0,692.0,1200
2025-04-21,694.0,694.0,696.0,694.0,696.0,1900
2025-04-22,688.0,688.0,698.0,688.0,698.0,1500
2025-04-23,687.0,687.0,688.0,684.0,688.0,1100
2025-04-24,686.0,686.0,686.0,680.0,685.0,600
2025-04-25,678.0,678.0,680.0,678.0,680.0,400
2025-04-28,678.0,678.0,680.0,678.0,678.0,500
2025-04-30,678.0,678.0,678.0,676.0,677.0,1600
2025-05-01,675.0,675.0,680.0,675.0,676.0,1400
2025-05-02,680.0,680.0,680.0,677.0,677.0,1100
2025-05-07,674.0,674.0,680.0,673.0,680.0,800
2025-05-08,674.0,674.0,674.0,673.0,674.0,700
2025-05-09,683.0,683.0,684.0,675.0,684.0,1200
2025-05-12,681.0,681.0,690.0,681.0,683.0,1700
2025-05-13,691.0,691.0,691.0,670.0,688.0,7800
2025-05-14,690.0,690.0,690.0,678.0,681.0,1600
2025-05-15,686.0,686.0,686.0,686.0,686.0,300
2025-05-16,686.0,686.0,686.0,684.0,685.0,300
2025-05-19,676.0,676.0,690.0,676.0,681.0,3600
2025-05-20,684.0,684.0,684.0,676.0,676.0,1300
2025-05-21,686.0,686.0,690.0,686.0,690.0,1300
2025-05-22,683.0,683.0,683.0,683.0,683.0,100
2025-05-23,688.0,688.0,688.0,677.0,683.0,1200
2025-05-26,680.0,680.0,690.0,680.0,690.0,800
2025-05-27,680.0,680.0,680.0,680.0,680.0,100
2025-05-28,685.0,685.0,685.0,680.0,680.0,400
2025-05-29,689.0,689.0,690.0,685.0,690.0,900
2025-05-30,674.0,674.0,681.0,671.0,680.0,4800
2025-06-02,679.0,679.0,679.0,673.0,673.0,800
2025-06-03,678.0,678.0,681.0,678.0,679.0,500
2025-06-04,678.0,678.0,678.0,678.0,678.0,100
2025-06-05,674.0,674.0,674.0,673.0,673.0,600
2025-06-06,675.0,675.0,675.0,674.0,674.0,300
2025-06-09,672.0,672.0,675.0,672.0,675.0,1100
2025-06-10,674.0,674.0,678.0,673.0,678.0,700
2025-06-11,677.0,677.0,687.0,675.0,679.0,1700
2025-06-12,675.0,675.0,677.0,672.0,677.0,1100
2025-06-13,677.0,677.0,679.0,677.0,679.0,300
2025-06-16,680.0,680.0,683.0,680.0,680.0,800
2025-06-17,684.0,684.0,684.0,681.0,684.0,1200
2025-06-18,684.0,684.0,684.0,682.0,684.0,1400
2025-06-19,685.0,685.0,685.0,682.0,685.0,1500
2025-06-20,681.0,681.0,685.0,681.0,685.0,1700
2025-06-23,686.0,686.0,686.0,685.0,685.0,500
2025-06-24,688.0,688.0,688.0,682.0,686.0,600
2025-06-25,682.0,682.0,688.0,682.0,688.0,400
2025-06-26,683.0,683.0,687.0,682.0,682.0,700
2025-06-27,683.0,683.0,683.0,681.0,681.0,1400
2025-06-30,681.0,681.0,685.0,681.0,685.0,2300
2025-07-01,681.0,681.0,685.0,680.0,684.0,800
2025-07-02,683.0,683.0,683.0,681.0,681.0,400
2025-07-03,681.0,681.0,681.0,681.0,681.0,100
2025-07-04,682.0,682.0,686.0,682.0,682.0,1200
2025-07-07,687.0,687.0,687.0,687.0,687.0,400
2025-07-08,685.0,685.0,685.0,685.0,685.0,200
2025-07-09,683.0,683.0,685.0,683.0,685.0,500
2025-07-10,686.0,686.0,687.0,684.0,687.0,700
2025-07-11,684.0,684.0,684.0,682.0,683.0,500
2025-07-14,683.0,683.0,686.0,683.0,685.0,800
2025-07-15,686.0,686.0,686.0,686.0,686.0,100
2025-07-16,681.0,681.0,687.0,681.0,686.0,1500
2025-07-17,681.0,681.0,684.0,681.0,684.0,1100
2025-07-18,683.0,683.0,688.0,683.0,688.0,2800
2025-07-22,683.0,683.0,685.0,683.0,685.0,1000
2025-07-23,682.0,682.0,688.0,682.0,688.0,1200
2025-07-24,685.0,685.0,685.0,682.0,682.0,500
2025-07-25,682.0,682.0,685.0,681.0,682.0,700
2025-07-28,681.0,681.0,684.0,681.0,682.0,1000
2025-07-29,686.0,686.0,686.0,686.0,686.0,1000
2025-07-30,687.0,687.0,687.0,682.0,683.0,1100
2025-07-31,683.0,683.0,683.0,683.0,683.0,300
2025-08-01,689.0,689.0,689.0,685.0,685.0,1000
2025-08-04,683.0,683.0,688.0,681.0,683.0,1800
2025-08-05,686.0,686.0,689.0,686.0,689.0,1800
2025-08-06,683.0,683.0,688.0,682.0,688.0,900
2025-08-07,683.0,683.0,683.0,683.0,683.0,0
2025-08-08,685.0,685.0,686.0,685.0,686.0,400
2025-08-12,690.0,690.0,690.0,680.0,685.0,11200
2025-08-13,685.0,685.0,689.0,682.0,689.0,1700
2025-08-14,689.0,689.0,690.0,685.0,685.0,1400
2025-08-15,690.0,690.0,690.0,687.0,689.0,1500
2025-08-18,687.0,687.0,690.0,686.0,690.0,2500
2025-08-19,688.0,688.0,690.0,688.0,690.0,1500
2025-08-20,689.0,689.0,690.0,688.0,688.0,1700
2025-08-21,687.0,687.0,687.0,687.0,687.0,100
2025-08-22,684.0,684.0,684.0,684.0,684.0,300
2025-08-25,682.0,682.0,688.0,682.0,684.0,3100
2025-08-26,689.0,689.0,689.0,685.0,685.0,400
2025-08-27,689.0,689.0,689.0,689.0,689.0,0
2025-08-28,689.0,689.0,689.0,689.0,689.0,600
2025-08-29,683.0,683.0,690.0,683.0,690.0,600
2025-09-01,684.0,684.0,684.0,684.0,684.0,100
2025-09-02,684.0,684.0,684.0,684.0,684.0,100
2025-09-03,686.0,686.0,686.0,684.0,684.0,800
2025-09-04,685.0,685.0,688.0,685.0,688.0,300
2025-09-05,690.0,690.0,690.0,685.0,685.0,1200
2025-09-08,690.0,690.0,690.0,688.0,690.0,900
2025-09-09,690.0,690.0,690.0,690.0,690.0,500
2025-09-10,688.0,688.0,691.0,686.0,688.0,600
2025-09-11,686.0,686.0,689.0,685.0,685.0,600
2025-09-12,685.0,685.0,690.0,685.0,690.0,300
2025-09-16,688.0,688.0,688.0,686.0,686.0,700
2025-09-17,689.0,689.0,689.0,688.0,688.0,800
2025-09-18,690.0,690.0,690.0,688.0,690.0,1200
2025-09-19,690.0,690.0,690.0,689.0,690.0,1500
2025-09-22,690.0,690.0,690.0,690.0,690.0,1700
2025-09-24,690.0,690.0,690.0,688.0,688.0,600
2025-09-25,690.0,690.0,690.0,690.0,690.0,200
2025-09-26,688.0,688.0,690.0,688.0,688.0,1900
2025-09-29,683.0,683.0,688.0,683.0,688.0,1900
2025-09-30,682.0,682.0,689.0,682.0,686.0,1800
2025-10-01,682.0,682.0,682.0,682.0,682.0,200
2025-10-02,681.0,681.0,684.0,681.0,682.0,1100
2025-10-03,679.0,679.0,679.0,679.0,679.0,700
2025-10-06,681.0,681.0,682.0,678.0,679.0,1500
2025-10-07,680.0,680.0,680.0,679.0,679.0,800
2025-10-08,685.0,685.0,685.0,681.0,682.0,1700
2025-10-09,689.0,689.0,689.0,686.0,686.0,1100
2025-10-10,688.0,688.0,688.0,688.0,688.0,1600
2025-10-14,681.0,681.0,687.0,680.0,680.0,1500
2025-10-15,684.0,684.0,687.0,684.0,686.0,800
2025-10-16,687.0,687.0,687.0,683.0,683.0,400
2025-10-17,685.0,685.0,689.0,685.0,686.0,1400
2025-10-20,684.0,684.0,687.0,684.0,686.0,1500
2025-10-21,685.0,685.0,688.0,685.0,687.0,1400
2025-10-22,689.0,689.0,690.0,688.0,689.0,1600
2025-10-23,685.0,685.0,689.0,682.0,682.0,1400
2025-10-24,685.0,685.0,685.0,685.0,685.0,0
2025-10-27,683.0,683.0,683.0,682.0,683.0,1100
2025-10-28,682.0,682.0,683.0,681.0,682.0,1100
2025-10-29,682.0,682.0,682.0,682.0,682.0,600
2025-10-30,682.0,682.0,684.0,680.0,681.0,1400
2025-10-31,686.0,686.0,686.0,681.0,681.0,700
2025-11-04,681.0,681.0,687.0,681.0,686.0,1800
2025-11-05,680.0,680.0,681.0,680.0,681.0,900
2025-11-06,680.0,680.0,680.0,680.0,680.0,800
2025-11-07,684.0,684.0,684.0,679.0,679.0,800
2025-11-10,681.0,681.0,683.0,680.0,683.0,300
2025-11-11,679.0,679.0,680.0,678.0,680.0,1300
2025-11-12,677.0,677.0,681.0,677.0,681.0,300
2025-11-13,680.0,680.0,684.0,680.0,683.0,1200
2025-11-14,678.0,678.0,680.0,677.0,680.0,800
2025-11-17,679.0,679.0,682.0,678.0,678.0,1200
2025-11-18,683.0,683.0,683.0,679.0,683.0,1200
2025-11-19,684.0,684.0,684.0,681.0,684.0,1600
2025-11-20,682.0,682.0,685.0,682.0,685.0,1400
2025-11-21,678.0,678.0,680.0,677.0,678.0,1600
2025-11-25,677.0,677.0,680.0,677.0,678.0,2200
2025-11-26,678.0,678.0,678.0,677.0,678.0,1800
2025-11-27,677.0,677.0,678.0,677.0,678.0,400
2025-11-28,678.0,678.0,679.0,677.0,679.0,600
2025-12-01,678.0,678.0,680.0,677.0,679.0,1800
2025-12-02,678.0,678.0,679.0,677.0,678.0,1100
2025-12-03,677.0,677.0,679.0,677.0,679.0,1100
2025-12-04,676.0,676.0,678.0,676.0,678.0,1800
2025-12-05,681.0,681.0,681.0,676.0,676.0,2200
2025-12-08,677.0,677.0,681.0,677.0,680.0,1700
2025-12-09,676.0,676.0,681.0,676.0,681.0,2500
2025-12-10,677.0,677.0,678.0,675.0,676.0,1600
2025-12-11,678.0,678.0,679.0,675.0,677.0,2300
2025-12-12,675.0,675.0,679.0,675.0,678.0,2900
2025-12-15,676.0,676.0,679.0,676.0,677.0,1000
2025-12-16,676.0,676.0,677.0,676.0,676.0,1300
2025-12-17,678.0,678.0,678.0,677.0,677.0,1200
2025-12-18,679.0,679.0,679.0,678.0,679.0,1200
2025-12-19,678.0,678.0,679.0,678.0,679.0,1600
2025-12-22,678.0,678.0,679.0,677.0,677.0,2600
2025-12-23,678.0,678.0,679.0,676.0,679.0,1200
2025-12-24,675.0,675.0,677.0,675.0,677.0,1300
2025-12-25,675.0,675.0,677.0,675.0,677.0,2400
2025-12-26,677.0,677.0,677.0,673.0,675.0,2600
2025-12-29,678.0,678.0,678.0,677.0,677.0,1100
2025-12-30,679.0,679.0,679.0,675.0,679.0,900
2026-01-05,679.0,679.0,679.0,676.0,679.0,1400
2026-01-06,679.0,679.0,679.0,676.0,677.0,1500
2026-01-07,677.0,677.0,679.0,676.0,678.0,500
2026-01-08,676.0,676.0,680.0,676.0,680.0,1600
2026-01-09,679.0,679.0,679.0,679.0,679.0,200
2026-01-13,680.0,680.0,680.0,680.0,680.0,1000
2026-01-14,677.0,677.0,680.0,677.0,680.0,700
2026-01-15,678.0,678.0,680.0,676.0,676.0,2800
2026-01-16,680.0,680.0,680.0,678.0,678.0,600
2026-01-19,681.0,681.0,681.0,678.0,680.0,3200
2026-01-20,680.0,680.0,682.0,680.0,681.0,3200
2026-01-21,681.0,681.0,682.0,681.0,682.0,1400
2026-01-22,682.0,682.0,682.0,680.0,682.0,1000
2026-01-23,681.0,681.0,682.0,680.0,682.0,500
2026-01-26,680.0,680.0,683.0,680.0,682.0,800
2026-01-27,684.0,684.0,690.0,682.0,684.0,2700
2026-01-28,688.0,688.0,689.0,683.0,689.0,1500
2026-01-29,685.0,685.0,692.0,683.0,692.0,1600
2026-01-30,690.0,690.0,690.0,681.0,681.0,2100
2026-02-02,694.0,694.0,696.0,687.0,696.0,1500
2026-02-03,696.0,696.0,699.0,696.0,699.0,3500
2026-02-04,697.0,697.0,700.0,696.0,696.0,1000
2026-02-05,696.0,696.0,704.0,693.0,700.0,2800
2026-02-06,695.0,695.0,699.0,695.0,699.0,800
2026-02-09,698.0,698.0,700.0,696.0,700.0,1300
2026-02-10,699.0,699.0,700.0,696.0,700.0,600
2026-02-12,695.0,695.0,698.0,695.0,698.0,1500
2026-02-13,684.0,684.0,732.0,684.0,699.0,15200
2026-02-16,685.0,685.0,688.0,680.0,680.0,6100
2026-02-17,681.0,681.0,685.0,680.0,683.0,1900
2026-02-18,682.0,682.0,684.0,681.0,681.0,2400
2026-02-19,689.0,689.0,691.0,683.0,690.0,4100
2026-02-20,689.0,689.0,689.0,683.0,685.0,1600
2026-02-24,686.0,686.0,689.0,686.0,686.0,1200
2026-02-25,688.0,688.0,688.0,685.0,686.0,1600
2026-02-26,689.0,689.0,689.0,688.0,688.0,600
2026-02-27,688.0,688.0,688.0,685.0,686.0,1300
2026-03-02,690.0,690.0,690.0,686.0,688.0,2900
2026-03-03,685.0,685.0,690.0,685.0,690.0,2200
2026-03-04,685.0,685.0,687.0,681.0,685.0,2800
2026-03-05,692.0,692.0,692.0,686.0,686.0,1300
2026-03-06,692.0,692.0,692.0,692.0,692.0,500
2026-03-09,693.0,693.0,693.0,690.0,692.0,600
2026-03-10,692.0,692.0,697.0,692.0,697.0,200
