Date,Adj Close,Close,High,Low,Open,Volume
2021-01-22,1967.2484130859375,2086.0,2086.0,2086.0,2086.0,0
2021-01-25,1972.963623046875,2092.06005859375,2092.06005859375,2092.06005859375,2092.06005859375,0
2021-01-26,1950.7259521484375,2068.47998046875,2068.47998046875,2068.47998046875,2068.47998046875,0
2021-01-27,1971.0206298828125,2090.0,2148.0,2073.0,2092.0,1078426
2021-01-28,1921.98095703125,2038.0,2056.0,2038.0,2040.0,238406
2021-01-29,1891.802734375,2006.0,2050.0,2005.0,2048.0,57207
2021-02-01,1944.614501953125,2062.0,2065.0,2021.0,2056.0,61458
2021-02-02,1958.7611083984375,2077.0,2085.0,2067.0,2081.0,45746
2021-02-03,1969.1346435546875,2088.0,2098.0,2081.0,2092.0,57926
2021-02-04,1960.6470947265625,2079.0,2086.0,2067.0,2082.0,25493
2021-02-05,1980.4512939453125,2100.0,2100.0,2084.0,2090.0,15762
2021-02-08,2013.458984375,2135.0,2136.0,2097.0,2110.0,36135
2021-02-09,2027.6051025390625,2150.0,2150.0,2127.0,2139.0,25695
2021-02-10,2037.0357666015625,2160.0,2162.0,2140.0,2148.0,38009
2021-02-12,2032.3204345703125,2155.0,2167.0,2147.0,2167.0,8236
2021-02-15,2050.2392578125,2174.0,2180.0,2158.0,2161.0,20044
2021-02-16,2062.4990234375,2187.0,2203.0,2178.0,2178.0,48443
2021-02-17,2054.01123046875,2178.0,2179.0,2163.0,2179.0,17467
2021-02-18,2037.97900390625,2161.0,2176.0,2152.0,2168.0,49140
2021-02-19,2037.0357666015625,2160.0,2161.0,2144.0,2150.0,25205
2021-02-22,2035.1497802734375,2158.0,2178.0,2158.0,2174.0,19684
2021-02-24,1974.79296875,2094.0,2138.0,2094.0,2132.0,44344
2021-02-25,1999.31298828125,2120.0,2130.0,2115.0,2119.0,15894
2021-02-26,1938.0133056640625,2055.0,2087.0,2052.0,2078.0,26213
2021-03-01,1975.736083984375,2095.0,2100.0,2081.0,2100.0,1483
2021-03-02,1961.590087890625,2080.0,2120.0,2074.0,2109.0,6494
2021-03-03,1954.0452880859375,2072.0,2085.0,2055.0,2085.0,22094
2021-03-04,1918.2086181640625,2034.0,2043.0,2018.0,2033.0,18063
2021-03-05,1924.8101806640625,2041.0,2041.0,1990.0,2011.0,17178
2021-03-08,1895.5750732421875,2010.0,2060.0,2006.0,2060.0,33029
2021-03-09,1903.1195068359375,2018.0,2018.0,1985.0,1995.0,24611
2021-03-10,1903.1195068359375,2018.0,2038.0,2018.0,2035.0,9098
2021-03-11,1925.75341796875,2042.0,2045.0,2015.0,2023.0,12395
2021-03-12,1975.736083984375,2095.0,2097.0,2052.0,2060.0,14986
2021-03-15,2000.256103515625,2121.0,2121.0,2092.0,2107.0,14127
2021-03-16,2023.8330078125,2146.0,2155.0,2125.0,2127.0,47955
2021-03-17,2023.8330078125,2146.0,2160.0,2139.0,2139.0,23528
2021-03-18,2042.694091796875,2166.0,2180.0,2165.0,2165.0,30983
2021-03-19,2027.6051025390625,2150.0,2150.0,2135.0,2143.0,57792
2021-03-22,2012.515869140625,2134.0,2142.0,2128.0,2137.0,8617
2021-03-23,1995.540771484375,2116.0,2154.0,2116.0,2147.0,2097
2021-03-24,1958.7611083984375,2077.0,2112.0,2073.0,2112.0,14846
2021-03-25,1966.305419921875,2085.0,2085.0,2051.0,2062.0,11957
2021-03-26,1998.369873046875,2119.0,2123.0,2100.0,2100.0,3917
2021-03-29,2006.8575439453125,2128.0,2144.0,2122.0,2133.0,30560
2021-03-30,1992.7115478515625,2113.0,2135.0,2107.0,2135.0,7470
2021-03-31,1989.88232421875,2110.0,2118.0,2094.0,2097.0,45090
2021-04-01,2010.629638671875,2132.0,2146.0,2125.0,2128.0,23954
2021-04-02,2022.8895263671875,2145.0,2160.0,2142.0,2160.0,10101
2021-04-05,2037.0357666015625,2160.0,2164.0,2148.0,2163.0,43483
2021-04-06,2012.515869140625,2134.0,2173.0,2133.0,2173.0,18207
2021-04-07,2030.434814453125,2153.0,2156.0,2140.0,2141.0,30558
2021-04-08,2030.434814453125,2153.0,2153.0,2136.0,2151.0,12750
2021-04-09,2046.4666748046875,2170.0,2189.0,2159.0,2171.0,22131
2021-04-12,2030.434814453125,2153.0,2181.0,2153.0,2180.0,4393
2021-04-13,2038.921875,2162.0,2176.0,2155.0,2155.0,8427
2021-04-14,2051.18212890625,2175.0,2182.0,2167.0,2171.0,13686
2021-04-15,2045.5233154296875,2169.0,2173.0,2159.0,2159.0,12382
2021-04-16,2052.125,2176.0,2190.0,2176.0,2184.0,20574
2021-04-19,2055.8974609375,2180.0,2188.0,2168.0,2177.0,9521
2021-04-20,2024.7757568359375,2147.0,2159.0,2146.0,2158.0,8735
2021-04-21,1983.2806396484375,2103.0,2127.0,2103.0,2117.0,2840
2021-04-22,2021.0035400390625,2143.0,2143.0,2122.0,2123.0,18454
2021-04-23,2004.971435546875,2126.0,2140.0,2123.0,2129.0,3901
2021-04-26,2003.085205078125,2124.0,2130.0,2112.0,2130.0,6153
2021-04-27,1999.31298828125,2120.0,2137.0,2120.0,2125.0,6365
2021-04-28,2009.686767578125,2131.0,2139.0,2118.0,2118.0,4145
2021-04-30,2004.0281982421875,2125.0,2138.0,2124.0,2138.0,15030
2021-05-06,1981.3946533203125,2101.0,2124.0,2100.0,2120.0,8702
2021-05-07,1971.9637451171875,2091.0,2099.0,2087.0,2099.0,712
2021-05-10,1990.825439453125,2111.0,2112.0,2085.0,2085.0,3829
2021-05-11,1932.35498046875,2049.0,2094.0,2043.0,2091.0,8521
2021-05-12,1922.9239501953125,2039.0,2071.0,2020.0,2058.0,7342
2021-05-13,1851.2506103515625,1963.0,2000.0,1960.0,1991.0,40598
2021-05-14,1897.4610595703125,2012.0,2012.0,1975.0,1977.0,1021
2021-05-17,1878.5997314453125,1992.0,2011.0,1983.0,2011.0,60219
2021-05-18,1906.8919677734375,2022.0,2025.0,1995.0,1995.0,1579
2021-05-19,1904.0625,2019.0,2022.0,1999.0,1999.0,6844
2021-05-20,1912.5501708984375,2028.0,2028.0,2017.0,2019.0,3648
2021-05-21,1928.5823974609375,2045.0,2050.0,2030.0,2030.0,5719
2021-05-24,1921.037841796875,2037.0,2044.0,2033.0,2039.0,7785
2021-05-25,1939.8992919921875,2057.0,2057.0,2050.0,2055.0,9920
2021-05-26,1947.44384765625,2065.0,2070.0,2052.0,2052.0,10575
2021-05-27,1949.3302001953125,2067.0,2067.0,2050.0,2063.0,2758
2021-05-28,1967.2484130859375,2086.0,2091.0,2081.0,2090.0,6654
2021-05-31,1954.0452880859375,2072.0,2092.0,2069.0,2085.0,12940
2021-06-01,1939.8992919921875,2057.0,2089.0,2055.0,2089.0,18511
2021-06-02,1940.8424072265625,2058.0,2065.0,2043.0,2053.0,7849
2021-06-03,1947.44384765625,2065.0,2071.0,2056.0,2056.0,13518
2021-06-04,1921.037841796875,2037.0,2048.0,2036.0,2040.0,10817
2021-06-07,1951.2161865234375,2069.0,2072.0,2056.0,2056.0,34956
2021-06-08,1969.1346435546875,2088.0,2092.0,2075.0,2077.0,5568
2021-06-09,1958.7611083984375,2077.0,2086.0,2071.0,2086.0,4412
2021-06-10,1960.6470947265625,2079.0,2082.0,2073.0,2075.0,13714
2021-06-11,1980.4512939453125,2100.0,2104.0,2089.0,2090.0,12422
2021-06-14,1975.736083984375,2095.0,2108.0,2089.0,2108.0,2524
2021-06-15,1994.59765625,2115.0,2116.0,2097.0,2108.0,9281
2021-06-16,1982.337646484375,2102.0,2105.0,2089.0,2096.0,7154
2021-06-17,1957.8177490234375,2076.0,2096.0,2068.0,2095.0,3430
2021-06-18,1960.6470947265625,2079.0,2096.0,2074.0,2096.0,5249
2021-06-21,1919.15185546875,2035.0,2051.0,2022.0,2048.0,18768
2021-06-22,1961.590087890625,2080.0,2084.0,2065.0,2072.0,6796
2021-06-23,1969.1346435546875,2088.0,2092.0,2082.0,2085.0,8667
2021-06-24,1972.90673828125,2092.0,2094.0,2086.0,2086.0,51182
2021-06-25,1974.79296875,2094.0,2110.0,2093.0,2106.0,5925
2021-06-28,1971.0206298828125,2090.0,2094.0,2087.0,2094.0,6500
2021-06-29,1971.0206298828125,2090.0,2095.0,2085.0,2095.0,18103
2021-06-30,1983.2806396484375,2103.0,2108.0,2096.0,2101.0,11872
2021-07-01,1959.7041015625,2078.0,2099.0,2076.0,2099.0,8245
2021-07-02,1970.077880859375,2089.0,2096.0,2079.0,2086.0,21760
2021-07-05,1961.590087890625,2080.0,2092.0,2078.0,2092.0,12245
2021-07-06,1958.7611083984375,2077.0,2088.0,2076.0,2088.0,9573
2021-07-07,1948.38720703125,2066.0,2075.0,2053.0,2071.0,23581
2021-07-08,1929.525634765625,2046.0,2066.0,2046.0,2066.0,15747
2021-07-09,1924.8101806640625,2041.0,2041.0,2000.0,2006.0,21732
2021-07-12,1958.7611083984375,2077.0,2079.0,2064.0,2066.0,13096
2021-07-13,1957.8177490234375,2076.0,2092.0,2075.0,2082.0,11976
2021-07-14,1966.305419921875,2085.0,2085.0,2072.0,2072.0,15101
2021-07-15,1938.0133056640625,2055.0,2079.0,2053.0,2079.0,14063
2021-07-16,1931.41162109375,2048.0,2055.0,2036.0,2049.0,7749
2021-07-19,1915.379638671875,2031.0,2037.0,2018.0,2027.0,77554
2021-07-20,1885.201171875,1999.0,2010.0,1993.0,1996.0,10138
2021-07-21,1897.4610595703125,2012.0,2031.0,2006.0,2022.0,16093
2021-07-26,1930.6998291015625,2033.0,2056.0,2029.0,2052.0,11587
2021-07-27,1929.7501220703125,2032.0,2038.0,2029.0,2038.0,10920
2021-07-28,1901.2598876953125,2002.0,2021.0,1997.0,2016.0,60032
2021-07-29,1900.3104248046875,2001.0,2002.0,1989.0,2001.0,22288
2021-07-30,1868.9708251953125,1968.0,2000.0,1963.0,1996.0,10028
2021-08-02,1900.3104248046875,2001.0,2004.0,1984.0,1986.0,21656
2021-08-03,1887.0146484375,1987.0,2002.0,1972.0,1990.0,17247
2021-08-04,1886.06494140625,1986.0,1987.0,1970.0,1977.0,2224
2021-08-05,1895.561767578125,1996.0,2004.0,1990.0,1990.0,4387
2021-08-06,1903.159423828125,2004.0,2010.0,1998.0,2001.0,17522
2021-08-10,1897.4609375,1998.0,2009.0,1992.0,1994.0,6006
2021-08-11,1900.3104248046875,2001.0,2003.0,1997.0,2003.0,1641
2021-08-12,1885.115234375,1985.0,2003.0,1984.0,1997.0,1509
2021-08-13,1895.561767578125,1996.0,1999.0,1984.0,1984.0,4378
2021-08-16,1878.467529296875,1978.0,1986.0,1973.0,1985.0,1197
2021-08-17,1866.1217041015625,1965.0,1984.0,1965.0,1981.0,2440
2021-08-18,1874.6688232421875,1974.0,1980.0,1956.0,1961.0,4171
2021-08-19,1868.0211181640625,1967.0,1982.0,1966.0,1967.0,4530
2021-08-20,1866.1217041015625,1965.0,1985.0,1961.0,1967.0,7930
2021-08-23,1903.159423828125,2004.0,2005.0,1984.0,1984.0,7756
2021-08-24,1925.0018310546875,2027.0,2028.0,2013.0,2013.0,1575
2021-08-25,1932.5994873046875,2035.0,2035.0,2024.0,2024.0,1823
2021-08-26,1935.4482421875,2038.0,2041.0,2035.0,2037.0,4363
2021-08-27,1925.951416015625,2028.0,2031.0,2016.0,2029.0,5250
2021-08-30,1938.2974853515625,2041.0,2041.0,2027.0,2039.0,6722
2021-08-31,1960.1400146484375,2064.0,2067.0,2036.0,2041.0,15351
2021-09-01,1976.2847900390625,2081.0,2081.0,2068.0,2068.0,17933
2021-09-02,1987.6806640625,2093.0,2101.0,2088.0,2092.0,24978
2021-09-03,2006.674560546875,2113.0,2120.0,2043.0,2043.0,41445
2021-09-06,2047.5107421875,2156.0,2157.0,2135.0,2139.0,45482
2021-09-07,2054.158203125,2163.0,2177.0,2150.0,2150.0,24872
2021-09-08,2078.85009765625,2189.0,2189.0,2160.0,2160.0,40870
2021-09-09,2061.755859375,2171.0,2183.0,2164.0,2174.0,60628
2021-09-10,2083.59814453125,2194.0,2197.0,2170.0,2170.0,12738
2021-09-13,2093.09521484375,2204.0,2212.0,2194.0,2194.0,22652
2021-09-14,2114.937744140625,2227.0,2227.0,2209.0,2210.0,15708
2021-09-15,2102.59228515625,2214.0,2220.0,2204.0,2214.0,15252
2021-09-16,2076.950927734375,2187.0,2210.0,2173.0,2210.0,18176
2021-09-17,2094.994384765625,2206.0,2206.0,2150.0,2150.0,9183
2021-09-21,2056.05712890625,2165.0,2171.0,2153.0,2156.0,10984
2021-09-22,2041.8125,2150.0,2169.0,2150.0,2162.0,4466
2021-09-24,2095.944580078125,2207.0,2263.0,2184.0,2187.0,9798
2021-09-27,2088.346435546875,2199.0,2210.0,2199.0,2206.0,4316
2021-09-28,2061.755859375,2171.0,2182.0,2158.0,2182.0,34823
2021-09-29,2027.5672607421875,2135.0,2144.0,2119.0,2144.0,14067
2021-09-30,2017.120849609375,2124.0,2138.0,2112.0,2138.0,4811
2021-10-01,1979.1337890625,2084.0,2126.0,2082.0,2106.0,17481
2021-10-04,1943.995361328125,2047.0,2090.0,2042.0,2090.0,33316
2021-10-05,1908.857421875,2010.0,2022.0,1986.0,2010.0,7088
2021-10-06,1904.10888671875,2005.0,2053.0,1992.0,2031.0,31725
2021-10-07,1918.354248046875,2020.0,2045.0,2016.0,2016.0,12981
2021-10-08,1941.146484375,2044.0,2057.0,2044.0,2049.0,19821
2021-10-11,1976.2847900390625,2081.0,2081.0,2028.0,2051.0,14504
2021-10-12,1960.1400146484375,2064.0,2088.0,2057.0,2088.0,9207
2021-10-13,1962.989013671875,2067.0,2081.0,2065.0,2070.0,13306
2021-10-14,1982.9324951171875,2088.0,2094.0,2072.0,2072.0,11171
2021-10-15,2011.4228515625,2118.0,2120.0,2098.0,2115.0,6633
2021-10-18,2000.02685546875,2106.0,2133.0,2103.0,2133.0,4747
2021-10-19,2024.7181396484375,2132.0,2136.0,2123.0,2123.0,614
2021-10-20,2020.9195556640625,2128.0,2144.0,2125.0,2144.0,5479
2021-10-21,1997.177490234375,2103.0,2128.0,2103.0,2122.0,5284
2021-10-22,1999.07666015625,2105.0,2110.0,2090.0,2106.0,4831
2021-10-25,1993.3790283203125,2099.0,2099.0,2090.0,2091.0,9268
2021-10-26,2019.9696044921875,2127.0,2128.0,2119.0,2119.0,959
2021-10-27,1995.2781982421875,2101.0,2118.0,2091.0,2118.0,2751
2021-10-28,1998.126953125,2104.0,2106.0,2091.0,2091.0,6568
2021-10-29,1978.1839599609375,2083.0,2101.0,2064.0,2101.0,10041
2021-11-01,2012.3724365234375,2119.0,2120.0,2110.0,2116.0,381
2021-11-02,2013.3221435546875,2120.0,2127.0,2116.0,2117.0,9449
2021-11-04,2025.6678466796875,2133.0,2147.0,2126.0,2147.0,12044
2021-11-05,2038.96337890625,2147.0,2149.0,2131.0,2137.0,2874
2021-11-08,2021.8692626953125,2129.0,2150.0,2123.0,2150.0,5896
2021-11-09,2021.8692626953125,2129.0,2158.0,2125.0,2141.0,7355
2021-11-10,2027.5672607421875,2135.0,2143.0,2130.0,2132.0,2292
2021-11-11,2020.9195556640625,2128.0,2128.0,2122.0,2122.0,10130
2021-11-12,2045.611083984375,2154.0,2156.0,2133.0,2133.0,3176
2021-11-15,2071.252685546875,2181.0,2186.0,2171.0,2171.0,10340
2021-11-16,2082.648681640625,2193.0,2194.0,2171.0,2177.0,10021
2021-11-17,2079.799560546875,2190.0,2202.0,2184.0,2200.0,6947
2021-11-18,2088.346435546875,2199.0,2201.0,2179.0,2185.0,12161
2021-11-19,2082.648681640625,2193.0,2200.0,2178.0,2199.0,3953
2021-11-22,2090.24560546875,2201.0,2201.0,2184.0,2187.0,3289
2021-11-24,2038.96337890625,2147.0,2179.0,2139.0,2179.0,11855
2021-11-25,2044.661865234375,2153.0,2162.0,2153.0,2153.0,2237
2021-11-26,2001.9261474609375,2108.0,2142.0,2099.0,2142.0,5511
2021-11-29,1988.63037109375,2094.0,2133.0,2083.0,2083.0,13390
2021-11-30,1958.240478515625,2062.0,2123.0,2062.0,2123.0,18414
2021-12-01,1950.6431884765625,2054.0,2071.0,2038.0,2071.0,6426
2021-12-02,1932.5994873046875,2035.0,2051.0,2028.0,2036.0,7860
2021-12-03,1942.0960693359375,2045.0,2046.0,2023.0,2035.0,7576
2021-12-06,1913.6055908203125,2015.0,2026.0,1995.0,1995.0,15684
2021-12-07,1951.593017578125,2055.0,2055.0,2025.0,2032.0,15046
2021-12-08,1970.5865478515625,2075.0,2090.0,2070.0,2090.0,17347
2021-12-09,1968.6868896484375,2073.0,2087.0,2071.0,2076.0,1414
2021-12-10,1939.2470703125,2042.0,2054.0,2041.0,2054.0,8518
2021-12-13,1948.743896484375,2052.0,2061.0,2047.0,2061.0,5300
2021-12-14,1930.6998291015625,2033.0,2048.0,2027.0,2048.0,3762
2021-12-15,1931.6494140625,2034.0,2042.0,2022.0,2022.0,2142
2021-12-16,1947.794189453125,2051.0,2060.0,2041.0,2058.0,5871
2021-12-17,1901.2598876953125,2002.0,2038.0,2002.0,2038.0,6882
2021-12-20,1871.819580078125,1971.0,2005.0,1971.0,2005.0,11553
2021-12-21,1903.159423828125,2004.0,2010.0,1990.0,1992.0,15023
2021-12-22,1908.857421875,2010.0,2020.0,2008.0,2020.0,5895
2021-12-23,1917.4044189453125,2019.0,2028.0,2016.0,2024.0,9475
2021-12-24,1915.505126953125,2017.0,2031.0,2016.0,2020.0,13184
2021-12-27,1901.2598876953125,2002.0,2015.0,1995.0,2015.0,6079
2021-12-28,1925.951416015625,2028.0,2030.0,2013.0,2013.0,13077
2021-12-29,1921.203125,2023.0,2029.0,2013.0,2024.0,637
2021-12-30,1920.2535400390625,2022.0,2025.0,2002.0,2020.0,381
2022-01-04,1943.0457763671875,2046.0,2048.0,2029.0,2036.0,1406
2022-01-05,1912.6558837890625,2014.0,2037.0,2010.0,2037.0,3590
2022-01-06,1860.4237060546875,1959.0,1990.0,1956.0,1974.0,5089
2022-01-07,1856.6248779296875,1955.0,1972.0,1937.0,1969.0,3041
2022-01-11,1837.63134765625,1935.0,1951.0,1923.0,1951.0,7712
2022-01-12,1868.9708251953125,1968.0,1968.0,1957.0,1963.0,1988
2022-01-13,1830.9833984375,1928.0,1960.0,1928.0,1960.0,866
2022-01-14,1787.2982177734375,1882.0,1911.0,1874.0,1911.0,4251
2022-01-17,1791.0970458984375,1886.0,1894.0,1875.0,1881.0,2366
2022-01-18,1782.5499267578125,1877.0,1901.0,1866.0,1888.0,1915
2022-01-19,1732.216796875,1824.0,1861.0,1819.0,1861.0,1757
2022-01-20,1766.4052734375,1860.0,1866.0,1819.0,1819.0,8375
2022-01-21,1755.958740234375,1849.0,1849.0,1817.0,1817.0,729
2022-01-24,1748.328125,1833.0,1838.0,1810.0,1823.0,303
2022-01-25,1716.8525390625,1800.0,1837.0,1789.0,1837.0,2519
2022-01-26,1735.9288330078125,1820.0,1827.0,1803.0,1814.0,1207
2022-01-27,1666.30078125,1747.0,1849.0,1736.0,1849.0,9117
2022-01-28,1683.46923828125,1765.0,1773.0,1750.0,1759.0,9706
2022-01-31,1720.6678466796875,1804.0,1816.0,1776.0,1776.0,487
2022-02-01,1735.9288330078125,1820.0,1852.0,1815.0,1844.0,398
2022-02-02,1780.7579345703125,1867.0,1869.0,1838.0,1841.0,278
2022-02-03,1746.4207763671875,1831.0,1845.0,1824.0,1827.0,601
2022-02-04,1774.0810546875,1860.0,1860.0,1838.0,1838.0,856
2022-02-07,1770.2657470703125,1856.0,1868.0,1850.0,1868.0,309
2022-02-08,1754.0511474609375,1839.0,1865.0,1837.0,1852.0,402
2022-02-09,1788.38818359375,1875.0,1875.0,1844.0,1871.0,116
2022-02-10,1800.7874755859375,1888.0,1914.0,1884.0,1914.0,2563
2022-02-14,1757.8663330078125,1843.0,1867.0,1837.0,1855.0,1020
2022-02-15,1756.91259765625,1842.0,1854.0,1837.0,1848.0,150
2022-02-16,1775.0350341796875,1861.0,1875.0,1855.0,1875.0,1509
2022-02-17,1746.4207763671875,1831.0,1862.0,1825.0,1862.0,314
2022-02-18,1755.0048828125,1840.0,1841.0,1803.0,1811.0,278
2022-02-21,1753.0972900390625,1838.0,1843.0,1811.0,1817.0,11828
2022-02-22,1729.2523193359375,1813.0,1824.0,1803.0,1803.0,1155
2022-02-24,1717.806396484375,1801.0,1809.0,1785.0,1805.0,479
2022-02-25,1762.6356201171875,1848.0,1848.0,1833.0,1833.0,237
2022-02-28,1764.54296875,1850.0,1858.0,1835.0,1849.0,321
2022-03-01,1809.371826171875,1897.0,1904.0,1877.0,1878.0,757
2022-03-02,1806.5103759765625,1894.0,1896.0,1876.0,1888.0,5174
2022-03-03,1798.8797607421875,1886.0,1904.0,1885.0,1901.0,462
2022-03-04,1761.681640625,1847.0,1879.0,1837.0,1879.0,3140
2022-03-07,1725.4368896484375,1809.0,1820.0,1799.0,1820.0,2706
2022-03-08,1706.36083984375,1789.0,1829.0,1786.0,1786.0,383
2022-03-09,1710.176025390625,1793.0,1812.0,1791.0,1812.0,473
2022-03-10,1765.4967041015625,1851.0,1854.0,1833.0,1833.0,3366
2022-03-11,1736.8824462890625,1821.0,1831.0,1807.0,1830.0,485
2022-03-14,1742.6053466796875,1827.0,1843.0,1826.0,1831.0,1541
2022-03-15,1738.7900390625,1823.0,1823.0,1810.0,1812.0,28
2022-03-16,1767.404296875,1853.0,1853.0,1838.0,1841.0,75
2022-03-17,1809.371826171875,1897.0,1904.0,1884.0,1893.0,977
2022-03-18,1826.5404052734375,1915.0,1916.0,1900.0,1900.0,960
2022-03-22,1837.0323486328125,1926.0,1928.0,1923.0,1923.0,899
2022-03-23,1889.49169921875,1981.0,1983.0,1959.0,1959.0,7234
2022-03-24,1894.2607421875,1986.0,1987.0,1957.0,1961.0,1093
2022-03-25,1899.0299072265625,1991.0,2003.0,1987.0,1991.0,590
2022-03-28,1883.7686767578125,1975.0,1983.0,1968.0,1983.0,548
2022-03-29,1907.614013671875,2000.0,2005.0,1987.0,2000.0,3204
2022-03-30,1915.24462890625,2008.0,2032.0,2000.0,2032.0,156
2022-03-31,1898.0760498046875,1990.0,2002.0,1990.0,2002.0,239
2022-04-01,1905.706298828125,1998.0,2005.0,1970.0,1976.0,1265
2022-04-04,1931.4593505859375,2025.0,2025.0,2008.0,2008.0,238
2022-04-05,1943.8587646484375,2038.0,2047.0,2028.0,2047.0,813
2022-04-06,1920.9674072265625,2014.0,2016.0,2003.0,2016.0,396
2022-04-07,1897.1221923828125,1989.0,1990.0,1978.0,1986.0,578
2022-04-08,1908.5679931640625,2001.0,2001.0,1991.0,1997.0,8318
2022-04-11,1872.3232421875,1963.0,1991.0,1963.0,1991.0,85
2022-04-12,1867.5540771484375,1958.0,1966.0,1948.0,1954.0,11959
2022-04-13,1892.353271484375,1984.0,1984.0,1956.0,1956.0,55
2022-04-14,1902.8448486328125,1995.0,1995.0,1987.0,1990.0,976
2022-04-15,1887.5841064453125,1979.0,1980.0,1962.0,1968.0,537
2022-04-18,1864.6927490234375,1955.0,1960.0,1945.0,1958.0,590
2022-04-19,1871.369384765625,1962.0,1969.0,1958.0,1969.0,72
2022-04-20,1875.1845703125,1966.0,1981.0,1960.0,1980.0,48
2022-04-21,1873.277099609375,1964.0,1964.0,1955.0,1955.0,26
2022-04-22,1842.755126953125,1932.0,1958.0,1922.0,1958.0,581
2022-04-25,1825.5867919921875,1914.0,1918.0,1899.0,1902.0,372
2022-04-26,1850.385498046875,1940.0,1941.0,1900.0,1900.0,2400
2022-04-27,1838.9400634765625,1928.0,1930.0,1901.0,1903.0,24041
2022-04-28,1854.2008056640625,1944.0,1944.0,1917.0,1917.0,232
2022-05-02,1831.3095703125,1920.0,1932.0,1919.0,1932.0,1118
2022-05-06,1823.678955078125,1912.0,1916.0,1899.0,1913.0,459
2022-05-09,1790.2957763671875,1877.0,1895.0,1877.0,1894.0,1230
2022-05-10,1782.665283203125,1869.0,1869.0,1837.0,1860.0,3357
2022-05-11,1796.9725341796875,1884.0,1889.0,1862.0,1866.0,29
2022-05-12,1734.0211181640625,1818.0,1852.0,1818.0,1852.0,463
2022-05-13,1773.1273193359375,1859.0,1859.0,1816.0,1816.0,50
2022-05-16,1786.48046875,1873.0,1888.0,1872.0,1881.0,1864
2022-05-17,1790.2957763671875,1877.0,1880.0,1859.0,1864.0,487
2022-05-18,1812.2333984375,1900.0,1907.0,1890.0,1890.0,279
2022-05-19,1783.619140625,1870.0,1872.0,1860.0,1860.0,208
2022-05-20,1807.4642333984375,1895.0,1895.0,1879.0,1891.0,242
2022-05-23,1830.3558349609375,1919.0,1920.0,1911.0,1911.0,1045
2022-05-24,1819.8638916015625,1908.0,1913.0,1905.0,1913.0,185
2022-05-25,1809.371826171875,1897.0,1897.0,1883.0,1896.0,2958
2022-05-26,1810.32568359375,1898.0,1908.0,1894.0,1900.0,61
2022-05-27,1804.6029052734375,1892.0,1920.0,1892.0,1920.0,17
2022-05-30,1840.8475341796875,1930.0,1930.0,1911.0,1920.0,275
2022-05-31,1833.2169189453125,1922.0,1930.0,1921.0,1925.0,7
2022-06-01,1840.8475341796875,1930.0,1934.0,1923.0,1923.0,7
2022-06-02,1812.2333984375,1900.0,1916.0,1896.0,1916.0,895
2022-06-03,1826.5404052734375,1915.0,1915.0,1907.0,1915.0,19
2022-06-06,1827.494140625,1916.0,1916.0,1887.0,1887.0,85
2022-06-07,1820.8175048828125,1909.0,1923.0,1908.0,1921.0,39123
2022-06-08,1846.5704345703125,1936.0,1940.0,1926.0,1926.0,758
2022-06-09,1858.9698486328125,1949.0,1952.0,1930.0,1940.0,496
2022-06-10,1831.3095703125,1920.0,1929.0,1916.0,1926.0,186
2022-06-13,1775.9886474609375,1862.0,1876.0,1855.0,1856.0,255
2022-06-14,1734.0211181640625,1818.0,1830.0,1814.0,1826.0,2329
2022-06-15,1723.529296875,1807.0,1825.0,1805.0,1818.0,229
2022-06-16,1717.806396484375,1801.0,1839.0,1799.0,1839.0,591
2022-06-17,1693.0074462890625,1775.0,1777.0,1757.0,1767.0,655
2022-06-20,1685.376953125,1767.0,1790.0,1755.0,1784.0,266
2022-06-21,1729.2523193359375,1813.0,1813.0,1789.0,1789.0,386
2022-06-22,1731.1595458984375,1815.0,1821.0,1810.0,1821.0,1321
2022-06-23,1736.8824462890625,1821.0,1831.0,1811.0,1811.0,222
2022-06-24,1765.4967041015625,1851.0,1852.0,1834.0,1835.0,71
2022-06-27,1784.5728759765625,1871.0,1871.0,1861.0,1865.0,80
2022-06-28,1789.3419189453125,1876.0,1878.0,1860.0,1860.0,342
2022-06-29,1790.2957763671875,1877.0,1877.0,1859.0,1859.0,151
2022-06-30,1764.54296875,1850.0,1880.0,1850.0,1880.0,80
2022-07-01,1746.4207763671875,1831.0,1866.0,1827.0,1850.0,13746
2022-07-04,1775.9886474609375,1862.0,1868.0,1855.0,1855.0,117
2022-07-05,1802.6951904296875,1890.0,1892.0,1881.0,1885.0,351
2022-07-06,1818.9100341796875,1907.0,1910.0,1886.0,1886.0,301
2022-07-07,1835.1246337890625,1924.0,1928.0,1903.0,1910.0,6460
2022-07-08,1851.33935546875,1941.0,1941.0,1918.0,1929.0,99
2022-07-11,1842.755126953125,1932.0,1944.0,1927.0,1933.0,4700
2022-07-12,1813.1871337890625,1901.0,1919.0,1900.0,1919.0,174
2022-07-13,1819.8638916015625,1908.0,1909.0,1903.0,1903.0,152
2022-07-14,1822.725341796875,1911.0,1911.0,1894.0,1905.0,101
2022-07-15,1821.7713623046875,1910.0,1922.0,1905.0,1910.0,6085
2022-07-19,1819.8638916015625,1908.0,1929.0,1897.0,1929.0,63
2022-07-20,1854.2008056640625,1944.0,1947.0,1922.0,1935.0,1452
2022-07-21,1851.33935546875,1941.0,1941.0,1923.0,1923.0,3582
2022-07-22,1863.739013671875,1954.0,1956.0,1936.0,1936.0,24026
2022-07-25,1869.52392578125,1939.0,1943.0,1938.0,1941.0,9
2022-07-26,1866.631591796875,1936.0,1939.0,1922.0,1939.0,560
2022-07-27,1863.739013671875,1933.0,1933.0,1925.0,1928.0,391
2022-07-28,1873.380615234375,1943.0,1949.0,1929.0,1946.0,745
2022-07-29,1875.30908203125,1945.0,1956.0,1943.0,1943.0,389
2022-08-01,1878.201416015625,1948.0,1948.0,1922.0,1941.0,19279
2022-08-02,1858.9180908203125,1928.0,1948.0,1922.0,1948.0,764
2022-08-03,1861.8106689453125,1931.0,1942.0,1930.0,1938.0,2244
2022-08-04,1862.7747802734375,1932.0,1934.0,1926.0,1934.0,19
2022-08-05,1878.201416015625,1948.0,1951.0,1929.0,1929.0,9554
2022-08-08,1857.9541015625,1927.0,1948.0,1927.0,1948.0,622
2022-08-09,1853.133056640625,1922.0,1935.0,1920.0,1935.0,608
2022-08-10,1827.1004638671875,1895.0,1921.0,1895.0,1921.0,321
2022-08-12,1857.9541015625,1927.0,1935.0,1914.0,1935.0,20223
2022-08-15,1874.3448486328125,1944.0,1945.0,1926.0,1928.0,19345
2022-08-16,1895.5565185546875,1966.0,1966.0,1948.0,1948.0,278
2022-08-17,1916.768310546875,1988.0,1988.0,1968.0,1977.0,1510
2022-08-18,1913.875732421875,1985.0,1985.0,1961.0,1978.0,21197
2022-08-19,1901.341552734375,1972.0,1990.0,1972.0,1990.0,219
2022-08-22,1891.699951171875,1962.0,1962.0,1952.0,1953.0,544
2022-08-23,1862.7747802734375,1932.0,1948.0,1927.0,1948.0,2712
2022-08-24,1848.312255859375,1917.0,1932.0,1912.0,1932.0,59
2022-08-25,1862.7747802734375,1932.0,1932.0,1920.0,1920.0,5
2022-08-26,1860.846435546875,1930.0,1943.0,1930.0,1939.0,285
2022-08-29,1821.3155517578125,1889.0,1889.0,1879.0,1879.0,555
2022-08-30,1849.2764892578125,1918.0,1918.0,1900.0,1904.0,228
2022-08-31,1839.634765625,1908.0,1908.0,1894.0,1894.0,257
2022-09-01,1820.3514404296875,1888.0,1889.0,1888.0,1888.0,75
2022-09-02,1800.1038818359375,1867.0,1884.0,1856.0,1884.0,1151
2022-09-05,1814.5662841796875,1882.0,1884.0,1870.0,1870.0,259
2022-09-06,1818.4229736328125,1886.0,1888.0,1875.0,1881.0,652
2022-09-07,1784.677001953125,1851.0,1867.0,1840.0,1867.0,6103
2022-09-08,1826.13623046875,1894.0,1894.0,1880.0,1887.0,457
2022-09-09,1839.634765625,1908.0,1908.0,1899.0,1899.0,61
2022-09-12,1854.097412109375,1923.0,1933.0,1923.0,1933.0,232
2022-09-13,1861.8106689453125,1931.0,1938.0,1922.0,1922.0,50
2022-09-14,1819.3870849609375,1887.0,1895.0,1880.0,1884.0,4292
2022-09-15,1817.458740234375,1885.0,1895.0,1885.0,1895.0,218
2022-09-16,1793.3546142578125,1860.0,1871.0,1856.0,1871.0,795
2022-09-20,1796.2470703125,1863.0,1876.0,1855.0,1876.0,79
2022-09-21,1775.035400390625,1841.0,1851.0,1840.0,1851.0,176
2022-09-22,1764.4295654296875,1830.0,1831.0,1816.0,1822.0,242
2022-09-26,1730.68359375,1795.0,1812.0,1790.0,1801.0,4842
2022-09-27,1740.325439453125,1805.0,1812.0,1805.0,1809.0,809
2022-09-28,1714.292724609375,1778.0,1802.0,1775.0,1793.0,227
2022-09-29,1764.4295654296875,1830.0,1830.0,1819.0,1826.0,320
2022-09-30,1733.576171875,1798.0,1826.0,1793.0,1826.0,667
2022-10-03,1741.2894287109375,1806.0,1806.0,1767.0,1793.0,1258
2022-10-04,1797.21142578125,1864.0,1864.0,1831.0,1840.0,123
2022-10-05,1802.9962158203125,1870.0,1880.0,1869.0,1877.0,163
2022-10-06,1819.3870849609375,1887.0,1891.0,1879.0,1879.0,555
2022-10-07,1810.7095947265625,1878.0,1878.0,1862.0,1862.0,41
2022-10-11,1775.035400390625,1841.0,1851.0,1840.0,1851.0,147
2022-10-12,1765.3936767578125,1831.0,1843.0,1830.0,1841.0,97
2022-10-13,1746.1103515625,1811.0,1831.0,1809.0,1831.0,7020
2022-10-14,1788.5338134765625,1855.0,1860.0,1845.0,1856.0,7622
2022-10-17,1764.4295654296875,1830.0,1841.0,1825.0,1841.0,539
2022-10-18,1798.175537109375,1865.0,1865.0,1851.0,1859.0,104
2022-10-19,1807.817138671875,1875.0,1875.0,1870.0,1870.0,54
2022-10-20,1777.9281005859375,1844.0,1853.0,1844.0,1853.0,36
2022-10-21,1783.712890625,1850.0,1864.0,1850.0,1864.0,601
2022-10-24,1787.569580078125,1854.0,1870.0,1854.0,1869.0,678
2022-10-25,1806.85302734375,1874.0,1874.0,1868.0,1868.0,18
2022-10-26,1831.92138671875,1900.0,1900.0,1879.0,1879.0,94
2022-10-27,1810.7095947265625,1878.0,1887.0,1878.0,1886.0,49
2022-10-28,1807.817138671875,1875.0,1876.0,1867.0,1867.0,27
2022-10-31,1823.2437744140625,1891.0,1892.0,1887.0,1889.0,987
2022-11-01,1834.8138427734375,1903.0,1903.0,1895.0,1899.0,380
2022-11-02,1829.02880859375,1897.0,1901.0,1892.0,1892.0,1466
2022-11-04,1776.9637451171875,1843.0,1863.0,1841.0,1863.0,157
2022-11-07,1801.068115234375,1868.0,1868.0,1860.0,1865.0,35
2022-11-08,1832.8856201171875,1901.0,1905.0,1881.0,1881.0,5066
2022-11-09,1814.5662841796875,1882.0,1907.0,1882.0,1907.0,120
2022-11-10,1798.175537109375,1865.0,1875.0,1863.0,1875.0,5649
2022-11-11,1856.0255126953125,1925.0,1930.0,1905.0,1905.0,2815
2022-11-14,1841.5631103515625,1910.0,1923.0,1910.0,1923.0,62
2022-11-15,1833.849853515625,1902.0,1903.0,1894.0,1902.0,712
2022-11-16,1846.384033203125,1915.0,1917.0,1895.0,1906.0,142
2022-11-17,1845.419677734375,1914.0,1928.0,1913.0,1928.0,479
2022-11-18,1841.5631103515625,1910.0,1913.0,1910.0,1910.0,16
2022-11-21,1831.92138671875,1900.0,1920.0,1894.0,1920.0,1260
2022-11-22,1841.5631103515625,1910.0,1913.0,1905.0,1905.0,66
2022-11-24,1871.4522705078125,1941.0,1946.0,1928.0,1928.0,91
2022-11-25,1863.739013671875,1933.0,1940.0,1933.0,1938.0,9
2022-11-28,1856.0255126953125,1925.0,1941.0,1925.0,1941.0,154
2022-11-29,1841.5631103515625,1910.0,1914.0,1910.0,1911.0,205
2022-11-30,1829.9930419921875,1898.0,1903.0,1890.0,1903.0,550
2022-12-01,1841.5631103515625,1910.0,1927.0,1910.0,1923.0,243
2022-12-02,1814.5662841796875,1882.0,1891.0,1882.0,1891.0,31
2022-12-05,1815.530517578125,1883.0,1893.0,1878.0,1893.0,518
2022-12-06,1805.8887939453125,1873.0,1878.0,1873.0,1878.0,107
2022-12-07,1797.21142578125,1864.0,1866.0,1862.0,1862.0,114
2022-12-08,1785.641357421875,1852.0,1869.0,1849.0,1869.0,301
2022-12-09,1814.5662841796875,1882.0,1882.0,1852.0,1852.0,76
2022-12-12,1809.7454833984375,1877.0,1877.0,1873.0,1873.0,11
2022-12-13,1809.7454833984375,1877.0,1887.0,1877.0,1887.0,424
2022-12-14,1820.3514404296875,1888.0,1890.0,1883.0,1890.0,25
2022-12-15,1813.60205078125,1881.0,1890.0,1880.0,1890.0,21
2022-12-16,1783.712890625,1850.0,1866.0,1850.0,1866.0,1680
2022-12-19,1774.0712890625,1840.0,1846.0,1834.0,1841.0,67
2022-12-20,1722.0062255859375,1786.0,1845.0,1780.0,1845.0,13692
2022-12-21,1728.75537109375,1793.0,1802.0,1777.0,1795.0,1170
2022-12-22,1732.612060546875,1797.0,1798.0,1791.0,1798.0,241
2022-12-23,1724.8985595703125,1789.0,1797.0,1785.0,1797.0,241
2022-12-26,1724.8985595703125,1789.0,1792.0,1787.0,1789.0,975
2022-12-27,1733.576171875,1798.0,1808.0,1798.0,1801.0,2465
2022-12-28,1721.0421142578125,1785.0,1800.0,1779.0,1800.0,1717
2022-12-29,1729.7196044921875,1794.0,1796.0,1784.0,1790.0,121
2022-12-30,1726.826904296875,1791.0,1805.0,1790.0,1795.0,246
2023-01-04,1713.3287353515625,1777.0,1791.0,1775.0,1791.0,154
2023-01-05,1720.0777587890625,1784.0,1787.0,1775.0,1780.0,951
2023-01-06,1714.292724609375,1778.0,1780.0,1772.0,1780.0,121
2023-01-10,1722.0062255859375,1786.0,1800.0,1786.0,1793.0,92
2023-01-11,1741.2894287109375,1806.0,1806.0,1798.0,1800.0,279
2023-01-12,1744.18212890625,1809.0,1821.0,1807.0,1821.0,113
2023-01-13,1722.9703369140625,1787.0,1805.0,1785.0,1796.0,106
2023-01-16,1711.400146484375,1775.0,1789.0,1775.0,1784.0,76
2023-01-17,1722.0062255859375,1786.0,1793.0,1781.0,1784.0,123
2023-01-18,1763.4654541015625,1829.0,1832.0,1797.0,1797.0,14702
2023-01-19,1754.7879638671875,1820.0,1827.0,1816.0,1822.0,4904
2023-01-20,1751.8953857421875,1817.0,1818.0,1812.0,1815.0,62
2023-01-23,1772.142822265625,1838.0,1838.0,1828.0,1828.0,169
2023-01-24,1806.0546875,1864.0,1866.0,1849.0,1849.0,610
2023-01-25,1812.8372802734375,1871.0,1871.0,1863.0,1865.0,39
2023-01-26,1810.8992919921875,1869.0,1873.0,1869.0,1873.0,17
2023-01-27,1805.0859375,1863.0,1874.0,1863.0,1873.0,1500
2023-01-30,1802.1790771484375,1860.0,1869.0,1860.0,1862.0,54
2023-01-31,1802.1790771484375,1860.0,1867.0,1858.0,1866.0,32
2023-02-01,1794.4278564453125,1852.0,1868.0,1852.0,1868.0,487
2023-02-02,1801.2103271484375,1859.0,1862.0,1814.0,1814.0,6228
2023-02-03,1815.7440185546875,1874.0,1877.0,1867.0,1867.0,763
2023-02-06,1814.77490234375,1873.0,1887.0,1872.0,1874.0,4987
2023-02-07,1815.7440185546875,1874.0,1879.0,1872.0,1879.0,2908
2023-02-08,1800.2413330078125,1858.0,1869.0,1855.0,1869.0,46
2023-02-09,1807.0238037109375,1865.0,1865.0,1850.0,1850.0,70
2023-02-10,1799.2724609375,1857.0,1871.0,1857.0,1865.0,213
2023-02-13,1784.73876953125,1842.0,1847.0,1837.0,1847.0,105
2023-02-14,1807.0238037109375,1865.0,1867.0,1863.0,1867.0,43
2023-02-15,1799.2724609375,1857.0,1870.0,1853.0,1870.0,142
2023-02-16,1804.116943359375,1862.0,1863.0,1859.0,1859.0,259
2023-02-17,1786.6766357421875,1844.0,1848.0,1844.0,1845.0,304
2023-02-20,1786.6766357421875,1844.0,1844.0,1832.0,1844.0,1221
2023-02-21,1780.8631591796875,1838.0,1845.0,1838.0,1842.0,95
2023-02-22,1758.5780029296875,1815.0,1827.0,1810.0,1827.0,292
2023-02-24,1763.422607421875,1820.0,1825.0,1810.0,1816.0,880
2023-02-27,1748.8890380859375,1805.0,1825.0,1805.0,1825.0,139
2023-02-28,1758.5780029296875,1815.0,1819.0,1803.0,1803.0,46
2023-03-01,1755.6715087890625,1812.0,1813.0,1805.0,1813.0,50
2023-03-02,1754.7025146484375,1811.0,1811.0,1805.0,1811.0,94
2023-03-03,1775.049560546875,1832.0,1832.0,1818.0,1821.0,1305
2023-03-06,1790.5523681640625,1848.0,1852.0,1836.0,1836.0,475
2023-03-07,1800.2413330078125,1858.0,1862.0,1850.0,1850.0,2419
2023-03-08,1802.1790771484375,1860.0,1860.0,1848.0,1848.0,119
2023-03-09,1812.8372802734375,1871.0,1871.0,1865.0,1866.0,12123
2023-03-10,1774.0806884765625,1831.0,1848.0,1831.0,1847.0,37
2023-03-13,1765.3604736328125,1822.0,1822.0,1814.0,1819.0,5226
2023-03-14,1744.04443359375,1800.0,1809.0,1788.0,1809.0,220
2023-03-15,1733.3863525390625,1789.0,1809.0,1788.0,1809.0,39
2023-03-16,1739.1998291015625,1795.0,1795.0,1756.0,1764.0,850
2023-03-17,1750.82666015625,1807.0,1807.0,1795.0,1795.0,4
2023-03-20,1751.7957763671875,1808.0,1830.0,1807.0,1825.0,692
2023-03-22,1777.9561767578125,1835.0,1839.0,1829.0,1837.0,21
2023-03-23,1774.0806884765625,1831.0,1831.0,1825.0,1825.0,35
2023-03-24,1772.142822265625,1829.0,1835.0,1819.0,1835.0,15
2023-03-27,1776.987548828125,1834.0,1841.0,1830.0,1830.0,11
2023-03-28,1770.205078125,1827.0,1828.0,1821.0,1828.0,241
2023-03-29,1796.3656005859375,1854.0,1854.0,1832.0,1832.0,1860
2023-03-30,1787.6453857421875,1845.0,1859.0,1845.0,1859.0,346
2023-03-31,1807.0238037109375,1865.0,1865.0,1852.0,1852.0,34
2023-04-03,1827.37109375,1886.0,1890.0,1878.0,1879.0,87
2023-04-04,1824.4642333984375,1883.0,1889.0,1881.0,1889.0,290
2023-04-05,1807.0238037109375,1865.0,1878.0,1862.0,1878.0,5307
2023-04-06,1792.490234375,1850.0,1851.0,1838.0,1838.0,207
2023-04-07,1783.769775390625,1841.0,1853.0,1840.0,1853.0,362
2023-04-10,1803.148193359375,1861.0,1861.0,1858.0,1858.0,18
2023-04-11,1811.868408203125,1870.0,1879.0,1866.0,1873.0,68
2023-04-12,1812.8372802734375,1871.0,1874.0,1870.0,1870.0,2256
2023-04-13,1817.681884765625,1876.0,1876.0,1871.0,1871.0,102
2023-04-14,1834.1533203125,1893.0,1893.0,1877.0,1877.0,132
2023-04-17,1833.184326171875,1892.0,1896.0,1888.0,1895.0,713
2023-04-18,1857.4073486328125,1917.0,1917.0,1899.0,1903.0,1945
2023-04-19,1852.562744140625,1912.0,1912.0,1895.0,1910.0,1135
2023-04-20,1844.8115234375,1904.0,1908.0,1900.0,1903.0,121
2023-04-21,1838.0289306640625,1897.0,1907.0,1897.0,1907.0,126
2023-04-24,1842.87353515625,1902.0,1907.0,1899.0,1899.0,121
2023-04-25,1846.749267578125,1906.0,1910.0,1906.0,1908.0,109
2023-04-26,1821.5574951171875,1880.0,1896.0,1880.0,1889.0,65
2023-04-27,1836.0911865234375,1895.0,1895.0,1880.0,1880.0,4
2023-04-28,1865.158447265625,1925.0,1925.0,1905.0,1908.0,1121
2023-05-01,1865.158447265625,1925.0,1933.0,1924.0,1933.0,41
2023-05-02,1868.0653076171875,1928.0,1931.0,1923.0,1930.0,5817
2023-05-08,1865.158447265625,1925.0,1939.0,1923.0,1939.0,1542
2023-05-09,1880.6611328125,1941.0,1943.0,1933.0,1933.0,1166
2023-05-10,1875.816650390625,1936.0,1944.0,1930.0,1944.0,4657
2023-05-11,1885.505859375,1946.0,1947.0,1940.0,1941.0,1387
2023-05-12,1899.0704345703125,1960.0,1962.0,1906.0,1906.0,2725
2023-05-15,1917.47998046875,1979.0,1983.0,1967.0,1967.0,977
2023-05-16,1923.29345703125,1985.0,1989.0,1981.0,1982.0,1189
2023-05-17,1934.9202880859375,1997.0,1997.0,1985.0,1985.0,12687
2023-05-18,1945.578369140625,2008.0,2012.0,1998.0,1998.0,2687
2023-05-19,1948.4852294921875,2011.0,2019.0,2011.0,2015.0,223
2023-05-22,1951.391845703125,2014.0,2014.0,2000.0,2000.0,646
2023-05-23,1943.640625,2006.0,2030.0,2004.0,2020.0,671
2023-05-24,1930.07568359375,1992.0,1996.0,1956.0,1956.0,3961
2023-05-25,1903.9150390625,1965.0,1982.0,1965.0,1971.0,398
2023-05-26,1903.9150390625,1965.0,1971.0,1965.0,1971.0,286
2023-05-29,1916.5108642578125,1978.0,1990.0,1973.0,1990.0,439
2023-05-30,1920.3865966796875,1982.0,1982.0,1962.0,1975.0,339
2023-05-31,1907.7906494140625,1969.0,1976.0,1956.0,1956.0,1462
2023-06-01,1918.448974609375,1980.0,1980.0,1963.0,1963.0,10561
2023-06-02,1956.2364501953125,2019.0,2019.0,1992.0,1992.0,474
2023-06-05,1970.770263671875,2034.0,2040.0,2020.0,2035.0,12704
2023-06-06,1981.42822265625,2045.0,2048.0,2022.0,2030.0,1235
2023-06-07,1983.3660888671875,2047.0,2063.0,2031.0,2050.0,6872
2023-06-08,1933.9515380859375,1996.0,2027.0,1986.0,2027.0,228
2023-06-09,1959.1431884765625,2022.0,2024.0,2018.0,2018.0,484
2023-06-12,1975.6146240234375,2039.0,2046.0,2038.0,2046.0,173
2023-06-13,1997.9000244140625,2062.0,2070.0,2047.0,2047.0,1047
2023-06-14,2014.371337890625,2079.0,2080.0,2062.0,2078.0,1349
2023-06-15,2005.651123046875,2070.0,2082.0,2064.0,2064.0,7165
2023-06-16,2007.5887451171875,2072.0,2075.0,2057.0,2057.0,15492
2023-06-19,2017.278076171875,2082.0,2089.0,2074.0,2089.0,3057
2023-06-20,1998.8685302734375,2063.0,2075.0,2056.0,2075.0,9503
2023-06-21,2013.4024658203125,2078.0,2083.0,2064.0,2070.0,2536
2023-06-22,2010.49560546875,2075.0,2088.0,2075.0,2076.0,1731
2023-06-23,1971.7388916015625,2035.0,2081.0,2027.0,2081.0,361
2023-06-26,1958.17431640625,2021.0,2028.0,2007.0,2023.0,2694
2023-06-27,1951.391845703125,2014.0,2019.0,2000.0,2019.0,1287
2023-06-28,1985.303955078125,2049.0,2049.0,2024.0,2026.0,1131
2023-06-29,1988.2105712890625,2052.0,2060.0,2039.0,2058.0,706
2023-06-30,1972.7078857421875,2036.0,2039.0,2026.0,2039.0,266
2023-07-03,1992.0863037109375,2056.0,2061.0,2048.0,2048.0,1130
2023-07-04,1974.6458740234375,2038.0,2081.0,2037.0,2081.0,30713
2023-07-05,1974.6458740234375,2038.0,2041.0,2029.0,2035.0,595
2023-07-06,1952.36083984375,2015.0,2032.0,2011.0,2032.0,3056
2023-07-07,1944.609375,2007.0,2012.0,1997.0,2000.0,285
2023-07-10,1937.8271484375,2000.0,2005.0,1991.0,1996.0,63
2023-07-11,1931.0447998046875,1993.0,2026.0,1986.0,2026.0,685
2023-07-12,1932.982666015625,1995.0,2001.0,1981.0,2001.0,243
2023-07-13,1961.0810546875,2024.0,2025.0,2000.0,2003.0,1754
2023-07-14,1966.89453125,2030.0,2038.0,1988.0,1988.0,841
2023-07-18,1959.1431884765625,2022.0,2033.0,2019.0,2019.0,68
2023-07-19,1969.8013916015625,2033.0,2043.0,2033.0,2038.0,280
2023-07-20,1953.32958984375,2016.0,2059.0,2016.0,2059.0,2318
2023-07-21,1938.7958984375,2001.0,2005.0,1986.0,1996.0,723
2023-07-24,1961.2381591796875,2010.0,2015.0,2010.0,2012.0,540
2023-07-25,1945.626220703125,1994.0,2014.0,1994.0,2014.0,46
2023-07-26,1956.359375,2005.0,2034.0,1990.0,2034.0,2406
2023-07-27,1973.9227294921875,2023.0,2023.0,2009.0,2009.0,408
2023-07-28,1945.626220703125,1994.0,2035.0,1976.0,2035.0,599
2023-07-31,1984.6558837890625,2034.0,2045.0,2024.0,2030.0,745
2023-08-01,1993.4376220703125,2043.0,2043.0,2034.0,2043.0,499
2023-08-02,1958.3109130859375,2007.0,2028.0,2007.0,2027.0,2008
2023-08-03,1936.8446044921875,1985.0,2002.0,1985.0,2002.0,62
2023-08-04,1943.6746826171875,1992.0,1999.0,1981.0,1987.0,112
2023-08-07,1957.335205078125,2006.0,2006.0,1984.0,1996.0,460
2023-08-08,1951.4808349609375,2000.0,2015.0,2000.0,2015.0,50
2023-08-09,1944.650390625,1993.0,2002.0,1993.0,1994.0,1051
2023-08-10,1962.2138671875,2011.0,2011.0,1989.0,1989.0,109
2023-08-14,1941.7232666015625,1990.0,2014.0,1990.0,2010.0,236
2023-08-15,1956.359375,2005.0,2008.0,1994.0,2008.0,1175
2023-08-16,1939.7718505859375,1988.0,1999.0,1986.0,1999.0,4474
2023-08-17,1923.184326171875,1971.0,1992.0,1958.0,1992.0,45
2023-08-18,1909.52392578125,1957.0,1967.0,1951.0,1951.0,932
2023-08-21,1928.0628662109375,1976.0,1976.0,1968.0,1968.0,17
2023-08-22,1942.698974609375,1991.0,1991.0,1980.0,1991.0,859
2023-08-23,1941.7232666015625,1990.0,1995.0,1986.0,1986.0,523
2023-08-24,1961.2381591796875,2010.0,2010.0,2000.0,2003.0,63
2023-08-25,1941.7232666015625,1990.0,1997.0,1984.0,1989.0,1045
2023-08-28,1956.359375,2005.0,2006.0,2003.0,2005.0,32
2023-08-29,1966.1168212890625,2015.0,2018.0,2012.0,2013.0,32
2023-08-30,1970.995361328125,2020.0,2027.0,2020.0,2027.0,158
2023-08-31,1984.6558837890625,2034.0,2034.0,2020.0,2020.0,1195
2023-09-01,1988.558837890625,2038.0,2047.0,2032.0,2034.0,8656
2023-09-04,1991.486083984375,2041.0,2047.0,2039.0,2047.0,334
2023-09-05,1991.486083984375,2041.0,2050.0,2039.0,2039.0,315
2023-09-06,2010.025146484375,2060.0,2060.0,2054.0,2054.0,89
2023-09-07,2005.146484375,2055.0,2061.0,2055.0,2061.0,131
2023-09-08,1985.631591796875,2035.0,2052.0,2030.0,2040.0,57
2023-09-11,1979.77734375,2029.0,2040.0,2029.0,2039.0,1531
2023-09-12,2000.2677001953125,2050.0,2050.0,2041.0,2046.0,5747
2023-09-13,1985.631591796875,2035.0,2053.0,2000.0,2001.0,508
2023-09-14,2003.19482421875,2053.0,2058.0,2041.0,2049.0,1541
2023-09-15,2023.6854248046875,2074.0,2074.0,2036.0,2036.0,450
2023-09-19,2008.07373046875,2058.0,2077.0,2054.0,2077.0,178
2023-09-20,1986.6072998046875,2036.0,2062.0,2036.0,2062.0,41
2023-09-21,1957.335205078125,2006.0,2021.0,2003.0,2011.0,150
2023-09-22,1951.4808349609375,2000.0,2000.0,1987.0,1987.0,112
2023-09-25,1973.9227294921875,2023.0,2023.0,2005.0,2005.0,21
2023-09-26,1959.28662109375,2008.0,2014.0,2006.0,2014.0,623
2023-09-27,1962.2138671875,2011.0,2011.0,1993.0,2000.0,9
2023-09-28,1943.6746826171875,1992.0,2006.0,1992.0,2006.0,63
2023-09-29,1949.529296875,1998.0,2008.0,1998.0,2003.0,4916
2023-10-02,1936.8446044921875,1985.0,2023.0,1985.0,2018.0,63
2023-10-03,1917.3297119140625,1965.0,1984.0,1965.0,1984.0,3855
2023-10-04,1892.936279296875,1940.0,1950.0,1940.0,1950.0,86
2023-10-05,1918.305419921875,1966.0,1966.0,1944.0,1944.0,37
2023-10-06,1922.2083740234375,1970.0,1975.0,1967.0,1970.0,26
2023-10-10,1949.529296875,1998.0,1998.0,1980.0,1980.0,205
2023-10-11,1955.3836669921875,2004.0,2004.0,1992.0,1992.0,105
2023-10-12,1969.0439453125,2018.0,2018.0,1999.0,1999.0,35
2023-10-13,1938.7958984375,1987.0,2009.0,1987.0,2009.0,437
2023-10-16,1898.790771484375,1946.0,1967.0,1946.0,1967.0,354
2023-10-17,1923.184326171875,1971.0,1980.0,1960.0,1960.0,179
2023-10-18,1925.1357421875,1973.0,1973.0,1960.0,1967.0,515
2023-10-19,1901.7178955078125,1949.0,1961.0,1949.0,1950.0,20
2023-10-20,1892.936279296875,1940.0,1941.0,1930.0,1930.0,36
2023-10-23,1872.4456787109375,1919.0,1937.0,1919.0,1937.0,242
2023-10-24,1872.4456787109375,1919.0,1927.0,1900.0,1927.0,363
2023-10-25,1895.8634033203125,1943.0,1943.0,1939.0,1939.0,26
2023-10-26,1855.8580322265625,1902.0,1910.0,1901.0,1910.0,72
2023-10-27,1867.5670166015625,1914.0,1917.0,1900.0,1911.0,146
2023-10-30,1850.9793701171875,1897.0,1907.0,1897.0,1907.0,123
2023-10-31,1864.6397705078125,1911.0,1912.0,1907.0,1912.0,3808
2023-11-01,1906.5965576171875,1954.0,1960.0,1951.0,1951.0,6044
2023-11-02,1923.184326171875,1971.0,1979.0,1967.0,1979.0,10997
2023-11-06,1960.2623291015625,2009.0,2010.0,1997.0,1997.0,88
2023-11-07,1940.7474365234375,1989.0,2011.0,1989.0,2011.0,1117
2023-11-08,1949.529296875,1998.0,2011.0,1997.0,2008.0,283
2023-11-09,1980.7528076171875,2030.0,2030.0,2002.0,2003.0,21
2023-11-10,1974.8983154296875,2024.0,2045.0,2011.0,2045.0,13815
2023-11-13,1963.189697265625,2012.0,2026.0,2012.0,2022.0,166
2023-11-14,1965.1409912109375,2014.0,2019.0,2010.0,2019.0,61
2023-11-15,1996.36474609375,2046.0,2046.0,2031.0,2037.0,1616
2023-11-16,1981.7286376953125,2031.0,2040.0,2027.0,2040.0,305
2023-11-17,1978.8013916015625,2028.0,2028.0,2022.0,2022.0,202
2023-11-20,1979.77734375,2029.0,2043.0,2028.0,2034.0,283
2023-11-21,1989.53466796875,2039.0,2039.0,2033.0,2033.0,300
2023-11-22,1995.3890380859375,2045.0,2052.0,2038.0,2038.0,22371
2023-11-24,2001.2432861328125,2051.0,2060.0,2050.0,2060.0,157
2023-11-27,1985.631591796875,2035.0,2047.0,2035.0,2047.0,1213
2023-11-28,1980.7528076171875,2030.0,2038.0,2030.0,2038.0,49
2023-11-29,1991.486083984375,2041.0,2041.0,2028.0,2028.0,107
2023-11-30,1985.631591796875,2035.0,2035.0,2035.0,2035.0,2
2023-12-01,1983.68017578125,2033.0,2060.0,2032.0,2060.0,154
2023-12-04,1977.8258056640625,2027.0,2031.0,2015.0,2015.0,14025
2023-12-05,1964.1651611328125,2013.0,2027.0,2013.0,2023.0,4203
2023-12-06,1997.34033203125,2047.0,2047.0,2040.0,2040.0,31
2023-12-07,1997.34033203125,2047.0,2047.0,2047.0,2047.0,0
2023-12-08,1959.28662109375,2008.0,2048.0,2006.0,2048.0,5345
2023-12-11,1973.9227294921875,2023.0,2023.0,2016.0,2016.0,53
2023-12-12,1974.8983154296875,2024.0,2037.0,2024.0,2037.0,157
2023-12-13,1970.995361328125,2020.0,2021.0,2012.0,2021.0,1003
2023-12-14,1963.189697265625,2012.0,2023.0,2010.0,2023.0,786
2023-12-15,1966.1168212890625,2015.0,2024.0,2009.0,2009.0,261
2023-12-18,1943.6746826171875,1992.0,2000.0,1984.0,2000.0,606
2023-12-19,1974.8983154296875,2024.0,2024.0,1996.0,2011.0,8561
2023-12-20,1995.3890380859375,2045.0,2045.0,2027.0,2027.0,1028
2023-12-21,1964.1651611328125,2013.0,2013.0,2006.0,2006.0,112
2023-12-22,1951.4808349609375,2000.0,2023.0,2000.0,2023.0,502
2023-12-25,1959.28662109375,2008.0,2021.0,1980.0,1980.0,176
2023-12-26,1959.28662109375,2008.0,2010.0,2008.0,2008.0,9
2023-12-27,1990.51025390625,2040.0,2040.0,2017.0,2017.0,53
2023-12-28,1986.6072998046875,2036.0,2037.0,2033.0,2036.0,1116
2023-12-29,1997.34033203125,2047.0,2047.0,2040.0,2040.0,16
2024-01-04,1998.316162109375,2048.0,2048.0,2020.0,2032.0,1556
2024-01-05,2001.2432861328125,2051.0,2060.0,2051.0,2055.0,2432
2024-01-09,2043.2001953125,2094.0,2095.0,2072.0,2072.0,1520
2024-01-10,2082.22998046875,2134.0,2137.0,2086.0,2086.0,4489
2024-01-11,2106.62353515625,2159.0,2159.0,2145.0,2148.0,8195
2024-01-12,2122.235595703125,2175.0,2175.0,2159.0,2170.0,2012
2024-01-15,2122.235595703125,2175.0,2175.0,2175.0,2175.0,18
2024-01-16,2115.4052734375,2168.0,2199.0,2164.0,2175.0,1493
2024-01-17,2110.5263671875,2163.0,2191.0,2159.0,2165.0,1299
2024-01-18,2098.8173828125,2151.0,2155.0,2141.0,2148.0,1729
2024-01-19,2103.6962890625,2156.0,2173.0,2152.0,2173.0,3863
2024-01-22,2143.701416015625,2197.0,2197.0,2171.0,2171.0,2308
2024-01-23,2134.919677734375,2188.0,2197.0,2180.0,2188.0,8375
2024-01-24,2136.88134765625,2179.0,2185.0,2171.0,2185.0,252
2024-01-25,2122.1708984375,2164.0,2176.0,2154.0,2176.0,7248
2024-01-26,2103.538330078125,2145.0,2152.0,2144.0,2149.0,3430
2024-01-29,2110.403076171875,2152.0,2195.0,2149.0,2195.0,229
2024-01-30,2119.229248046875,2161.0,2165.0,2157.0,2160.0,2301
2024-01-31,2127.07421875,2169.0,2169.0,2105.0,2135.0,268
2024-02-01,2102.557861328125,2144.0,2160.0,2138.0,2150.0,850
2024-02-02,2150.610595703125,2193.0,2200.0,2150.0,2159.0,15579
2024-02-05,2161.39794921875,2204.0,2208.0,2199.0,2204.0,4052
2024-02-06,2142.76513671875,2185.0,2210.0,2185.0,2210.0,46
2024-02-07,2129.035888671875,2171.0,2185.0,2171.0,2181.0,69
2024-02-08,2138.84228515625,2181.0,2191.0,2163.0,2191.0,647
2024-02-09,2123.151611328125,2165.0,2187.0,2165.0,2167.0,1105
2024-02-13,2159.4365234375,2202.0,2205.0,2185.0,2190.0,1550
2024-02-14,2152.57177734375,2195.0,2195.0,2165.0,2180.0,3345
2024-02-15,2140.803955078125,2183.0,2195.0,2155.0,2195.0,7564
2024-02-16,2165.320556640625,2208.0,2213.0,2193.0,2196.0,444
2024-02-19,2156.49462890625,2199.0,2208.0,2190.0,2208.0,4494
2024-02-20,2147.668701171875,2190.0,2200.0,2190.0,2200.0,814
2024-02-21,2145.70703125,2188.0,2190.0,2180.0,2185.0,5397
2024-02-22,2158.4560546875,2201.0,2222.0,2196.0,2222.0,1060
2024-02-26,2168.262451171875,2211.0,2222.0,2201.0,2201.0,3019
2024-02-27,2169.2431640625,2212.0,2220.0,2210.0,2211.0,3761
2024-02-28,2173.165771484375,2216.0,2221.0,2208.0,2221.0,169
2024-02-29,2170.22412109375,2213.0,2215.0,2201.0,2215.0,2194
2024-03-01,2190.81787109375,2234.0,2234.0,2222.0,2222.0,686
2024-03-04,2181.011474609375,2224.0,2244.0,2221.0,2238.0,18403
2024-03-05,2175.127197265625,2218.0,2220.0,2201.0,2220.0,5994
2024-03-06,2170.22412109375,2213.0,2214.0,2200.0,2201.0,22468
2024-03-07,2180.030517578125,2223.0,2240.0,2223.0,2232.0,540
2024-03-08,2186.895263671875,2230.0,2231.0,2219.0,2220.0,637
2024-03-11,2146.687744140625,2189.0,2195.0,2170.0,2194.0,378
2024-03-12,2145.70703125,2188.0,2188.0,2168.0,2188.0,707
2024-03-13,2142.76513671875,2185.0,2221.0,2181.0,2221.0,2247
2024-03-14,2149.6298828125,2192.0,2193.0,2177.0,2193.0,1710
2024-03-15,2148.6494140625,2191.0,2195.0,2191.0,2194.0,86
2024-03-18,2188.85693359375,2232.0,2232.0,2143.0,2143.0,4306
2024-03-19,2203.566650390625,2247.0,2250.0,2232.0,2250.0,1344
2024-03-21,2231.025634765625,2275.0,2323.0,2275.0,2323.0,2940
2024-03-22,2238.870849609375,2283.0,2298.0,2274.0,2298.0,72
2024-03-25,2198.663330078125,2242.0,2285.0,2242.0,2285.0,212
2024-03-26,2198.663330078125,2242.0,2242.0,2237.0,2237.0,307
2024-03-27,2212.392822265625,2256.0,2261.0,2208.0,2208.0,985
2024-03-28,2185.914794921875,2229.0,2255.0,2229.0,2255.0,535
2024-03-29,2185.914794921875,2229.0,2238.0,2229.0,2232.0,1029
2024-04-01,2172.185302734375,2215.0,2252.0,2212.0,2232.0,326
2024-04-02,2154.533447265625,2197.0,2215.0,2190.0,2215.0,20239
2024-04-03,2132.95849609375,2175.0,2187.0,2175.0,2180.0,119
2024-04-04,2159.4365234375,2202.0,2209.0,2193.0,2193.0,9856
2024-04-05,2125.11328125,2167.0,2174.0,2153.0,2174.0,142
2024-04-08,2137.86181640625,2180.0,2189.0,2175.0,2184.0,37
2024-04-09,2140.803955078125,2183.0,2187.0,2183.0,2187.0,6848
2024-04-10,2131.977783203125,2174.0,2187.0,2174.0,2182.0,663
2024-04-11,2121.1904296875,2163.0,2163.0,2150.0,2150.0,130
2024-04-12,2134.919677734375,2177.0,2188.0,2172.0,2172.0,1132
2024-04-15,2099.61572265625,2141.0,2151.0,2138.0,2142.0,108
2024-04-16,2086.866943359375,2128.0,2132.0,2100.0,2123.0,512
2024-04-17,2062.350341796875,2103.0,2133.0,2100.0,2133.0,10437
2024-04-18,2067.25390625,2108.0,2108.0,2089.0,2090.0,123
2024-04-19,2014.2974853515625,2054.0,2085.0,2047.0,2084.0,131
2024-04-22,2054.5048828125,2095.0,2100.0,2085.0,2088.0,233
2024-04-23,2055.4853515625,2096.0,2115.0,2095.0,2115.0,92
2024-04-24,2086.866943359375,2128.0,2133.0,2119.0,2120.0,135
2024-04-25,2062.350341796875,2103.0,2110.0,2103.0,2109.0,198
2024-04-26,2072.156982421875,2113.0,2114.0,2104.0,2108.0,553
2024-04-30,2092.750732421875,2134.0,2139.0,2124.0,2139.0,130
2024-05-01,2080.98291015625,2122.0,2122.0,2116.0,2116.0,120
2024-05-02,2075.098876953125,2116.0,2127.0,2111.0,2127.0,20016
2024-05-07,2107.4609375,2149.0,2149.0,2137.0,2140.0,156
2024-05-08,2073.1376953125,2114.0,2136.0,2114.0,2134.0,10512
2024-05-09,2071.17626953125,2112.0,2124.0,2111.0,2114.0,361
2024-05-10,2078.040771484375,2119.0,2147.0,2114.0,2114.0,413
2024-05-13,2076.07958984375,2117.0,2125.0,2114.0,2119.0,63
2024-05-14,2097.654541015625,2139.0,2144.0,2135.0,2135.0,20
2024-05-15,2106.48046875,2148.0,2174.0,2148.0,2174.0,11194
2024-05-16,2125.11328125,2167.0,2167.0,2150.0,2157.0,1827
2024-05-17,2119.229248046875,2161.0,2170.0,2157.0,2170.0,1070
2024-05-20,2124.132568359375,2166.0,2188.0,2161.0,2165.0,3130
2024-05-21,2114.325927734375,2156.0,2175.0,2156.0,2171.0,369
2024-05-22,2106.48046875,2148.0,2160.0,2148.0,2160.0,278
2024-05-23,2106.48046875,2148.0,2149.0,2135.0,2146.0,113
2024-05-24,2092.750732421875,2134.0,2134.0,2128.0,2128.0,504
2024-05-27,2087.84765625,2129.0,2130.0,2125.0,2130.0,26
2024-05-28,2096.673828125,2138.0,2145.0,2137.0,2145.0,101
2024-05-29,2080.98291015625,2122.0,2144.0,2122.0,2144.0,1166
2024-05-30,2069.21484375,2110.0,2110.0,2092.0,2108.0,35
2024-05-31,2109.42236328125,2151.0,2151.0,2128.0,2128.0,1846
2024-06-03,2135.900634765625,2178.0,2178.0,2165.0,2165.0,91
2024-06-04,2157.47509765625,2200.0,2200.0,2180.0,2185.0,10129
2024-06-05,2141.78466796875,2184.0,2199.0,2184.0,2199.0,53
2024-06-06,2142.76513671875,2185.0,2205.0,2185.0,2202.0,537
2024-06-07,2145.70703125,2188.0,2191.0,2181.0,2191.0,125
2024-06-10,2157.47509765625,2200.0,2201.0,2183.0,2183.0,470
2024-06-11,2159.4365234375,2202.0,2211.0,2200.0,2211.0,999
2024-06-12,2131.977783203125,2174.0,2198.0,2174.0,2198.0,231
2024-06-13,2134.919677734375,2177.0,2187.0,2177.0,2186.0,118
2024-06-14,2147.668701171875,2190.0,2193.0,2146.0,2149.0,28
2024-06-17,2126.093994140625,2168.0,2176.0,2157.0,2176.0,351
2024-06-18,2148.6494140625,2191.0,2195.0,2190.0,2195.0,118
2024-06-19,2154.533447265625,2197.0,2204.0,2197.0,2204.0,239
2024-06-20,2151.59130859375,2194.0,2195.0,2183.0,2195.0,1440
2024-06-21,2149.6298828125,2192.0,2211.0,2192.0,2209.0,1300
2024-06-24,2163.359375,2206.0,2210.0,2194.0,2194.0,324
2024-06-25,2188.85693359375,2232.0,2232.0,2215.0,2216.0,1232
2024-06-26,2200.625,2244.0,2245.0,2231.0,2234.0,509
2024-06-27,2205.528076171875,2249.0,2249.0,2236.0,2245.0,2237
2024-06-28,2205.528076171875,2249.0,2260.0,2249.0,2250.0,706
2024-07-01,2210.431396484375,2254.0,2269.0,2254.0,2269.0,25
2024-07-02,2230.044921875,2274.0,2274.0,2250.0,2252.0,1271
2024-07-03,2255.542236328125,2300.0,2300.0,2281.0,2281.0,1529
2024-07-04,2264.368408203125,2309.0,2309.0,2299.0,2308.0,588
2024-07-05,2276.136474609375,2321.0,2321.0,2270.0,2316.0,3805
2024-07-08,2275.15576171875,2320.0,2326.0,2316.0,2324.0,2886
2024-07-09,2318.30517578125,2364.0,2364.0,2325.0,2325.0,1714
2024-07-10,2320.2666015625,2366.0,2366.0,2352.0,2354.0,2469
2024-07-11,2334.9765625,2381.0,2393.0,2376.0,2390.0,4730
2024-07-12,2327.13134765625,2373.0,2385.0,2352.0,2352.0,1935
2024-07-16,2327.13134765625,2373.0,2380.0,2373.0,2379.0,1059
2024-07-17,2336.93798828125,2383.0,2386.0,2376.0,2378.0,83
2024-07-18,2299.672607421875,2345.0,2367.0,2345.0,2356.0,425
2024-07-19,2291.8271484375,2337.0,2345.0,2333.0,2340.0,433
2024-07-22,2279.078125,2324.0,2338.0,2319.0,2338.0,513
2024-07-23,2253.581298828125,2298.0,2310.0,2298.0,2303.0,1002
2024-07-24,2248.63232421875,2272.0,2289.0,2272.0,2279.0,89
2024-07-25,2181.33154296875,2204.0,2231.0,2204.0,2231.0,238
2024-07-26,2168.465576171875,2191.0,2208.0,2191.0,2208.0,317
2024-07-29,2210.033447265625,2233.0,2234.0,2203.0,2203.0,528
2024-07-30,2205.085205078125,2228.0,2235.0,2221.0,2235.0,26
2024-07-31,2213.0029296875,2236.0,2236.0,2211.0,2215.0,19
2024-08-01,2155.599365234375,2178.0,2219.0,2161.0,2219.0,357
2024-08-02,2050.689453125,2072.0,2118.0,2072.0,2078.0,1680
2024-08-05,1931.923583984375,1952.0,2077.0,1952.0,2077.0,553
2024-08-06,1988.33740234375,2009.0,2176.0,1989.0,2032.0,419
2024-08-07,2060.586669921875,2082.0,2099.0,1996.0,1996.0,1030
2024-08-08,2055.63818359375,2077.0,2097.0,2073.0,2081.0,49
2024-08-09,2050.689453125,2072.0,2106.0,2072.0,2083.0,1413
2024-08-13,2109.08251953125,2131.0,2131.0,2100.0,2100.0,1234
2024-08-14,2115.02099609375,2137.0,2155.0,2137.0,2150.0,221
2024-08-15,2129.86669921875,2152.0,2161.0,2150.0,2152.0,827
2024-08-16,2177.372802734375,2200.0,2200.0,2173.0,2176.0,965
2024-08-19,2160.5478515625,2183.0,2210.0,2183.0,2199.0,1179
2024-08-20,2206.07470703125,2229.0,2233.0,2209.0,2209.0,292
2024-08-21,2213.992431640625,2237.0,2245.0,2204.0,2204.0,990
2024-08-22,2232.796875,2256.0,2258.0,2245.0,2245.0,727
2024-08-23,2237.74560546875,2261.0,2265.0,2255.0,2260.0,859
2024-08-26,2249.622314453125,2273.0,2273.0,2246.0,2246.0,1115
2024-08-27,2268.4267578125,2292.0,2292.0,2272.0,2274.0,18036
2024-08-28,2275.354736328125,2299.0,2300.0,2289.0,2297.0,275
2024-08-29,2265.45751953125,2289.0,2293.0,2284.0,2288.0,1045
2024-08-30,2276.344482421875,2300.0,2309.0,2291.0,2291.0,606
2024-09-02,2295.149169921875,2319.0,2324.0,2312.0,2315.0,1385
2024-09-03,2320.881591796875,2345.0,2345.0,2319.0,2319.0,2344
2024-09-04,2239.72509765625,2263.0,2295.0,2263.0,2295.0,111
2024-09-05,2265.45751953125,2289.0,2293.0,2258.0,2258.0,255
2024-09-06,2223.889404296875,2247.0,2319.0,2247.0,2319.0,30024
2024-09-09,2224.87939453125,2248.0,2248.0,2203.0,2207.0,714
2024-09-10,2244.673583984375,2268.0,2268.0,2249.0,2249.0,321
2024-09-11,2214.982177734375,2238.0,2261.0,2214.0,2261.0,263
2024-09-12,2272.3857421875,2296.0,2335.0,2268.0,2268.0,16938
2024-09-13,2239.72509765625,2263.0,2290.0,2263.0,2290.0,138
2024-09-17,2247.642822265625,2271.0,2299.0,2246.0,2299.0,197
2024-09-18,2232.796875,2256.0,2288.0,2256.0,2285.0,576
2024-09-19,2287.2314453125,2311.0,2312.0,2293.0,2300.0,43605
2024-09-20,2288.220947265625,2312.0,2330.0,2312.0,2330.0,31
2024-09-24,2309.994873046875,2334.0,2340.0,2321.0,2321.0,231
2024-09-25,2282.28271484375,2306.0,2340.0,2305.0,2340.0,390
2024-09-26,2329.7890625,2354.0,2357.0,2332.0,2332.0,1045
2024-09-27,2360.47021484375,2385.0,2385.0,2355.0,2375.0,1506
2024-09-30,2284.261962890625,2308.0,2385.0,2302.0,2385.0,1076
2024-10-01,2310.984375,2335.0,2358.0,2314.0,2358.0,60
2024-10-02,2261.49853515625,2285.0,2306.0,2285.0,2303.0,1343
2024-10-03,2302.0771484375,2326.0,2335.0,2320.0,2335.0,60
2024-10-04,2307.025634765625,2331.0,2331.0,2331.0,2331.0,6
2024-10-07,2354.5322265625,2379.0,2382.0,2322.0,2322.0,1294
2024-10-08,2327.809814453125,2352.0,2380.0,2340.0,2353.0,373
2024-10-09,2346.614501953125,2371.0,2374.0,2362.0,2367.0,135
2024-10-10,2351.562744140625,2376.0,2383.0,2369.0,2383.0,105
2024-10-11,2339.686279296875,2364.0,2377.0,2364.0,2377.0,39
2024-10-15,2365.4189453125,2390.0,2396.0,2375.0,2375.0,63
2024-10-16,2340.676025390625,2365.0,2374.0,2364.0,2371.0,240
2024-10-17,2322.86083984375,2347.0,2380.0,2345.0,2380.0,70
2024-10-18,2322.86083984375,2347.0,2362.0,2298.0,2298.0,204
2024-10-21,2327.809814453125,2352.0,2354.0,2345.0,2354.0,31
2024-10-22,2294.159423828125,2318.0,2364.0,2314.0,2354.0,3260
2024-10-23,2276.344482421875,2300.0,2319.0,2300.0,2319.0,29
2024-10-24,2272.3857421875,2296.0,2329.0,2277.0,2329.0,117
2024-10-25,2248.63232421875,2272.0,2297.0,2270.0,2297.0,311
2024-10-28,2296.138671875,2320.0,2320.0,2273.0,2273.0,459
2024-10-29,2310.984375,2335.0,2346.0,2317.0,2346.0,10312
2024-10-30,2325.830322265625,2350.0,2355.0,2342.0,2342.0,682
2024-10-31,2301.08740234375,2325.0,2347.0,2325.0,2347.0,14
2024-11-01,2251.601806640625,2275.0,2326.0,2275.0,2326.0,97
2024-11-05,2250.61181640625,2274.0,2325.0,2274.0,2325.0,71
2024-11-06,2302.0771484375,2326.0,2350.0,2295.0,2324.0,132
2024-11-07,2304.056396484375,2328.0,2376.0,2325.0,2376.0,339
2024-11-08,2326.81982421875,2351.0,2360.0,2329.0,2329.0,153
2024-11-11,2336.717041015625,2361.0,2364.0,2360.0,2364.0,164
2024-11-12,2309.994873046875,2334.0,2381.0,2334.0,2379.0,658
2024-11-13,2295.149169921875,2319.0,2354.0,2312.0,2354.0,19
2024-11-14,2284.261962890625,2308.0,2320.0,2306.0,2319.0,69
2024-11-15,2274.365234375,2298.0,2309.0,2298.0,2309.0,127
2024-11-18,2252.59130859375,2276.0,2288.0,2275.0,2285.0,484
2024-11-19,2258.52978515625,2282.0,2300.0,2282.0,2300.0,10
2024-11-20,2270.40625,2294.0,2300.0,2288.0,2300.0,71
2024-11-21,2263.47802734375,2287.0,2300.0,2286.0,2300.0,9
2024-11-22,2276.344482421875,2300.0,2300.0,2283.0,2283.0,431
2024-11-25,2302.0771484375,2326.0,2326.0,2300.0,2300.0,72
2024-11-26,2292.1796875,2316.0,2332.0,2298.0,2332.0,23943
2024-11-27,2292.1796875,2316.0,2326.0,2315.0,2326.0,228
2024-11-28,2320.881591796875,2345.0,2345.0,2315.0,2317.0,80
2024-11-29,2315.93310546875,2340.0,2345.0,2331.0,2345.0,43
2024-12-02,2330.778564453125,2355.0,2355.0,2314.0,2314.0,244
2024-12-03,2357.5009765625,2382.0,2382.0,2324.0,2373.0,104
2024-12-04,2370.367431640625,2395.0,2397.0,2376.0,2387.0,2236
2024-12-05,2370.367431640625,2395.0,2410.0,2395.0,2409.0,1117
2024-12-06,2356.511474609375,2381.0,2400.0,2381.0,2400.0,1118
2024-12-09,2394.12060546875,2419.0,2423.0,2380.0,2410.0,223
2024-12-10,2389.171875,2414.0,2460.0,2402.0,2460.0,30
2024-12-11,2397.089599609375,2422.0,2443.0,2409.0,2443.0,24
2024-12-12,2434.698974609375,2460.0,2467.0,2408.0,2443.0,1492
2024-12-13,2415.894287109375,2441.0,2481.0,2437.0,2481.0,5155
2024-12-16,2410.945556640625,2436.0,2449.0,2429.0,2449.0,1052
2024-12-17,2438.657958984375,2464.0,2467.0,2443.0,2443.0,56
2024-12-18,2415.894287109375,2441.0,2484.0,2438.0,2484.0,56
2024-12-19,2398.079345703125,2423.0,2423.0,2385.0,2394.0,1929
2024-12-20,2385.21337890625,2410.0,2430.0,2410.0,2430.0,232
2024-12-23,2392.14111328125,2417.0,2417.0,2408.0,2408.0,498
2024-12-24,2377.295654296875,2402.0,2414.0,2402.0,2414.0,64
2024-12-25,2372.3466796875,2397.0,2403.0,2397.0,2402.0,11
2024-12-26,2391.151123046875,2416.0,2422.0,2402.0,2422.0,911
2024-12-27,2431.729736328125,2457.0,2463.0,2429.0,2429.0,156
2024-12-30,2408.96630859375,2434.0,2468.0,2434.0,2468.0,407
2025-01-06,2426.78125,2452.0,2452.0,2389.0,2435.0,6096
2025-01-07,2395.110107421875,2420.0,2426.0,2403.0,2417.0,3677
2025-01-08,2377.295654296875,2402.0,2438.0,2383.0,2438.0,1387
2025-01-09,2357.5009765625,2382.0,2403.0,2377.0,2403.0,452
2025-01-10,2357.5009765625,2382.0,2406.0,2377.0,2406.0,108
2025-01-14,2324.840576171875,2349.0,2430.0,2341.0,2430.0,5120
2025-01-15,2332.75830078125,2357.0,2377.0,2349.0,2349.0,44
2025-01-16,2345.624267578125,2370.0,2404.0,2366.0,2404.0,27
2025-01-17,2322.86083984375,2347.0,2370.0,2325.0,2370.0,131
2025-01-20,2327.809814453125,2352.0,2397.0,2352.0,2397.0,945
2025-01-21,2329.7890625,2354.0,2368.0,2347.0,2361.0,2511
2025-01-22,2367.398193359375,2392.0,2392.0,2375.0,2375.0,36
2025-01-23,2382.243896484375,2407.0,2412.0,2396.0,2406.0,1185
2025-01-24,2400.1181640625,2417.0,2425.0,2410.0,2410.0,1435
2025-01-27,2398.132080078125,2415.0,2443.0,2414.0,2443.0,90
2025-01-28,2427.922607421875,2445.0,2465.0,2402.0,2414.0,1612
2025-01-29,2448.77587890625,2466.0,2473.0,2464.0,2468.0,1289
2025-01-30,2453.740966796875,2471.0,2471.0,2454.0,2459.0,344
2025-01-31,2461.685302734375,2479.0,2480.0,2469.0,2472.0,31211
2025-02-03,2440.831787109375,2458.0,2461.0,2427.0,2448.0,14827
2025-02-04,2478.56640625,2496.0,2520.0,2496.0,2507.0,2445
2025-02-05,2521.26611328125,2539.0,2539.0,2509.0,2509.0,9330
2025-02-06,2539.140380859375,2557.0,2565.0,2549.0,2549.0,1064
2025-02-07,2533.18212890625,2551.0,2560.0,2543.0,2560.0,550
2025-02-10,2518.286865234375,2536.0,2536.0,2501.0,2501.0,48
2025-02-12,2531.1962890625,2549.0,2570.0,2549.0,2570.0,707
2025-02-13,2581.840087890625,2600.0,2600.0,2557.0,2566.0,2512
2025-02-14,2591.77001953125,2610.0,2621.0,2600.0,2621.0,1353
2025-02-17,2587.798095703125,2606.0,2660.0,2604.0,2660.0,8242
2025-02-18,2602.693359375,2621.0,2623.0,2604.0,2604.0,609
2025-02-19,2610.637451171875,2629.0,2638.0,2614.0,2638.0,8815
2025-02-20,2565.951904296875,2584.0,2611.0,2575.0,2611.0,1683
2025-02-21,2580.84716796875,2599.0,2599.0,2584.0,2584.0,2894
2025-02-25,2556.021484375,2574.0,2615.0,2565.0,2615.0,2559
2025-02-26,2515.30810546875,2533.0,2595.0,2533.0,2595.0,1886
2025-02-27,2547.08447265625,2565.0,2565.0,2530.0,2530.0,667
2025-02-28,2498.4267578125,2516.0,2547.0,2454.0,2465.0,806
2025-03-03,2540.13330078125,2558.0,2597.0,2528.0,2597.0,592
2025-03-04,2518.286865234375,2536.0,2554.0,2513.0,2554.0,5531
2025-03-05,2518.286865234375,2536.0,2558.0,2524.0,2558.0,3419
2025-03-06,2544.10546875,2562.0,2566.0,2549.0,2550.0,189
2025-03-07,2465.6572265625,2483.0,2564.0,2483.0,2564.0,402
2025-03-10,2451.755126953125,2469.0,2517.0,2460.0,2492.0,2485
2025-03-11,2429.90869140625,2447.0,2447.0,2392.0,2423.0,1509
2025-03-12,2445.796875,2463.0,2476.0,2446.0,2454.0,184
2025-03-13,2446.7900390625,2464.0,2496.0,2464.0,2489.0,121
2025-03-14,2456.719970703125,2474.0,2474.0,2455.0,2463.0,10
2025-03-17,2473.601318359375,2491.0,2498.0,2490.0,2498.0,14
2025-03-18,2492.46875,2510.0,2513.0,2504.0,2504.0,18
2025-03-19,2496.440673828125,2514.0,2530.0,2514.0,2530.0,255
2025-03-21,2515.30810546875,2533.0,2540.0,2527.0,2530.0,265
2025-03-24,2517.2939453125,2535.0,2583.0,2535.0,2583.0,1243
2025-03-25,2541.126220703125,2559.0,2585.0,2542.0,2585.0,141
2025-03-26,2552.049560546875,2570.0,2586.0,2569.0,2571.0,54
2025-03-27,2548.077392578125,2566.0,2620.0,2550.0,2620.0,1153
2025-03-28,2540.13330078125,2558.0,2567.0,2550.0,2567.0,111
2025-03-31,2461.685302734375,2479.0,2532.0,2473.0,2532.0,2623
2025-04-01,2468.63623046875,2486.0,2514.0,2480.0,2480.0,335
2025-04-02,2454.734130859375,2472.0,2497.0,2463.0,2497.0,1880
2025-04-03,2413.02734375,2430.0,2434.0,2400.0,2422.0,262
2025-04-04,2357.41845703125,2374.0,2439.0,2374.0,2427.0,312
2025-04-07,2185.626953125,2201.0,2301.0,2158.0,2300.0,3110
2025-04-08,2311.73974609375,2328.0,2366.0,2319.0,2319.0,30
2025-04-09,2253.15185546875,2269.0,2306.0,2263.0,2278.0,8346
2025-04-10,2450.761962890625,2468.0,2468.0,2413.0,2453.0,348
2025-04-11,2396.14599609375,2413.0,2413.0,2349.0,2410.0,429
2025-04-14,2433.880615234375,2451.0,2455.0,2439.0,2455.0,351
2025-04-15,2428.91552734375,2446.0,2456.0,2443.0,2456.0,363
2025-04-16,2419.978515625,2437.0,2474.0,2437.0,2474.0,14
2025-04-17,2462.67822265625,2480.0,2480.0,2462.0,2462.0,25
2025-04-18,2491.4755859375,2509.0,2509.0,2479.0,2503.0,50
2025-04-21,2477.573486328125,2495.0,2524.0,2492.0,2524.0,120
2025-04-22,2465.6572265625,2483.0,2531.0,2472.0,2472.0,344
2025-04-23,2498.4267578125,2516.0,2540.0,2495.0,2533.0,1180
2025-04-24,2481.54541015625,2499.0,2551.0,2499.0,2551.0,15
2025-04-25,2510.3427734375,2528.0,2549.0,2526.0,2549.0,37
2025-04-28,2530.203125,2548.0,2562.0,2540.0,2562.0,88
2025-04-30,2579.85400390625,2598.0,2600.0,2566.0,2573.0,901
2025-05-01,2588.791259765625,2607.0,2607.0,2592.0,2592.0,38
2025-05-02,2615.6025390625,2634.0,2635.0,2611.0,2611.0,675
2025-05-07,2631.49072265625,2650.0,2656.0,2640.0,2656.0,11558
2025-05-08,2612.62353515625,2631.0,2650.0,2626.0,2650.0,10898
2025-05-09,2647.379150390625,2666.0,2670.0,2632.0,2632.0,271
2025-05-12,2624.539794921875,2643.0,2667.0,2636.0,2667.0,549
2025-05-13,2638.44189453125,2657.0,2663.0,2651.0,2662.0,449
2025-05-14,2631.49072265625,2650.0,2670.0,2634.0,2663.0,624
2025-05-15,2599.71435546875,2618.0,2627.0,2618.0,2627.0,620
2025-05-16,2624.539794921875,2643.0,2651.0,2622.0,2622.0,4624
2025-05-19,2621.560546875,2640.0,2640.0,2627.0,2632.0,45
2025-05-20,2616.595458984375,2635.0,2669.0,2635.0,2669.0,36
2025-05-21,2596.7353515625,2615.0,2646.0,2615.0,2646.0,103
2025-05-22,2579.85400390625,2598.0,2616.0,2592.0,2592.0,132
2025-05-23,2608.6513671875,2627.0,2632.0,2611.0,2611.0,8504
2025-05-26,2681.1416015625,2700.0,2700.0,2636.0,2636.0,1535
2025-05-27,2683.12744140625,2702.0,2702.0,2670.0,2677.0,637
2025-05-28,2662.2744140625,2681.0,2709.0,2678.0,2709.0,7814
2025-05-29,2686.106689453125,2705.0,2724.0,2700.0,2715.0,667
2025-05-30,2688.0927734375,2707.0,2707.0,2680.0,2699.0,67
2025-06-02,2661.28125,2680.0,2699.0,2671.0,2699.0,2596
2025-06-03,2659.295166015625,2678.0,2705.0,2678.0,2705.0,1172
2025-06-04,2664.26025390625,2683.0,2702.0,2683.0,2700.0,160
2025-06-05,2660.2880859375,2679.0,2700.0,2679.0,2689.0,5150
2025-06-06,2672.204345703125,2691.0,2700.0,2691.0,2700.0,377
2025-06-09,2694.05078125,2713.0,2715.0,2705.0,2705.0,3302
2025-06-10,2698.022705078125,2717.0,2729.0,2716.0,2729.0,750
2025-06-11,2701.001953125,2720.0,2729.0,2717.0,2729.0,3403
2025-06-12,2699.015625,2718.0,2720.0,2712.0,2715.0,766
2025-06-13,2698.022705078125,2717.0,2752.0,2700.0,2752.0,880
2025-06-16,2717.883056640625,2737.0,2745.0,2727.0,2743.0,986
2025-06-17,2748.66650390625,2768.0,2768.0,2746.0,2746.0,981
2025-06-18,2774.48486328125,2794.0,2810.0,2759.0,2759.0,1434
2025-06-19,2788.38720703125,2808.0,2813.0,2805.0,2813.0,310
2025-06-20,2766.540771484375,2786.0,2819.0,2786.0,2819.0,721
2025-06-23,2755.61767578125,2775.0,2787.0,2762.0,2787.0,742
2025-06-24,2794.34521484375,2814.0,2818.0,2804.0,2818.0,97
2025-06-25,2792.359375,2812.0,2825.0,2802.0,2825.0,411
2025-06-26,2815.19873046875,2835.0,2837.0,2822.0,2835.0,1124
2025-06-27,2843.003173828125,2863.0,2885.0,2845.0,2885.0,1206
2025-06-30,2863.856201171875,2884.0,2905.0,2875.0,2894.0,13310
2025-07-01,2893.646728515625,2914.0,2914.0,2865.0,2894.0,1390
2025-07-02,2809.240478515625,2829.0,2926.0,2815.0,2926.0,933
2025-07-03,2749.65966796875,2769.0,2879.0,2766.0,2879.0,331
2025-07-04,2758.5966796875,2778.0,2790.0,2778.0,2790.0,561
2025-07-07,2761.575927734375,2781.0,2781.0,2778.0,2781.0,133
2025-07-08,2755.61767578125,2775.0,2784.0,2767.0,2784.0,3236
2025-07-09,2764.5546875,2784.0,2784.0,2745.0,2776.0,10315
2025-07-10,2749.65966796875,2769.0,2784.0,2752.0,2784.0,223
2025-07-11,2724.834228515625,2744.0,2786.0,2742.0,2786.0,618
2025-07-14,2702.98779296875,2722.0,2758.0,2712.0,2758.0,558
2025-07-15,2696.036865234375,2715.0,2735.0,2712.0,2730.0,4106
2025-07-16,2708.946044921875,2728.0,2734.0,2711.0,2732.0,727
2025-07-17,2753.6318359375,2773.0,2776.0,2736.0,2736.0,2085
2025-07-18,2765.5478515625,2785.0,2793.0,2770.0,2770.0,1212
2025-07-22,2754.624755859375,2774.0,2819.0,2763.0,2795.0,477
2025-07-23,2785.408203125,2805.0,2810.0,2759.0,2784.0,900
2025-07-24,2846.307861328125,2851.0,2859.0,2820.0,2824.0,739
2025-07-25,2822.347412109375,2827.0,2858.0,2827.0,2858.0,786
2025-07-28,2793.39501953125,2798.0,2826.0,2798.0,2825.0,1641
2025-07-29,2785.408203125,2790.0,2809.0,2775.0,2809.0,2575
2025-07-30,2791.3984375,2796.0,2799.0,2790.0,2795.0,2321
2025-07-31,2819.352294921875,2824.0,2824.0,2800.0,2806.0,18696
2025-08-01,2865.276611328125,2870.0,2870.0,2822.0,2822.0,18427
2025-08-04,2855.29296875,2860.0,2860.0,2820.0,2820.0,13101
2025-08-05,2860.28466796875,2865.0,2880.0,2864.0,2872.0,361
2025-08-06,2882.24853515625,2887.0,2890.0,2865.0,2869.0,3812
2025-08-07,2950.13671875,2955.0,2957.0,2899.0,2899.0,6646
2025-08-08,2990.07080078125,2995.0,3017.0,2980.0,2998.0,535
2025-08-12,3044.980224609375,3050.0,3069.0,3040.0,3042.0,4868
2025-08-13,3058.957275390625,3064.0,3100.0,3055.0,3067.0,1634
2025-08-14,3051.96875,3057.0,3076.0,3049.0,3076.0,4083
2025-08-15,3092.9013671875,3098.0,3098.0,3068.0,3077.0,159
2025-08-18,3152.802490234375,3158.0,3158.0,3105.0,3105.0,1997
2025-08-19,3117.860107421875,3123.0,3146.0,3110.0,3146.0,2210
2025-08-20,3055.962158203125,3061.0,3096.0,3052.0,3096.0,518
2025-08-21,3035.9951171875,3041.0,3060.0,3030.0,3052.0,174
2025-08-22,3054.9638671875,3060.0,3061.0,3039.0,3061.0,114
2025-08-25,3044.980224609375,3050.0,3097.0,3043.0,3097.0,490
2025-08-26,3016.028076171875,3021.0,3047.0,3018.0,3047.0,237
2025-08-27,2999.055908203125,3004.0,3021.0,2991.0,3021.0,1204
2025-08-28,3000.054443359375,3005.0,3021.0,2985.0,3021.0,126
2025-08-29,3004.0478515625,3009.0,3013.0,3002.0,3009.0,1126
2025-09-01,2981.085693359375,2986.0,3000.0,2969.0,2997.0,1128
2025-09-02,2982.083984375,2987.0,3000.0,2975.0,3000.0,2590
2025-09-03,2957.125244140625,2962.0,2970.0,2943.0,2960.0,403
2025-09-04,2985.0791015625,2990.0,2990.0,2960.0,2962.0,1167
2025-09-05,2980.087158203125,2985.0,3001.0,2975.0,3000.0,2545
2025-09-08,2994.064208984375,2999.0,3035.0,2999.0,3020.0,1247
2025-09-09,3001.052734375,3006.0,3039.0,3000.0,3035.0,14403
2025-09-10,3039.988525390625,3045.0,3045.0,3026.0,3045.0,429
2025-09-11,3072.934326171875,3078.0,3097.0,3060.0,3097.0,670
2025-09-12,3098.891357421875,3104.0,3125.0,3079.0,3125.0,1730
2025-09-16,3093.899658203125,3099.0,3120.0,3077.0,3120.0,629
2025-09-17,3090.904541015625,3096.0,3109.0,3074.0,3109.0,3148
2025-09-18,3088.907958984375,3094.0,3106.0,3074.0,3092.0,805
2025-09-19,3066.944091796875,3072.0,3111.0,3050.0,3098.0,492
2025-09-22,3040.98681640625,3046.0,3091.0,3046.0,3070.0,4189
2025-09-24,3047.975341796875,3053.0,3053.0,3030.0,3040.0,2425
2025-09-25,3063.948974609375,3069.0,3069.0,3050.0,3063.0,1056
2025-09-26,3051.96875,3057.0,3085.0,3057.0,3077.0,408
2025-09-29,3027.010009765625,3032.0,3170.0,3031.0,3121.0,767
2025-09-30,3038.990234375,3044.0,3046.0,2990.0,2990.0,1288
2025-10-01,3012.03466796875,3017.0,3045.0,3001.0,3045.0,198
2025-10-02,2979.0888671875,2984.0,3030.0,2973.0,3030.0,1024
2025-10-03,3029.006591796875,3034.0,3037.0,2986.0,2986.0,679
2025-10-06,3123.850341796875,3129.0,3136.0,3095.0,3127.0,6180
2025-10-07,3111.8701171875,3117.0,3180.0,3112.0,3180.0,24431
2025-10-08,3124.8486328125,3130.0,3152.0,3117.0,3117.0,470
2025-10-09,3154.79931640625,3160.0,3173.0,3147.0,3158.0,8018
2025-10-10,3102.884765625,3108.0,3154.0,3106.0,3149.0,4362
2025-10-14,3022.01806640625,3027.0,3070.0,3010.0,3052.0,3710
2025-10-15,3060.953857421875,3066.0,3066.0,3032.0,3032.0,517
2025-10-16,3073.9326171875,3079.0,3085.0,3054.0,3054.0,1209
2025-10-17,3033.0,3038.0,3079.0,3032.0,3032.0,688
2025-10-20,3129.84033203125,3135.0,3135.0,3095.0,3098.0,620
2025-10-21,3160.789306640625,3166.0,3189.0,3148.0,3189.0,2239
2025-10-22,3140.822265625,3146.0,3166.0,3130.0,3157.0,31107
2025-10-23,3106.878173828125,3112.0,3129.0,3097.0,3103.0,3254
2025-10-27,3183.75146484375,3189.0,3215.0,3177.0,3215.0,787
2025-10-28,3174.766357421875,3180.0,3212.0,3173.0,3212.0,460
2025-10-29,3154.79931640625,3160.0,3170.0,3150.0,3170.0,424
2025-10-30,3165.78125,3171.0,3178.0,3146.0,3149.0,971
2025-10-31,3217.695556640625,3223.0,3246.0,3188.0,3188.0,1657
2025-11-04,3191.73828125,3197.0,3293.0,3188.0,3293.0,2041
2025-11-05,3160.789306640625,3166.0,3218.0,3120.0,3173.0,5113
2025-11-06,3142.819091796875,3148.0,3201.0,3148.0,3185.0,843
2025-11-07,3156.7958984375,3162.0,3171.0,3098.0,3098.0,5983
2025-11-10,3164.78271484375,3170.0,3180.0,3160.0,3180.0,1346
2025-11-11,3196.730224609375,3202.0,3210.0,3185.0,3188.0,278
2025-11-12,3211.70556640625,3217.0,3242.0,3204.0,3204.0,344
2025-11-13,3244.651123046875,3250.0,3262.0,3238.0,3262.0,1880
2025-11-14,3218.69384765625,3224.0,3230.0,3211.0,3230.0,224
2025-11-17,3191.73828125,3197.0,3220.0,3180.0,3220.0,1388
2025-11-18,3108.875,3114.0,3197.0,3111.0,3197.0,1221
2025-11-19,3104.881591796875,3110.0,3131.0,3110.0,3114.0,135
2025-11-20,3144.815673828125,3150.0,3180.0,3140.0,3180.0,776
2025-11-21,3184.75,3190.0,3190.0,3100.0,3150.0,498
2025-11-25,3124.8486328125,3130.0,3165.0,3130.0,3161.0,429
2025-11-26,3167.77783203125,3173.0,3188.0,3130.0,3130.0,449
2025-11-27,3177.761474609375,3183.0,3195.0,3174.0,3174.0,258
2025-11-28,3171.771240234375,3177.0,3200.0,3171.0,3200.0,202
2025-12-01,3112.868408203125,3118.0,3180.0,3118.0,3180.0,116
2025-12-02,3080.921142578125,3086.0,3133.0,3086.0,3133.0,3485
2025-12-03,3108.875,3114.0,3150.0,3084.0,3150.0,498
2025-12-04,3134.832275390625,3140.0,3140.0,3102.0,3102.0,664
2025-12-05,3090.904541015625,3096.0,3140.0,3096.0,3140.0,169
2025-12-08,3112.868408203125,3118.0,3119.0,3096.0,3119.0,77
2025-12-09,3091.90283203125,3097.0,3120.0,3092.0,3118.0,2695
2025-12-10,3073.9326171875,3079.0,3097.0,3068.0,3092.0,1175
2025-12-11,3020.021484375,3025.0,3077.0,3014.0,3077.0,7396
2025-12-12,3052.967041015625,3058.0,3110.0,3057.0,3110.0,381
2025-12-15,3062.95068359375,3068.0,3080.0,3049.0,3049.0,301
2025-12-16,3037.99169921875,3043.0,3076.0,3043.0,3076.0,1974
2025-12-17,3029.006591796875,3034.0,3044.0,3020.0,3044.0,17
2025-12-18,3023.0166015625,3028.0,3041.0,3014.0,3014.0,207
2025-12-19,3028.00830078125,3033.0,3098.0,3033.0,3098.0,15163
2025-12-22,3031.00341796875,3036.0,3103.0,3030.0,3103.0,553
2025-12-23,3062.95068359375,3068.0,3070.0,3020.0,3020.0,394
2025-12-24,3043.98193359375,3049.0,3075.0,3048.0,3055.0,585
2025-12-25,3066.944091796875,3072.0,3072.0,3054.0,3061.0,568
2025-12-26,3070.9375,3076.0,3092.0,3013.0,3013.0,685
2025-12-29,3062.95068359375,3068.0,3146.0,3060.0,3146.0,709
2025-12-30,3054.9638671875,3060.0,3087.0,3060.0,3087.0,589
2026-01-05,3074.930908203125,3080.0,3130.0,3070.0,3130.0,465
2026-01-06,3107.876708984375,3113.0,3113.0,3084.0,3084.0,857
2026-01-07,3070.9375,3076.0,3130.0,3070.0,3130.0,2326
2026-01-08,3065.94580078125,3071.0,3081.0,3061.0,3080.0,295
2026-01-09,3069.939208984375,3075.0,3075.0,3048.0,3050.0,2844
2026-01-13,3094.89794921875,3100.0,3117.0,3094.0,3105.0,209
2026-01-14,3045.978759765625,3051.0,3113.0,3051.0,3113.0,176
2026-01-15,3098.891357421875,3104.0,3120.0,3032.0,3032.0,825
2026-01-16,3071.935791015625,3077.0,3098.0,3070.0,3098.0,301
2026-01-19,3072.934326171875,3078.0,3078.0,3060.0,3060.0,634
2026-01-20,3047.975341796875,3053.0,3125.0,3050.0,3125.0,419
2026-01-21,3000.054443359375,3005.0,3050.0,3003.0,3050.0,383
2026-01-22,3005.046142578125,3010.0,3020.0,3000.0,3020.0,344
2026-01-23,3033.0,3038.0,3055.0,3001.0,3001.0,371
2026-01-26,2994.0,2994.0,3025.0,2980.0,3025.0,1539
2026-01-27,2979.0,2979.0,2998.0,2975.0,2998.0,80
2026-01-28,2982.0,2982.0,2982.0,2960.0,2979.0,8906
2026-01-29,2935.0,2935.0,3032.0,2903.0,3032.0,26430
2026-01-30,2939.0,2939.0,2954.0,2937.0,2952.0,52
2026-02-02,2895.0,2895.0,2938.0,2895.0,2903.0,198
2026-02-03,2943.0,2943.0,2944.0,2916.0,2917.0,481
2026-02-04,2801.0,2801.0,2964.0,2801.0,2964.0,8666
2026-02-05,2893.0,2893.0,2893.0,2777.0,2785.0,5674
2026-02-06,2786.0,2786.0,2843.0,2746.0,2843.0,1754
2026-02-09,2838.0,2838.0,2896.0,2830.0,2896.0,5890
2026-02-10,2912.0,2912.0,2921.0,2838.0,2838.0,1045
2026-02-12,2945.0,2945.0,2945.0,2856.0,2900.0,5585
2026-02-13,2726.0,2726.0,2950.0,2710.0,2950.0,3055
2026-02-16,2731.0,2731.0,2736.0,2715.0,2715.0,1359
2026-02-17,2697.0,2697.0,2734.0,2687.0,2734.0,728
2026-02-18,2711.0,2711.0,2721.0,2697.0,2710.0,251
2026-02-19,2724.0,2724.0,2737.0,2706.0,2737.0,1270
2026-02-20,2695.0,2695.0,2729.0,2688.0,2729.0,492
2026-02-24,2638.0,2638.0,2728.0,2630.0,2728.0,4820
2026-02-25,2672.0,2672.0,2681.0,2642.0,2642.0,5924
2026-02-26,2742.0,2742.0,2751.0,2684.0,2700.0,1162
2026-02-27,2811.0,2811.0,2811.0,2776.0,2780.0,1578
2026-03-02,2771.0,2771.0,2861.0,2764.0,2861.0,245
2026-03-03,2708.0,2708.0,2771.0,2708.0,2771.0,1758
2026-03-04,2691.0,2691.0,2704.0,2610.0,2610.0,673
2026-03-05,2680.0,2680.0,2765.0,2680.0,2765.0,1003
2026-03-06,2738.0,2738.0,2750.0,2684.0,2684.0,309
2026-03-09,2678.0,2678.0,2684.0,2649.0,2670.0,206
2026-03-10,2743.0,2743.0,2749.0,2727.0,2736.0,562
