Date,Adj Close,Close,High,Low,Open,Volume
2001-01-01,1085.478759765625,2471.074462890625,2471.074462890625,2471.074462890625,2471.074462890625,0
2001-01-02,1085.478759765625,2471.074462890625,2471.074462890625,2471.074462890625,2471.074462890625,0
2001-01-03,1085.478759765625,2471.074462890625,2471.074462890625,2471.074462890625,2471.074462890625,0
2001-01-04,1096.3697509765625,2495.86767578125,2495.86767578125,2371.90087890625,2371.90087890625,8250
2001-01-05,1018.3169555664062,2318.181884765625,2479.3388671875,2314.049560546875,2479.3388671875,44330
2001-01-08,1018.3169555664062,2318.181884765625,2318.181884765625,2318.181884765625,2318.181884765625,0
2001-01-09,1041.914306640625,2371.90087890625,2371.90087890625,2314.049560546875,2338.843017578125,23210
2001-01-10,996.5347900390625,2268.594970703125,2471.074462890625,2231.405029296875,2471.074462890625,24200
2001-01-11,978.383056640625,2227.272705078125,2272.727294921875,2198.34716796875,2231.405029296875,23430
2001-01-12,989.2740478515625,2252.066162109375,2293.388427734375,2223.140380859375,2223.140380859375,11550
2001-01-15,994.719482421875,2264.462890625,2264.462890625,2231.405029296875,2247.933837890625,9130
2001-01-16,1027.392822265625,2338.843017578125,2388.4296875,2272.727294921875,2272.727294921875,6050
2001-01-17,1038.2838134765625,2363.636474609375,2388.4296875,2338.843017578125,2355.371826171875,11770
2001-01-18,1089.1090087890625,2479.3388671875,2561.9833984375,2438.0166015625,2438.0166015625,50160
2001-01-19,1074.5877685546875,2446.281005859375,2520.6611328125,2404.958740234375,2479.3388671875,39930
2001-01-22,1045.544677734375,2380.165283203125,2421.487548828125,2371.90087890625,2413.22314453125,11770
2001-01-23,1038.2838134765625,2363.636474609375,2371.90087890625,2363.636474609375,2371.90087890625,4290
2001-01-24,1052.80517578125,2396.6943359375,2396.6943359375,2363.636474609375,2367.7685546875,25410
2001-01-25,1031.023193359375,2347.107421875,2363.636474609375,2330.57861328125,2363.636474609375,28600
2001-01-26,1041.914306640625,2371.90087890625,2458.677734375,2355.371826171875,2380.165283203125,27170
2001-01-29,1034.653564453125,2355.371826171875,2388.4296875,2314.049560546875,2388.4296875,20020
2001-01-30,1016.5017700195312,2314.049560546875,2338.843017578125,2272.727294921875,2338.843017578125,20680
2001-01-31,1023.7626953125,2330.57861328125,2355.371826171875,2314.049560546875,2314.049560546875,24420
2001-02-01,1020.1320190429688,2322.31396484375,2355.371826171875,2309.917236328125,2309.917236328125,26840
2001-02-02,1070.9573974609375,2438.0166015625,2479.3388671875,2322.31396484375,2347.107421875,25740
2001-02-05,1089.1090087890625,2479.3388671875,2479.3388671875,2404.958740234375,2479.3388671875,94600
2001-02-06,1060.066162109375,2413.22314453125,2479.3388671875,2413.22314453125,2479.3388671875,2970
2001-02-07,1060.066162109375,2413.22314453125,2438.0166015625,2413.22314453125,2438.0166015625,770
2001-02-08,1060.066162109375,2413.22314453125,2413.22314453125,2413.22314453125,2413.22314453125,4620
2001-02-09,1103.63037109375,2512.396728515625,2512.396728515625,2396.6943359375,2396.6943359375,43230
2001-02-12,1103.63037109375,2512.396728515625,2512.396728515625,2512.396728515625,2512.396728515625,0
2001-02-13,1096.3697509765625,2495.86767578125,2504.13232421875,2479.3388671875,2495.86767578125,12870
2001-02-14,1089.1090087890625,2479.3388671875,2479.3388671875,2462.809814453125,2479.3388671875,39930
2001-02-15,1085.478759765625,2471.074462890625,2479.3388671875,2471.074462890625,2479.3388671875,18370
2001-02-16,1085.478759765625,2471.074462890625,2479.3388671875,2471.074462890625,2471.074462890625,42900
2001-02-19,1056.435791015625,2404.958740234375,2471.074462890625,2404.958740234375,2471.074462890625,11550
2001-02-20,1070.9573974609375,2438.0166015625,2438.0166015625,2404.958740234375,2409.0908203125,13860
2001-02-21,1034.653564453125,2355.371826171875,2396.6943359375,2347.107421875,2396.6943359375,38940
2001-02-22,1060.066162109375,2413.22314453125,2413.22314453125,2351.23974609375,2355.371826171875,25520
2001-02-23,1050.990234375,2392.56201171875,2442.148681640625,2380.165283203125,2442.148681640625,13860
2001-02-26,1063.6964111328125,2421.487548828125,2438.0166015625,2421.487548828125,2438.0166015625,8690
2001-02-27,1031.023193359375,2347.107421875,2396.6943359375,2347.107421875,2396.6943359375,35750
2001-02-28,987.4589233398438,2247.933837890625,2322.31396484375,2231.405029296875,2314.049560546875,55330
2001-03-01,933.0035400390625,2123.967041015625,2268.594970703125,2066.11572265625,2268.594970703125,24310
2001-03-02,980.1981201171875,2231.405029296875,2272.727294921875,2148.76025390625,2272.727294921875,6160
2001-03-05,925.7426147460938,2107.43798828125,2198.34716796875,2107.43798828125,2198.34716796875,11110
2001-03-06,922.1124267578125,2099.173583984375,2119.834716796875,2099.173583984375,2111.5703125,43230
2001-03-07,987.4589233398438,2247.933837890625,2247.933837890625,2107.43798828125,2107.43798828125,26840
2001-03-08,980.1981201171875,2231.405029296875,2256.1982421875,2198.34716796875,2247.933837890625,17930
2001-03-09,980.1981201171875,2231.405029296875,2272.727294921875,2214.8759765625,2231.405029296875,20130
2001-03-12,980.1981201171875,2231.405029296875,2264.462890625,2223.140380859375,2231.405029296875,18480
2001-03-13,925.7426147460938,2107.43798828125,2157.02490234375,2107.43798828125,2148.76025390625,8910
2001-03-14,925.7426147460938,2107.43798828125,2107.43798828125,2107.43798828125,2107.43798828125,0
2001-03-15,936.6337280273438,2132.2314453125,2152.892578125,2132.2314453125,2148.76025390625,9130
2001-03-16,943.8942260742188,2148.76025390625,2165.289306640625,2148.76025390625,2165.289306640625,9020
2001-03-19,943.8942260742188,2148.76025390625,2148.76025390625,2144.628173828125,2148.76025390625,11550
2001-03-20,943.8942260742188,2148.76025390625,2148.76025390625,2148.76025390625,2148.76025390625,0
2001-03-21,943.8942260742188,2148.76025390625,2157.02490234375,2140.495849609375,2148.76025390625,25410
2001-03-22,954.785400390625,2173.5537109375,2231.405029296875,2140.495849609375,2165.289306640625,24200
2001-03-23,980.1981201171875,2231.405029296875,2231.405029296875,2190.082763671875,2206.611572265625,18590
2001-03-26,994.719482421875,2264.462890625,2264.462890625,2231.405029296875,2231.405029296875,88880
2001-03-27,1004.39697265625,2264.462890625,2264.462890625,2161.156982421875,2190.082763671875,24310
2001-03-28,1059.3819580078125,2388.4296875,2388.4296875,2231.405029296875,2264.462890625,27610
2001-03-29,1044.71923828125,2355.371826171875,2355.371826171875,2231.405029296875,2231.405029296875,21340
2001-03-30,1026.3912353515625,2314.049560546875,2338.843017578125,2305.78515625,2322.31396484375,22990
2001-04-02,1019.0598754882812,2297.520751953125,2314.049560546875,2272.727294921875,2314.049560546875,18480
2001-04-03,1026.3912353515625,2314.049560546875,2322.31396484375,2297.520751953125,2314.049560546875,29700
2001-04-04,1019.0598754882812,2297.520751953125,2322.31396484375,2297.520751953125,2314.049560546875,15180
2001-04-05,1011.728271484375,2280.99169921875,2297.520751953125,2272.727294921875,2272.727294921875,15510
2001-04-06,1022.7252807617188,2305.78515625,2305.78515625,2289.256103515625,2293.388427734375,3850
2001-04-09,989.7343139648438,2231.405029296875,2305.78515625,2231.405029296875,2305.78515625,5500
2001-04-10,920.0863037109375,2074.380126953125,2198.34716796875,2066.11572265625,2198.34716796875,20240
2001-04-11,934.7489624023438,2107.43798828125,2190.082763671875,2107.43798828125,2173.5537109375,14190
2001-04-12,949.41162109375,2140.495849609375,2148.76025390625,2107.43798828125,2148.76025390625,18370
2001-04-13,934.7489624023438,2107.43798828125,2173.5537109375,2107.43798828125,2107.43798828125,58740
2001-04-16,934.7489624023438,2107.43798828125,2115.702392578125,2107.43798828125,2107.43798828125,47410
2001-04-17,934.7489624023438,2107.43798828125,2128.09912109375,2107.43798828125,2128.09912109375,22990
2001-04-18,951.24462890625,2144.628173828125,2148.76025390625,2123.967041015625,2123.967041015625,16500
2001-04-19,923.751953125,2082.64453125,2276.859619140625,2074.380126953125,2276.859619140625,19470
2001-04-20,920.0863037109375,2074.380126953125,2123.967041015625,2057.851318359375,2082.64453125,22550
2001-04-23,945.74609375,2132.2314453125,2165.289306640625,2132.2314453125,2152.892578125,16720
2001-04-24,953.0773315429688,2148.76025390625,2185.950439453125,2140.495849609375,2185.950439453125,18370
2001-04-25,953.0773315429688,2148.76025390625,2148.76025390625,2132.2314453125,2148.76025390625,29150
2001-04-26,953.0773315429688,2148.76025390625,2148.76025390625,2132.2314453125,2148.76025390625,29150
2001-04-27,942.08056640625,2123.967041015625,2144.628173828125,2123.967041015625,2132.2314453125,32120
2001-04-30,942.08056640625,2123.967041015625,2123.967041015625,2123.967041015625,2123.967041015625,0
2001-05-01,953.0773315429688,2148.76025390625,2190.082763671875,2148.76025390625,2190.082763671875,49610
2001-05-02,960.408935546875,2165.289306640625,2169.42138671875,2148.76025390625,2165.289306640625,47630
2001-05-03,960.408935546875,2165.289306640625,2165.289306640625,2165.289306640625,2165.289306640625,0
2001-05-04,960.408935546875,2165.289306640625,2165.289306640625,2165.289306640625,2165.289306640625,0
2001-05-07,971.406005859375,2190.082763671875,2190.082763671875,2165.289306640625,2181.818115234375,330
2001-05-08,965.9072875976562,2177.68603515625,2190.082763671875,2165.289306640625,2190.082763671875,550
2001-05-09,965.9072875976562,2177.68603515625,2177.68603515625,2165.289306640625,2173.5537109375,770
2001-05-10,997.0655517578125,2247.933837890625,2252.066162109375,2198.34716796875,2206.611572265625,1540
2001-05-11,1019.0598754882812,2297.520751953125,2297.520751953125,2272.727294921875,2272.727294921875,550
2001-05-14,1020.8924560546875,2301.65283203125,2309.917236328125,2289.256103515625,2305.78515625,220
2001-05-15,1026.3912353515625,2314.049560546875,2326.4462890625,2260.33056640625,2268.594970703125,84480
2001-05-16,1019.0598754882812,2297.520751953125,2334.710693359375,2297.520751953125,2334.710693359375,59620
2001-05-17,1044.71923828125,2355.371826171875,2363.636474609375,2338.843017578125,2342.97509765625,46750
2001-05-18,1046.552490234375,2359.504150390625,2363.636474609375,2322.31396484375,2322.31396484375,13090
2001-05-21,1009.8958129882812,2276.859619140625,2338.843017578125,2272.727294921875,2338.843017578125,990
2001-05-22,997.0655517578125,2247.933837890625,2305.78515625,2247.933837890625,2276.859619140625,10120
2001-05-23,1026.3912353515625,2314.049560546875,2314.049560546875,2256.1982421875,2256.1982421875,10450
2001-05-24,1041.0538330078125,2347.107421875,2380.165283203125,2297.520751953125,2297.520751953125,10890
2001-05-25,1019.0598754882812,2297.520751953125,2396.6943359375,2256.1982421875,2256.1982421875,13750
2001-05-28,1044.71923828125,2355.371826171875,2355.371826171875,2297.520751953125,2330.57861328125,8250
2001-05-29,1063.0479736328125,2396.6943359375,2396.6943359375,2272.727294921875,2338.843017578125,27280
2001-05-30,1019.0598754882812,2297.520751953125,2355.371826171875,2297.520751953125,2297.520751953125,41250
2001-05-31,1019.0598754882812,2297.520751953125,2355.371826171875,2256.1982421875,2256.1982421875,45650
2001-06-01,1026.3912353515625,2314.049560546875,2318.181884765625,2314.049560546875,2318.181884765625,1650
2001-06-04,1019.0598754882812,2297.520751953125,2314.049560546875,2297.520751953125,2301.65283203125,1650
2001-06-05,1019.0598754882812,2297.520751953125,2355.371826171875,2297.520751953125,2297.520751953125,1430
2001-06-06,1044.71923828125,2355.371826171875,2363.636474609375,2305.78515625,2305.78515625,10230
2001-06-07,1044.71923828125,2355.371826171875,2355.371826171875,2314.049560546875,2347.107421875,6490
2001-06-08,1063.0479736328125,2396.6943359375,2396.6943359375,2305.78515625,2314.049560546875,5170
2001-06-11,1072.212158203125,2417.35546875,2421.487548828125,2367.7685546875,2371.90087890625,10890
2001-06-12,1024.55810546875,2309.917236328125,2309.917236328125,2301.65283203125,2301.65283203125,2970
2001-06-13,1026.3912353515625,2314.049560546875,2322.31396484375,2305.78515625,2305.78515625,12540
2001-06-14,1063.0479736328125,2396.6943359375,2396.6943359375,2314.049560546875,2314.049560546875,16060
2001-06-15,1055.7164306640625,2380.165283203125,2380.165283203125,2314.049560546875,2314.049560546875,7480
2001-06-18,1026.3912353515625,2314.049560546875,2314.049560546875,2289.256103515625,2314.049560546875,3630
2001-06-19,1055.7164306640625,2380.165283203125,2380.165283203125,2314.049560546875,2314.049560546875,10890
2001-06-20,1026.3912353515625,2314.049560546875,2322.31396484375,2297.520751953125,2314.049560546875,21120
2001-06-21,1020.8924560546875,2301.65283203125,2314.049560546875,2297.520751953125,2314.049560546875,11770
2001-06-22,1019.0598754882812,2297.520751953125,2318.181884765625,2297.520751953125,2314.049560546875,7370
2001-06-25,1030.056640625,2322.31396484375,2338.843017578125,2297.520751953125,2314.049560546875,26730
2001-06-26,1019.0598754882812,2297.520751953125,2314.049560546875,2297.520751953125,2297.520751953125,41250
2001-06-27,1011.728271484375,2280.99169921875,2297.520751953125,2272.727294921875,2297.520751953125,44440
2001-06-28,1008.06298828125,2272.727294921875,2305.78515625,2272.727294921875,2305.78515625,13530
2001-06-29,1008.06298828125,2272.727294921875,2272.727294921875,2268.594970703125,2268.594970703125,15730
2001-07-02,991.5670776367188,2235.537109375,2268.594970703125,2214.8759765625,2264.462890625,124300
2001-07-03,953.0773315429688,2148.76025390625,2235.537109375,2140.495849609375,2235.537109375,4180
2001-07-04,909.08935546875,2049.586669921875,2181.818115234375,2020.6611328125,2148.76025390625,18480
2001-07-05,852.2711181640625,1921.487548828125,2049.586669921875,1909.0909423828125,2049.586669921875,20130
2001-07-06,854.1040649414062,1925.619873046875,1942.1488037109375,1900.826416015625,1917.3553466796875,12540
2001-07-09,857.7695922851562,1933.88427734375,1933.88427734375,1900.826416015625,1925.619873046875,2860
2001-07-10,857.7695922851562,1933.88427734375,1950.4132080078125,1933.88427734375,1938.0164794921875,10670
2001-07-11,848.605224609375,1913.22314453125,1925.619873046875,1900.826416015625,1913.22314453125,4180
2001-07-12,844.9398803710938,1904.958740234375,1925.619873046875,1904.958740234375,1921.487548828125,10010
2001-07-13,872.432373046875,1966.942138671875,1975.2066650390625,1933.88427734375,1933.88427734375,7810
2001-07-16,846.7726440429688,1909.0909423828125,1909.0909423828125,1900.826416015625,1900.826416015625,5280
2001-07-17,857.7695922851562,1933.88427734375,1933.88427734375,1900.826416015625,1900.826416015625,53900
2001-07-18,780.7903442382812,1760.33056640625,1809.9173583984375,1752.066162109375,1768.5950927734375,10670
2001-07-19,777.1245727539062,1752.066162109375,1785.1240234375,1752.066162109375,1760.33056640625,20130
2001-07-20,777.1245727539062,1752.066162109375,1752.066162109375,1752.066162109375,1752.066162109375,0
2001-07-23,773.4588623046875,1743.8016357421875,1764.4627685546875,1719.00830078125,1756.1983642578125,8140
2001-07-24,742.30078125,1673.5537109375,1702.4793701171875,1669.4215087890625,1702.4793701171875,7040
2001-07-25,711.1422729492188,1603.3057861328125,1673.5537109375,1603.3057861328125,1673.5537109375,55990
2001-07-26,733.136474609375,1652.892578125,1652.892578125,1622.3140869140625,1622.3140869140625,10230
2001-07-27,711.1422729492188,1603.3057861328125,1612.396728515625,1603.3057861328125,1611.5701904296875,49170
2001-07-30,659.8229370117188,1487.603271484375,1607.43798828125,1487.603271484375,1603.3057861328125,20020
2001-07-31,659.8229370117188,1487.603271484375,1512.396728515625,1486.77685546875,1487.603271484375,28050
2001-08-01,667.1542358398438,1504.1322021484375,1528.9256591796875,1471.0743408203125,1528.9256591796875,79090
2001-08-02,678.1513061523438,1528.9256591796875,1544.6280517578125,1504.1322021484375,1504.1322021484375,32670
2001-08-03,700.1453857421875,1578.512451171875,1595.0413818359375,1545.45458984375,1570.2479248046875,115830
2001-08-06,755.1305541992188,1702.4793701171875,1702.4793701171875,1595.0413818359375,1595.0413818359375,18810
2001-08-07,769.793212890625,1735.5372314453125,1752.066162109375,1685.950439453125,1735.5372314453125,49610
2001-08-08,767.9605102539062,1731.4049072265625,1776.8594970703125,1727.272705078125,1735.5372314453125,41470
2001-08-09,806.4501953125,1818.1817626953125,1818.1817626953125,1694.21484375,1727.272705078125,41470
2001-08-10,788.1217651367188,1776.8594970703125,1851.2396240234375,1719.00830078125,1793.388427734375,23430
2001-08-13,780.7903442382812,1760.33056640625,1801.65283203125,1760.33056640625,1785.1240234375,34210
2001-08-14,766.1276245117188,1727.272705078125,1735.5372314453125,1702.4793701171875,1735.5372314453125,44440
2001-08-15,769.793212890625,1735.5372314453125,1735.5372314453125,1710.7437744140625,1727.272705078125,39050
2001-08-16,764.2947998046875,1723.1405029296875,1727.272705078125,1714.8759765625,1727.272705078125,22550
2001-08-17,769.793212890625,1735.5372314453125,1735.5372314453125,1735.5372314453125,1735.5372314453125,8140
2001-08-20,733.136474609375,1652.892578125,1727.272705078125,1652.892578125,1727.272705078125,69850
2001-08-21,740.4679565429688,1669.4215087890625,1677.6859130859375,1652.892578125,1677.6859130859375,15290
2001-08-22,733.136474609375,1652.892578125,1677.6859130859375,1652.892578125,1652.892578125,33110
2001-08-23,733.136474609375,1652.892578125,1677.6859130859375,1652.892578125,1652.892578125,16940
2001-08-24,733.136474609375,1652.892578125,1652.892578125,1652.892578125,1652.892578125,10230
2001-08-27,769.793212890625,1735.5372314453125,1735.5372314453125,1652.892578125,1652.892578125,1320
2001-08-28,769.793212890625,1735.5372314453125,1743.8016357421875,1735.5372314453125,1735.5372314453125,2200
2001-08-29,733.136474609375,1652.892578125,1735.5372314453125,1650.4132080078125,1735.5372314453125,131450
2001-08-30,736.8021850585938,1661.156982421875,1661.156982421875,1652.892578125,1652.892578125,12980
2001-08-31,780.7903442382812,1760.33056640625,1760.33056640625,1661.156982421875,1661.156982421875,14080
2001-09-03,733.136474609375,1652.892578125,1760.33056640625,1652.892578125,1760.33056640625,51370
2001-09-04,733.136474609375,1652.892578125,1652.892578125,1648.7603759765625,1652.892578125,57420
2001-09-05,733.136474609375,1652.892578125,1652.892578125,1649.5867919921875,1652.892578125,67980
2001-09-06,744.1334838867188,1677.6859130859375,1677.6859130859375,1661.156982421875,1677.6859130859375,6160
2001-09-07,744.1334838867188,1677.6859130859375,1698.34716796875,1673.5537109375,1673.5537109375,3740
2001-09-10,751.4647827148438,1694.21484375,1694.21484375,1677.6859130859375,1677.6859130859375,330
2001-09-11,751.4647827148438,1694.21484375,1698.34716796875,1694.21484375,1694.21484375,19360
2001-09-12,725.8052978515625,1636.3636474609375,1636.3636474609375,1611.5701904296875,1628.09912109375,18370
2001-09-13,725.8052978515625,1636.3636474609375,1652.066162109375,1611.5701904296875,1611.5701904296875,34430
2001-09-14,725.8052978515625,1636.3636474609375,1636.3636474609375,1628.09912109375,1636.3636474609375,18150
2001-09-17,696.4796752929688,1570.2479248046875,1587.603271484375,1570.2479248046875,1587.603271484375,660
2001-09-18,714.8079223632812,1611.5701904296875,1611.5701904296875,1571.0743408203125,1571.0743408203125,1760
2001-09-19,716.6409301757812,1615.7025146484375,1652.892578125,1570.2479248046875,1586.77685546875,26400
2001-09-20,712.975341796875,1607.43798828125,1611.5701904296875,1566.11572265625,1566.11572265625,16390
2001-09-21,707.4768676757812,1595.0413818359375,1595.0413818359375,1504.1322021484375,1557.8511962890625,10890
2001-09-24,707.4768676757812,1595.0413818359375,1595.0413818359375,1595.0413818359375,1595.0413818359375,0
2001-09-25,696.4796752929688,1570.2479248046875,1603.3057861328125,1553.718994140625,1595.8677978515625,9240
2001-09-26,784.4562377929688,1768.5950927734375,1768.5950927734375,1528.9256591796875,1573.5537109375,9680
2001-09-27,729.4707641601562,1644.6280517578125,1764.4627685546875,1634.710693359375,1764.4627685546875,11880
2001-09-28,729.4707641601562,1644.6280517578125,1644.6280517578125,1644.6280517578125,1644.6280517578125,0
2001-10-01,736.8021850585938,1661.156982421875,1673.5537109375,1633.057861328125,1633.057861328125,41140
2001-10-02,733.136474609375,1652.892578125,1657.0247802734375,1644.6280517578125,1652.892578125,27830
2001-10-03,734.9692993164062,1657.0247802734375,1702.4793701171875,1652.892578125,1694.21484375,48180
2001-10-04,835.7755737304688,1884.2974853515625,1900.826416015625,1652.066162109375,1735.5372314453125,30030
2001-10-05,815.6142578125,1838.843017578125,1859.504150390625,1785.1240234375,1785.1240234375,8800
2001-10-08,815.6142578125,1838.843017578125,1838.843017578125,1838.843017578125,1838.843017578125,0
2001-10-09,802.7845458984375,1809.9173583984375,1818.1817626953125,1801.65283203125,1818.1817626953125,8250
2001-10-10,766.1276245117188,1727.272705078125,1776.8594970703125,1719.00830078125,1776.8594970703125,15730
2001-10-11,769.793212890625,1735.5372314453125,1735.5372314453125,1727.272705078125,1727.272705078125,9680
2001-10-12,778.957763671875,1756.1983642578125,1756.1983642578125,1685.950439453125,1702.4793701171875,22660
2001-10-15,835.7755737304688,1884.2974853515625,1884.2974853515625,1760.33056640625,1776.8594970703125,9790
2001-10-16,832.1098022460938,1876.0330810546875,1884.2974853515625,1842.9752197265625,1871.90087890625,15730
2001-10-17,830.2771606445312,1871.90087890625,1876.0330810546875,1842.9752197265625,1876.0330810546875,6710
2001-10-18,843.1069946289062,1900.826416015625,1900.826416015625,1863.6363525390625,1867.7685546875,33880
2001-10-19,821.1129760742188,1851.2396240234375,1892.56201171875,1851.2396240234375,1892.56201171875,29370
2001-10-22,806.4501953125,1818.1817626953125,1859.504150390625,1818.1817626953125,1859.504150390625,550
2001-10-23,832.1098022460938,1876.0330810546875,1892.56201171875,1818.1817626953125,1892.56201171875,6710
2001-10-24,843.1069946289062,1900.826416015625,1900.826416015625,1876.0330810546875,1900.826416015625,11550
2001-10-25,857.7695922851562,1933.88427734375,1942.1488037109375,1900.826416015625,1913.22314453125,21340
2001-10-26,850.4384765625,1917.3553466796875,1950.4132080078125,1859.504150390625,1859.504150390625,5280
2001-10-29,846.7726440429688,1909.0909423828125,1917.3553466796875,1909.0909423828125,1917.3553466796875,4070
2001-10-30,808.282958984375,1822.3140869140625,1838.843017578125,1818.1817626953125,1818.1817626953125,9900
2001-10-31,810.11572265625,1826.4462890625,1826.4462890625,1801.65283203125,1822.3140869140625,8800
2001-11-01,813.7814331054688,1834.710693359375,1834.710693359375,1822.3140869140625,1822.3140869140625,990
2001-11-02,815.6142578125,1838.843017578125,1859.504150390625,1834.710693359375,1834.710693359375,1210
2001-11-05,832.1098022460938,1876.0330810546875,1884.2974853515625,1842.9752197265625,1842.9752197265625,2970
2001-11-06,843.1069946289062,1900.826416015625,1921.487548828125,1900.826416015625,1921.487548828125,330
2001-11-07,843.1069946289062,1900.826416015625,1900.826416015625,1900.826416015625,1900.826416015625,110
2001-11-08,813.7814331054688,1834.710693359375,1900.826416015625,1834.710693359375,1900.826416015625,10670
2001-11-09,813.7814331054688,1834.710693359375,1834.710693359375,1834.710693359375,1834.710693359375,0
2001-11-12,813.7814331054688,1834.710693359375,1834.710693359375,1760.33056640625,1760.33056640625,26400
2001-11-13,821.1129760742188,1851.2396240234375,1851.2396240234375,1834.710693359375,1834.710693359375,770
2001-11-14,887.0953369140625,2000.0,2000.0,1851.2396240234375,1851.2396240234375,24750
2001-11-15,854.1040649414062,1925.619873046875,1942.1488037109375,1838.843017578125,1942.1488037109375,49390
2001-11-16,813.7814331054688,1834.710693359375,1925.619873046875,1818.1817626953125,1925.619873046875,53460
2001-11-19,855.9366455078125,1929.7520751953125,1933.88427734375,1896.6942138671875,1896.6942138671875,16720
2001-11-20,861.4356079101562,1942.1488037109375,1942.1488037109375,1917.3553466796875,1942.1488037109375,22110
2001-11-21,865.1010131835938,1950.4132080078125,1958.677734375,1933.88427734375,1942.1488037109375,29040
2001-11-22,879.763671875,1983.4710693359375,2000.0,1958.677734375,1983.4710693359375,55770
2001-11-23,879.763671875,1983.4710693359375,1983.4710693359375,1983.4710693359375,1983.4710693359375,0
2001-11-26,890.7608032226562,2008.264404296875,2024.7933349609375,1983.4710693359375,1983.4710693359375,4950
2001-11-27,839.4412231445312,1892.56201171875,1991.735595703125,1892.56201171875,1991.735595703125,16060
2001-11-28,844.9398803710938,1904.958740234375,1921.487548828125,1900.826416015625,1900.826416015625,16720
2001-11-29,806.4501953125,1818.1817626953125,1867.7685546875,1818.1817626953125,1818.1817626953125,17600
2001-11-30,769.793212890625,1735.5372314453125,1776.8594970703125,1702.4793701171875,1735.5372314453125,34430
2001-12-03,769.793212890625,1735.5372314453125,1752.066162109375,1735.5372314453125,1743.8016357421875,7920
2001-12-04,767.9605102539062,1731.4049072265625,1731.4049072265625,1719.00830078125,1719.00830078125,41910
2001-12-05,753.2977905273438,1698.34716796875,1764.4627685546875,1669.4215087890625,1764.4627685546875,105270
2001-12-06,769.793212890625,1735.5372314453125,1789.2562255859375,1735.5372314453125,1747.933837890625,161370
2001-12-07,824.7785034179688,1859.504150390625,2066.11572265625,1851.2396240234375,1859.504150390625,185240
2001-12-10,868.7666015625,1958.677734375,1983.4710693359375,1900.826416015625,1925.619873046875,83050
2001-12-11,843.1069946289062,1900.826416015625,1929.7520751953125,1892.56201171875,1925.619873046875,38390
2001-12-12,861.4356079101562,1942.1488037109375,2024.7933349609375,1900.826416015625,1900.826416015625,92730
2001-12-13,861.4356079101562,1942.1488037109375,1983.4710693359375,1938.0164794921875,1942.1488037109375,25630
2001-12-14,788.1217651367188,1776.8594970703125,1913.22314453125,1752.066162109375,1900.826416015625,27060
2001-12-17,843.1069946289062,1900.826416015625,1925.619873046875,1818.1817626953125,1818.1817626953125,109890
2001-12-18,839.4412231445312,1892.56201171875,1933.88427734375,1847.107421875,1933.88427734375,115280
2001-12-19,833.9429931640625,1880.165283203125,1913.22314453125,1826.4462890625,1826.4462890625,32670
2001-12-20,841.2741088867188,1896.6942138671875,1900.826416015625,1880.165283203125,1880.165283203125,5500
2001-12-21,780.7903442382812,1760.33056640625,1896.6942138671875,1739.66943359375,1896.6942138671875,14960
2001-12-24,780.7903442382812,1760.33056640625,1760.33056640625,1760.33056640625,1760.33056640625,0
2001-12-25,824.7785034179688,1859.504150390625,1859.504150390625,1847.107421875,1859.504150390625,16610
2001-12-26,791.7874145507812,1785.1240234375,1842.9752197265625,1776.8594970703125,1776.8594970703125,28380
2001-12-27,806.4501953125,1818.1817626953125,1859.504150390625,1785.1240234375,1818.1817626953125,25080
2001-12-28,806.4501953125,1818.1817626953125,1818.1817626953125,1818.1817626953125,1818.1817626953125,2640
2001-12-31,806.4501953125,1818.1817626953125,1818.1817626953125,1818.1817626953125,1818.1817626953125,0
2002-01-01,806.4501953125,1818.1817626953125,1818.1817626953125,1818.1817626953125,1818.1817626953125,0
2002-01-02,806.4501953125,1818.1817626953125,1818.1817626953125,1818.1817626953125,1818.1817626953125,0
2002-01-03,806.4501953125,1818.1817626953125,1818.1817626953125,1818.1817626953125,1818.1817626953125,0
2002-01-04,786.2890014648438,1772.727294921875,1789.2562255859375,1760.33056640625,1785.1240234375,24970
2002-01-07,830.2771606445312,1871.90087890625,1880.165283203125,1826.4462890625,1855.3719482421875,12320
2002-01-08,800.9514770507812,1805.78515625,1805.78515625,1785.1240234375,1785.1240234375,7260
2002-01-09,800.9514770507812,1805.78515625,1809.9173583984375,1797.5206298828125,1805.78515625,15840
2002-01-10,839.4412231445312,1892.56201171875,1900.826416015625,1871.90087890625,1884.2974853515625,50270
2002-01-11,861.4356079101562,1942.1488037109375,1942.1488037109375,1818.1817626953125,1847.107421875,29150
2002-01-14,861.4356079101562,1942.1488037109375,1942.1488037109375,1942.1488037109375,1942.1488037109375,0
2002-01-15,832.1098022460938,1876.0330810546875,1896.6942138671875,1863.6363525390625,1876.0330810546875,2860
2002-01-16,714.8079223632812,1611.5701904296875,1867.7685546875,1545.45458984375,1859.504150390625,160490
2002-01-17,780.7903442382812,1760.33056640625,1768.5950927734375,1669.4215087890625,1735.5372314453125,19800
2002-01-18,806.4501953125,1818.1817626953125,1818.1817626953125,1776.8594970703125,1818.1817626953125,14080
2002-01-21,778.957763671875,1756.1983642578125,1756.1983642578125,1652.892578125,1652.892578125,12210
2002-01-22,788.1217651367188,1776.8594970703125,1793.388427734375,1752.066162109375,1752.066162109375,10340
2002-01-23,786.2890014648438,1772.727294921875,1785.1240234375,1768.5950927734375,1776.8594970703125,13530
2002-01-24,758.7963256835938,1710.7437744140625,1727.272705078125,1694.21484375,1719.00830078125,9240
2002-01-25,740.4679565429688,1669.4215087890625,1719.00830078125,1669.4215087890625,1714.8759765625,20680
2002-01-28,696.8461303710938,1571.0743408203125,1673.5537109375,1570.2479248046875,1669.4215087890625,58410
2002-01-29,718.8402099609375,1620.6611328125,1634.710693359375,1587.603271484375,1587.603271484375,24420
2002-01-30,726.1717529296875,1637.1900634765625,1638.843017578125,1628.09912109375,1636.3636474609375,10010
2002-01-31,726.1717529296875,1637.1900634765625,1637.1900634765625,1637.1900634765625,1637.1900634765625,0
2002-02-01,733.136474609375,1652.892578125,1731.4049072265625,1652.892578125,1731.4049072265625,8030
2002-02-04,733.136474609375,1652.892578125,1652.892578125,1638.0164794921875,1652.892578125,5060
2002-02-05,723.2390747070312,1630.5784912109375,1652.892578125,1570.2479248046875,1652.892578125,30690
2002-02-06,716.2743530273438,1614.8759765625,1643.8016357421875,1611.5701904296875,1611.5701904296875,2530
2002-02-07,733.136474609375,1652.892578125,1652.892578125,1603.3057861328125,1614.8759765625,17050
2002-02-08,729.4707641601562,1644.6280517578125,1669.4215087890625,1644.6280517578125,1652.892578125,35640
2002-02-11,729.4707641601562,1644.6280517578125,1644.6280517578125,1644.6280517578125,1644.6280517578125,0
2002-02-12,722.1394653320312,1628.09912109375,1710.7437744140625,1628.09912109375,1681.8182373046875,21230
2002-02-13,758.7963256835938,1710.7437744140625,1727.272705078125,1652.892578125,1652.892578125,19690
2002-02-14,769.793212890625,1735.5372314453125,1752.066162109375,1706.611572265625,1710.7437744140625,42020
2002-02-15,789.9547729492188,1780.99169921875,1805.78515625,1719.00830078125,1752.066162109375,40700
2002-02-18,769.793212890625,1735.5372314453125,1793.388427734375,1735.5372314453125,1760.33056640625,29150
2002-02-19,769.793212890625,1735.5372314453125,1735.5372314453125,1719.00830078125,1735.5372314453125,46310
2002-02-20,777.1245727539062,1752.066162109375,1752.066162109375,1694.21484375,1731.4049072265625,23980
2002-02-21,788.1217651367188,1776.8594970703125,1776.8594970703125,1681.8182373046875,1685.950439453125,22110
2002-02-22,791.7874145507812,1785.1240234375,1818.1817626953125,1776.8594970703125,1793.388427734375,42130
2002-02-25,810.11572265625,1826.4462890625,1847.107421875,1809.9173583984375,1818.1817626953125,79420
2002-02-26,843.1069946289062,1900.826416015625,1917.3553466796875,1818.1817626953125,1818.1817626953125,116600
2002-02-27,843.1069946289062,1900.826416015625,1925.619873046875,1896.6942138671875,1900.826416015625,45430
2002-02-28,843.1069946289062,1900.826416015625,1900.826416015625,1859.504150390625,1884.2974853515625,69630
2002-03-01,821.1129760742188,1851.2396240234375,1863.6363525390625,1818.1817626953125,1818.1817626953125,58740
2002-03-04,879.763671875,1983.4710693359375,1983.4710693359375,1892.56201171875,1892.56201171875,27830
2002-03-05,859.6025390625,1938.0164794921875,1987.603271484375,1938.0164794921875,1983.4710693359375,23980
2002-03-06,839.4412231445312,1892.56201171875,1942.1488037109375,1892.56201171875,1942.1488037109375,41360
2002-03-07,839.4412231445312,1892.56201171875,1942.1488037109375,1892.56201171875,1942.1488037109375,50050
2002-03-08,843.1069946289062,1900.826416015625,1925.619873046875,1892.56201171875,1900.826416015625,39160
2002-03-11,835.7755737304688,1884.2974853515625,1900.826416015625,1884.2974853515625,1900.826416015625,48400
2002-03-12,828.4442138671875,1867.7685546875,1900.826416015625,1867.7685546875,1884.2974853515625,10670
2002-03-13,843.1069946289062,1900.826416015625,1950.4132080078125,1859.504150390625,1876.0330810546875,24420
2002-03-14,879.763671875,1983.4710693359375,1983.4710693359375,1888.4298095703125,1888.4298095703125,7810
2002-03-15,844.9398803710938,1904.958740234375,1975.2066650390625,1904.958740234375,1975.2066650390625,23320
2002-03-18,868.7666015625,1958.677734375,1971.0743408203125,1913.22314453125,1913.22314453125,18370
2002-03-19,868.7666015625,1958.677734375,1975.2066650390625,1950.4132080078125,1950.4132080078125,41250
2002-03-20,866.9339599609375,1954.54541015625,1983.4710693359375,1950.4132080078125,1983.4710693359375,49060
2002-03-21,866.9339599609375,1954.54541015625,1954.54541015625,1954.54541015625,1954.54541015625,0
2002-03-22,898.0922241210938,2024.7933349609375,2049.586669921875,1962.8099365234375,1975.2066650390625,71940
2002-03-25,925.5847778320312,2086.77685546875,2148.76025390625,2024.7933349609375,2024.7933349609375,56210
2002-03-26,880.4877319335938,1966.942138671875,1979.3388671875,1950.4132080078125,1979.3388671875,22110
2002-03-27,843.4923706054688,1884.2974853515625,1971.0743408203125,1830.5784912109375,1966.942138671875,19910
2002-03-28,841.6426391601562,1880.165283203125,1884.2974853515625,1818.1817626953125,1818.1817626953125,20350
2002-03-29,824.99462890625,1842.9752197265625,1842.9752197265625,1776.8594970703125,1814.049560546875,31460
2002-04-01,821.2951049804688,1834.710693359375,1834.710693359375,1776.8594970703125,1814.049560546875,23760
2002-04-02,845.3421630859375,1888.4298095703125,1892.56201171875,1809.9173583984375,1814.049560546875,55000
2002-04-03,850.891357421875,1900.826416015625,1925.619873046875,1867.7685546875,1888.4298095703125,13860
2002-04-04,873.0884399414062,1950.4132080078125,1966.942138671875,1834.710693359375,1834.710693359375,45540
2002-04-05,854.5910034179688,1909.0909423828125,1954.54541015625,1909.0909423828125,1942.1488037109375,12980
2002-04-08,886.0367431640625,1979.3388671875,1987.603271484375,1942.1488037109375,1942.1488037109375,20020
2002-04-09,886.0367431640625,1979.3388671875,1987.603271484375,1975.2066650390625,1975.2066650390625,25850
2002-04-10,858.29052734375,1917.3553466796875,1983.4710693359375,1917.3553466796875,1917.3553466796875,7260
2002-04-11,839.7928466796875,1876.0330810546875,1884.2974853515625,1867.7685546875,1884.2974853515625,4290
2002-04-12,813.8961791992188,1818.1817626953125,1847.107421875,1818.1817626953125,1818.1817626953125,17600
2002-04-15,821.2951049804688,1834.710693359375,1884.2974853515625,1834.710693359375,1871.90087890625,4070
2002-04-16,821.2951049804688,1834.710693359375,1842.9752197265625,1818.1817626953125,1834.710693359375,10340
2002-04-17,832.3937377929688,1859.504150390625,1859.504150390625,1838.843017578125,1838.843017578125,4620
2002-04-18,850.891357421875,1900.826416015625,1917.3553466796875,1818.1817626953125,1842.9752197265625,64350
2002-04-19,836.0931396484375,1867.7685546875,1896.6942138671875,1863.6363525390625,1867.7685546875,18480
2002-04-22,839.7928466796875,1876.0330810546875,1896.6942138671875,1822.3140869140625,1867.7685546875,52250
2002-04-23,837.943115234375,1871.90087890625,1871.90087890625,1859.504150390625,1871.90087890625,13750
2002-04-24,843.4923706054688,1884.2974853515625,1884.2974853515625,1859.504150390625,1859.504150390625,26290
2002-04-25,836.0931396484375,1867.7685546875,1880.165283203125,1859.504150390625,1859.504150390625,19140
2002-04-26,839.7928466796875,1876.0330810546875,1933.88427734375,1859.504150390625,1859.504150390625,41360
2002-04-29,839.7928466796875,1876.0330810546875,1876.0330810546875,1876.0330810546875,1876.0330810546875,0
2002-04-30,865.689453125,1933.88427734375,1942.1488037109375,1933.88427734375,1933.88427734375,28600
2002-05-01,865.689453125,1933.88427734375,1942.1488037109375,1909.0909423828125,1917.3553466796875,10340
2002-05-02,880.4877319335938,1966.942138671875,1983.4710693359375,1958.677734375,1966.942138671875,15840
2002-05-03,880.4877319335938,1966.942138671875,1966.942138671875,1966.942138671875,1966.942138671875,0
2002-05-06,880.4877319335938,1966.942138671875,1966.942138671875,1966.942138671875,1966.942138671875,0
2002-05-07,865.689453125,1933.88427734375,1966.942138671875,1909.0909423828125,1909.0909423828125,13640
2002-05-08,865.689453125,1933.88427734375,1983.4710693359375,1925.619873046875,1933.88427734375,9240
2002-05-09,884.1870727539062,1975.2066650390625,1983.4710693359375,1942.1488037109375,1954.54541015625,19910
2002-05-10,898.9852294921875,2008.264404296875,2012.396728515625,1979.3388671875,1979.3388671875,50930
2002-05-13,906.38427734375,2024.7933349609375,2041.322265625,2008.264404296875,2008.264404296875,40700
2002-05-14,947.0789794921875,2115.702392578125,2148.76025390625,2066.11572265625,2066.11572265625,72710
2002-05-15,961.8772583007812,2148.76025390625,2223.140380859375,2123.967041015625,2157.02490234375,71500
2002-05-16,950.7786254882812,2123.967041015625,2144.628173828125,2107.43798828125,2115.702392578125,47740
2002-05-17,924.8821411132812,2066.11572265625,2148.76025390625,2066.11572265625,2090.9091796875,43670
2002-05-20,934.1307373046875,2086.77685546875,2140.495849609375,2074.380126953125,2074.380126953125,34870
2002-05-21,924.8821411132812,2066.11572265625,2090.9091796875,2057.851318359375,2070.248046875,72710
2002-05-22,956.327880859375,2136.363525390625,2140.495849609375,2107.43798828125,2107.43798828125,98670
2002-05-23,943.3796997070312,2107.43798828125,2128.09912109375,2090.9091796875,2107.43798828125,47850
2002-05-24,952.6284790039062,2128.09912109375,2132.2314453125,2107.43798828125,2107.43798828125,37180
2002-05-27,961.8772583007812,2148.76025390625,2157.02490234375,2099.173583984375,2107.43798828125,27610
2002-05-28,943.3796997070312,2107.43798828125,2140.495849609375,2107.43798828125,2132.2314453125,6820
2002-05-29,998.8723754882812,2231.405029296875,2231.405029296875,2148.76025390625,2148.76025390625,35970
2002-05-30,961.8772583007812,2148.76025390625,2161.156982421875,2107.43798828125,2115.702392578125,33990
2002-05-31,991.4734497070312,2214.8759765625,2231.405029296875,2144.628173828125,2152.892578125,16720
2002-06-03,939.6801147460938,2099.173583984375,2115.702392578125,2070.248046875,2115.702392578125,35750
2002-06-04,906.38427734375,2024.7933349609375,2095.041259765625,2024.7933349609375,2066.11572265625,22220
2002-06-05,910.083740234375,2033.057861328125,2066.11572265625,2024.7933349609375,2024.7933349609375,46530
2002-06-06,939.6801147460938,2099.173583984375,2099.173583984375,2057.851318359375,2057.851318359375,44330
2002-06-07,943.3796997070312,2107.43798828125,2144.628173828125,2099.173583984375,2099.173583984375,31240
2002-06-10,945.2293090820312,2111.5703125,2115.702392578125,2074.380126953125,2107.43798828125,8140
2002-06-11,945.2293090820312,2111.5703125,2123.967041015625,2107.43798828125,2111.5703125,19690
2002-06-12,956.327880859375,2136.363525390625,2157.02490234375,2107.43798828125,2107.43798828125,45540
2002-06-13,947.0789794921875,2115.702392578125,2128.09912109375,2086.77685546875,2123.967041015625,32340
2002-06-14,950.7786254882812,2123.967041015625,2123.967041015625,2107.43798828125,2111.5703125,39930
2002-06-17,947.0789794921875,2115.702392578125,2128.09912109375,2090.9091796875,2123.967041015625,25410
2002-06-18,924.8821411132812,2066.11572265625,2115.702392578125,2053.718994140625,2115.702392578125,14520
2002-06-19,917.4826049804688,2049.586669921875,2066.11572265625,2049.586669921875,2066.11572265625,37950
2002-06-20,887.8865966796875,1983.4710693359375,2016.5289306640625,1966.942138671875,2016.5289306640625,30910
2002-06-21,898.9852294921875,2008.264404296875,2008.264404296875,1942.1488037109375,1942.1488037109375,77660
2002-06-24,898.9852294921875,2008.264404296875,2041.322265625,1983.4710693359375,2041.322265625,58850
2002-06-25,887.8865966796875,1983.4710693359375,2012.396728515625,1958.677734375,1958.677734375,29370
2002-06-26,913.7833251953125,2041.322265625,2049.586669921875,2000.0,2049.586669921875,38830
2002-06-27,906.38427734375,2024.7933349609375,2028.9256591796875,2008.264404296875,2016.5289306640625,64130
2002-06-28,921.1824951171875,2057.851318359375,2066.11572265625,2024.7933349609375,2057.851318359375,49720
2002-07-01,921.1824951171875,2057.851318359375,2066.11572265625,2041.322265625,2045.45458984375,47300
2002-07-02,915.6333618164062,2045.45458984375,2057.851318359375,2016.5289306640625,2028.9256591796875,33880
2002-07-03,917.4826049804688,2049.586669921875,2061.9833984375,2028.9256591796875,2028.9256591796875,47410
2002-07-04,891.586181640625,1991.735595703125,2041.322265625,1979.3388671875,2041.322265625,49830
2002-07-05,886.0367431640625,1979.3388671875,1979.3388671875,1942.1488037109375,1979.3388671875,63140
2002-07-08,904.53466796875,2020.6611328125,2020.6611328125,1954.54541015625,1962.8099365234375,24200
2002-07-09,891.586181640625,1991.735595703125,2020.6611328125,1958.677734375,1958.677734375,13860
2002-07-10,906.38427734375,2024.7933349609375,2033.057861328125,1991.735595703125,1991.735595703125,7040
2002-07-11,887.8865966796875,1983.4710693359375,2024.7933349609375,1983.4710693359375,1983.4710693359375,5720
2002-07-12,906.38427734375,2024.7933349609375,2041.322265625,1983.4710693359375,1983.4710693359375,11110
2002-07-15,906.38427734375,2024.7933349609375,2049.586669921875,2016.5289306640625,2024.7933349609375,6710
2002-07-16,880.4877319335938,1966.942138671875,1995.8677978515625,1962.8099365234375,1991.735595703125,18920
2002-07-17,871.2388916015625,1946.281005859375,1971.0743408203125,1942.1488037109375,1946.281005859375,28820
2002-07-18,882.3372192382812,1971.0743408203125,1979.3388671875,1958.677734375,1958.677734375,22000
2002-07-19,904.53466796875,2020.6611328125,2024.7933349609375,1975.2066650390625,1975.2066650390625,12980
2002-07-22,891.586181640625,1991.735595703125,2004.1322021484375,1991.735595703125,1991.735595703125,46640
2002-07-23,878.6378784179688,1962.8099365234375,1983.4710693359375,1962.8099365234375,1971.0743408203125,37510
2002-07-24,880.4877319335938,1966.942138671875,2012.396728515625,1962.8099365234375,2012.396728515625,31460
2002-07-25,876.7881469726562,1958.677734375,1983.4710693359375,1958.677734375,1983.4710693359375,25410
2002-07-26,874.938232421875,1954.54541015625,1975.2066650390625,1913.22314453125,1975.2066650390625,33440
2002-07-29,861.9899291992188,1925.619873046875,1954.54541015625,1921.487548828125,1954.54541015625,16500
2002-07-30,871.2388916015625,1946.281005859375,1958.677734375,1942.1488037109375,1958.677734375,35640
2002-07-31,865.689453125,1933.88427734375,1966.942138671875,1933.88427734375,1958.677734375,44220
2002-08-01,861.9899291992188,1925.619873046875,1942.1488037109375,1909.0909423828125,1942.1488037109375,30910
2002-08-02,819.4453125,1830.5784912109375,1900.826416015625,1826.4462890625,1900.826416015625,44990
2002-08-05,773.2012939453125,1727.272705078125,1768.5950927734375,1644.6280517578125,1760.33056640625,100100
2002-08-06,776.90087890625,1735.5372314453125,1735.5372314453125,1665.289306640625,1665.289306640625,48950
2002-08-07,799.0978393554688,1785.1240234375,1797.5206298828125,1735.5372314453125,1756.1983642578125,59840
2002-08-08,821.2951049804688,1834.710693359375,1859.504150390625,1776.8594970703125,1785.1240234375,10340
2002-08-09,856.4404907226562,1913.22314453125,1917.3553466796875,1871.90087890625,1876.0330810546875,28490
2002-08-12,841.6426391601562,1880.165283203125,1900.826416015625,1867.7685546875,1900.826416015625,16940
2002-08-13,841.6426391601562,1880.165283203125,1900.826416015625,1859.504150390625,1900.826416015625,28820
2002-08-14,847.1915893554688,1892.56201171875,1904.958740234375,1880.165283203125,1880.165283203125,33110
2002-08-15,852.7411499023438,1904.958740234375,1921.487548828125,1896.6942138671875,1909.0909423828125,42790
2002-08-16,850.891357421875,1900.826416015625,1917.3553466796875,1888.4298095703125,1913.22314453125,87120
2002-08-19,845.3421630859375,1888.4298095703125,1904.958740234375,1884.2974853515625,1900.826416015625,33990
2002-08-20,854.5910034179688,1909.0909423828125,1909.0909423828125,1871.90087890625,1900.826416015625,58190
2002-08-21,887.8865966796875,1983.4710693359375,2045.45458984375,1962.8099365234375,2041.322265625,234190
2002-08-22,874.938232421875,1954.54541015625,1975.2066650390625,1954.54541015625,1962.8099365234375,70620
2002-08-23,874.938232421875,1954.54541015625,1954.54541015625,1954.54541015625,1954.54541015625,0
2002-08-26,843.4923706054688,1884.2974853515625,1900.826416015625,1884.2974853515625,1892.56201171875,58630
2002-08-27,874.938232421875,1954.54541015625,1966.942138671875,1917.3553466796875,1917.3553466796875,86900
2002-08-28,869.388916015625,1942.1488037109375,1946.281005859375,1921.487548828125,1942.1488037109375,52140
2002-08-29,886.0367431640625,1979.3388671875,1987.603271484375,1933.88427734375,1962.8099365234375,160710
2002-08-30,850.891357421875,1900.826416015625,1979.3388671875,1826.4462890625,1979.3388671875,729850
2002-09-02,854.5910034179688,1909.0909423828125,1966.942138671875,1842.9752197265625,1867.7685546875,217910
2002-09-03,832.3937377929688,1859.504150390625,1900.826416015625,1859.504150390625,1900.826416015625,32230
2002-09-04,843.4923706054688,1884.2974853515625,1884.2974853515625,1818.1817626953125,1855.3719482421875,57860
2002-09-05,813.8961791992188,1818.1817626953125,1884.2974853515625,1818.1817626953125,1884.2974853515625,60500
2002-09-06,787.9993896484375,1760.33056640625,1805.78515625,1727.272705078125,1785.1240234375,69520
2002-09-09,863.83984375,1929.7520751953125,1991.735595703125,1909.0909423828125,1991.735595703125,80850
2002-09-10,849.0416870117188,1896.6942138671875,1933.88427734375,1818.1817626953125,1921.487548828125,31570
2002-09-11,847.1915893554688,1892.56201171875,1938.0164794921875,1818.1817626953125,1818.1817626953125,38500
2002-09-12,832.3937377929688,1859.504150390625,1888.4298095703125,1826.4462890625,1826.4462890625,30360
2002-09-13,832.3937377929688,1859.504150390625,1863.6363525390625,1842.9752197265625,1842.9752197265625,63250
2002-09-16,832.3937377929688,1859.504150390625,1859.504150390625,1859.504150390625,1859.504150390625,0
2002-09-17,856.4404907226562,1913.22314453125,1917.3553466796875,1826.4462890625,1826.4462890625,60500
2002-09-18,850.891357421875,1900.826416015625,1913.22314453125,1867.7685546875,1900.826416015625,72270
2002-09-19,876.7881469726562,1958.677734375,1983.4710693359375,1929.7520751953125,1942.1488037109375,55000
2002-09-20,873.0884399414062,1950.4132080078125,1979.3388671875,1942.1488037109375,1942.1488037109375,39710
2002-09-23,873.0884399414062,1950.4132080078125,1950.4132080078125,1950.4132080078125,1950.4132080078125,0
2002-09-24,834.2435913085938,1863.6363525390625,1900.826416015625,1809.9173583984375,1900.826416015625,42790
2002-09-25,800.94775390625,1789.2562255859375,1925.619873046875,1785.1240234375,1900.826416015625,30030
2002-09-26,787.9993896484375,1760.33056640625,1814.049560546875,1752.066162109375,1814.049560546875,66550
2002-09-27,823.1449584960938,1838.843017578125,1847.107421875,1814.049560546875,1826.4462890625,31900
2002-09-30,806.4969482421875,1801.65283203125,1842.9752197265625,1801.65283203125,1805.78515625,15950
2002-10-01,765.80224609375,1710.7437744140625,1735.5372314453125,1698.34716796875,1735.5372314453125,55440
2002-10-02,776.90087890625,1735.5372314453125,1760.33056640625,1719.00830078125,1727.272705078125,41800
2002-10-03,776.90087890625,1735.5372314453125,1747.933837890625,1719.00830078125,1739.66943359375,47520
2002-10-04,769.501953125,1719.00830078125,1735.5372314453125,1657.0247802734375,1710.7437744140625,90750
2002-10-07,726.957275390625,1623.9669189453125,1669.4215087890625,1619.834716796875,1652.892578125,49720
2002-10-08,708.4595947265625,1582.6446533203125,1629.7520751953125,1528.9256591796875,1624.7933349609375,46310
2002-10-09,667.7648315429688,1491.735595703125,1570.2479248046875,1479.3388671875,1570.2479248046875,81400
2002-10-10,665.5451049804688,1486.77685546875,1492.56201171875,1447.107421875,1492.56201171875,43340
2002-10-11,646.6774291992188,1444.6280517578125,1466.11572265625,1442.1488037109375,1461.9835205078125,46420
2002-10-14,646.6774291992188,1444.6280517578125,1444.6280517578125,1444.6280517578125,1444.6280517578125,0
2002-10-15,668.1345825195312,1492.56201171875,1494.21484375,1446.281005859375,1446.281005859375,65450
2002-10-16,717.7080688476562,1603.3057861328125,1616.5289306640625,1578.512451171875,1616.5289306640625,20130
2002-10-17,730.6566772460938,1632.2314453125,1694.21484375,1611.5701904296875,1636.3636474609375,17820
2002-10-18,704.7600708007812,1574.380126953125,1661.156982421875,1574.380126953125,1636.3636474609375,25190
2002-10-21,672.944091796875,1503.3057861328125,1594.21484375,1484.2974853515625,1575.2066650390625,31460
2002-10-22,698.4708251953125,1560.33056640625,1623.9669189453125,1527.272705078125,1611.5701904296875,20240
2002-10-23,709.5695190429688,1585.1240234375,1585.950439453125,1538.0164794921875,1545.45458984375,28380
2002-10-24,732.8765869140625,1637.1900634765625,1640.495849609375,1609.9173583984375,1636.3636474609375,56100
2002-10-25,732.5066528320312,1636.3636474609375,1665.289306640625,1628.09912109375,1638.0164794921875,23540
2002-10-28,732.5066528320312,1636.3636474609375,1636.3636474609375,1585.1240234375,1636.3636474609375,19030
2002-10-29,699.2107543945312,1561.9835205078125,1590.0826416015625,1561.156982421875,1585.950439453125,13420
2002-10-30,808.3468627929688,1805.78515625,1809.9173583984375,1669.4215087890625,1669.4215087890625,111760
2002-10-31,769.501953125,1719.00830078125,1805.78515625,1719.00830078125,1805.78515625,32780
2002-11-01,728.8070068359375,1628.09912109375,1685.950439453125,1590.9090576171875,1685.950439453125,37510
2002-11-04,728.8070068359375,1628.09912109375,1628.09912109375,1628.09912109375,1628.09912109375,0
2002-11-05,728.8070068359375,1628.09912109375,1640.495849609375,1598.34716796875,1627.272705078125,155210
2002-11-06,773.2012939453125,1727.272705078125,1752.066162109375,1677.6859130859375,1710.7437744140625,90970
2002-11-07,791.6990356445312,1768.5950927734375,1772.727294921875,1723.1405029296875,1727.272705078125,58300
2002-11-08,804.6473388671875,1797.5206298828125,1818.1817626953125,1768.5950927734375,1768.5950927734375,81950
2002-11-11,795.3984375,1776.8594970703125,1780.99169921875,1747.933837890625,1776.8594970703125,40260
2002-11-12,819.4453125,1830.5784912109375,1847.107421875,1768.5950927734375,1768.5950927734375,57860
2002-11-13,836.0931396484375,1867.7685546875,1884.2974853515625,1830.5784912109375,1830.5784912109375,54890
2002-11-14,852.7411499023438,1904.958740234375,1925.619873046875,1871.90087890625,1871.90087890625,136180
2002-11-15,884.1870727539062,1975.2066650390625,1975.2066650390625,1925.619873046875,1925.619873046875,77110
2002-11-18,849.0416870117188,1896.6942138671875,1987.603271484375,1834.710693359375,1975.2066650390625,81400
2002-11-19,832.3937377929688,1859.504150390625,1909.0909423828125,1859.504150390625,1892.56201171875,30800
2002-11-20,847.1915893554688,1892.56201171875,1913.22314453125,1859.504150390625,1900.826416015625,61270
2002-11-21,836.0931396484375,1867.7685546875,1900.826416015625,1842.9752197265625,1900.826416015625,53900
2002-11-22,850.891357421875,1900.826416015625,1909.0909423828125,1888.4298095703125,1900.826416015625,67430
2002-11-25,843.4923706054688,1884.2974853515625,1900.826416015625,1863.6363525390625,1900.826416015625,17600
2002-11-26,830.5440673828125,1855.3719482421875,1892.56201171875,1789.2562255859375,1892.56201171875,63800
2002-11-27,832.3937377929688,1859.504150390625,1863.6363525390625,1822.3140869140625,1822.3140869140625,27830
2002-11-28,884.1870727539062,1975.2066650390625,1975.2066650390625,1900.826416015625,1900.826416015625,72600
2002-11-29,871.2388916015625,1946.281005859375,1979.3388671875,1946.281005859375,1975.2066650390625,51040
2002-12-02,871.2388916015625,1946.281005859375,1946.281005859375,1946.281005859375,1946.281005859375,0
2002-12-03,876.7881469726562,1958.677734375,1958.677734375,1834.710693359375,1834.710693359375,15840
2002-12-04,891.586181640625,1991.735595703125,2049.586669921875,1900.826416015625,1958.677734375,66330
2002-12-05,871.2388916015625,1946.281005859375,1979.3388671875,1909.0909423828125,1979.3388671875,64570
2002-12-06,861.9899291992188,1925.619873046875,1925.619873046875,1900.826416015625,1900.826416015625,31570
2002-12-09,837.943115234375,1871.90087890625,1925.619873046875,1842.9752197265625,1900.826416015625,40480
2002-12-10,869.388916015625,1942.1488037109375,1966.942138671875,1876.0330810546875,1900.826416015625,42130
2002-12-11,880.4877319335938,1966.942138671875,1966.942138671875,1946.281005859375,1946.281005859375,39930
2002-12-12,854.5910034179688,1909.0909423828125,1962.8099365234375,1900.826416015625,1900.826416015625,50600
2002-12-13,808.3468627929688,1805.78515625,1946.281005859375,1797.5206298828125,1942.1488037109375,109560
2002-12-16,806.4969482421875,1801.65283203125,1809.9173583984375,1735.5372314453125,1809.9173583984375,31020
2002-12-17,784.2998657226562,1752.066162109375,1793.388427734375,1735.5372314453125,1735.5372314453125,55660
2002-12-18,736.94580078125,1646.281005859375,1710.7437744140625,1642.1488037109375,1661.156982421875,112640
2002-12-19,812.046142578125,1814.049560546875,1818.1817626953125,1673.5537109375,1706.611572265625,73150
2002-12-20,799.0978393554688,1785.1240234375,1818.1817626953125,1739.66943359375,1818.1817626953125,54230
2002-12-23,799.0978393554688,1785.1240234375,1785.1240234375,1785.1240234375,1785.1240234375,0
2002-12-24,812.046142578125,1814.049560546875,1830.5784912109375,1636.3636474609375,1652.892578125,109780
2002-12-25,776.90087890625,1735.5372314453125,1764.4627685546875,1685.950439453125,1747.933837890625,30250
2002-12-26,813.8961791992188,1818.1817626953125,1842.9752197265625,1780.99169921875,1801.65283203125,19360
2002-12-27,808.3468627929688,1805.78515625,1822.3140869140625,1785.1240234375,1822.3140869140625,43560
2002-12-30,819.4453125,1830.5784912109375,1900.826416015625,1793.388427734375,1793.388427734375,23540
2002-12-31,819.4453125,1830.5784912109375,1830.5784912109375,1830.5784912109375,1830.5784912109375,0
2003-01-01,819.4453125,1830.5784912109375,1830.5784912109375,1830.5784912109375,1830.5784912109375,0
2003-01-02,819.4453125,1830.5784912109375,1830.5784912109375,1830.5784912109375,1830.5784912109375,0
2003-01-03,819.4453125,1830.5784912109375,1830.5784912109375,1830.5784912109375,1830.5784912109375,0
2003-01-06,832.3937377929688,1859.504150390625,1876.0330810546875,1818.1817626953125,1818.1817626953125,11550
2003-01-07,834.2435913085938,1863.6363525390625,1900.826416015625,1863.6363525390625,1900.826416015625,60940
2003-01-08,834.2435913085938,1863.6363525390625,1888.4298095703125,1851.2396240234375,1888.4298095703125,64240
2003-01-09,837.943115234375,1871.90087890625,1888.4298095703125,1863.6363525390625,1876.0330810546875,29810
2003-01-10,839.7928466796875,1876.0330810546875,1904.958740234375,1863.6363525390625,1904.958740234375,62370
2003-01-13,839.7928466796875,1876.0330810546875,1876.0330810546875,1876.0330810546875,1876.0330810546875,0
2003-01-14,828.694091796875,1851.2396240234375,1876.0330810546875,1842.9752197265625,1842.9752197265625,41690
2003-01-15,826.8446044921875,1847.107421875,1884.2974853515625,1847.107421875,1884.2974853515625,28600
2003-01-16,821.2951049804688,1834.710693359375,1888.4298095703125,1830.5784912109375,1888.4298095703125,34760
2003-01-17,804.6473388671875,1797.5206298828125,1834.710693359375,1797.5206298828125,1834.710693359375,22110
2003-01-20,813.8961791992188,1818.1817626953125,1822.3140869140625,1789.2562255859375,1818.1817626953125,49720
2003-01-21,784.2998657226562,1752.066162109375,1818.1817626953125,1743.8016357421875,1818.1817626953125,39490
2003-01-22,784.2998657226562,1752.066162109375,1801.65283203125,1747.933837890625,1764.4627685546875,54010
2003-01-23,812.046142578125,1814.049560546875,1818.1817626953125,1780.99169921875,1805.78515625,21340
2003-01-24,828.694091796875,1851.2396240234375,1880.165283203125,1818.1817626953125,1818.1817626953125,38500
2003-01-27,819.4453125,1830.5784912109375,1867.7685546875,1805.78515625,1855.3719482421875,65340
2003-01-28,799.0978393554688,1785.1240234375,1818.1817626953125,1760.33056640625,1809.9173583984375,61930
2003-01-29,786.149658203125,1756.1983642578125,1789.2562255859375,1752.066162109375,1785.1240234375,18590
2003-01-30,789.84912109375,1764.4627685546875,1793.388427734375,1764.4627685546875,1764.4627685546875,30580
2003-01-31,791.6990356445312,1768.5950927734375,1826.4462890625,1768.5950927734375,1826.4462890625,75350
2003-02-03,810.1966552734375,1809.9173583984375,1822.3140869140625,1797.5206298828125,1801.65283203125,80410
2003-02-04,812.046142578125,1814.049560546875,1838.843017578125,1809.9173583984375,1818.1817626953125,65890
2003-02-05,795.3984375,1776.8594970703125,1871.90087890625,1764.4627685546875,1818.1817626953125,119790
2003-02-06,847.1915893554688,1892.56201171875,1892.56201171875,1818.1817626953125,1818.1817626953125,142120
2003-02-07,891.586181640625,1991.735595703125,2078.512451171875,1983.4710693359375,1991.735595703125,246070
2003-02-10,930.4313354492188,2078.512451171875,2123.967041015625,2061.9833984375,2107.43798828125,77770
2003-02-11,930.4313354492188,2078.512451171875,2078.512451171875,2078.512451171875,2078.512451171875,0
2003-02-12,897.1354370117188,2004.1322021484375,2045.45458984375,1954.54541015625,2012.396728515625,73370
2003-02-13,898.9852294921875,2008.264404296875,2061.9833984375,1971.0743408203125,1971.0743408203125,21450
2003-02-14,906.38427734375,2024.7933349609375,2041.322265625,1909.0909423828125,1909.0909423828125,60060
2003-02-17,910.083740234375,2033.057861328125,2041.322265625,2004.1322021484375,2024.7933349609375,20680
2003-02-18,910.083740234375,2033.057861328125,2041.322265625,2000.0,2037.1900634765625,51590
2003-02-19,923.0322265625,2061.9833984375,2061.9833984375,2000.0,2037.1900634765625,23540
2003-02-20,893.435791015625,1995.8677978515625,2061.9833984375,1995.8677978515625,2061.9833984375,29810
2003-02-21,910.083740234375,2033.057861328125,2041.322265625,1983.4710693359375,2028.9256591796875,97020
2003-02-24,895.2857055664062,2000.0,2057.851318359375,2000.0,2049.586669921875,38940
2003-02-25,908.234130859375,2028.9256591796875,2041.322265625,2000.0,2000.0,88550
2003-02-26,902.684814453125,2016.5289306640625,2033.057861328125,1983.4710693359375,2028.9256591796875,36740
2003-02-27,887.8865966796875,1983.4710693359375,2016.5289306640625,1962.8099365234375,2016.5289306640625,47740
2003-02-28,876.7881469726562,1958.677734375,1991.735595703125,1954.54541015625,1971.0743408203125,37950
2003-03-03,860.1400756835938,1921.487548828125,1954.54541015625,1904.958740234375,1913.22314453125,53020
2003-03-04,873.0884399414062,1950.4132080078125,1991.735595703125,1925.619873046875,1929.7520751953125,146960
2003-03-05,878.6378784179688,1962.8099365234375,1987.603271484375,1958.677734375,1983.4710693359375,96910
2003-03-06,887.8865966796875,1983.4710693359375,2024.7933349609375,1958.677734375,1983.4710693359375,68750
2003-03-07,898.9852294921875,2008.264404296875,2024.7933349609375,1971.0743408203125,1979.3388671875,118140
2003-03-10,900.8350219726562,2012.396728515625,2020.6611328125,2004.1322021484375,2008.264404296875,79860
2003-03-11,854.5910034179688,1909.0909423828125,1983.4710693359375,1909.0909423828125,1979.3388671875,27060
2003-03-12,876.7881469726562,1958.677734375,1975.2066650390625,1938.0164794921875,1975.2066650390625,30910
2003-03-13,911.9335327148438,2037.1900634765625,2074.380126953125,2020.6611328125,2024.7933349609375,50930
2003-03-14,889.7365112304688,1987.603271484375,2041.322265625,1979.3388671875,2041.322265625,99000
2003-03-17,856.4404907226562,1913.22314453125,1983.4710693359375,1909.0909423828125,1962.8099365234375,41910
2003-03-18,882.3372192382812,1971.0743408203125,2000.0,1938.0164794921875,1966.942138671875,46860
2003-03-19,884.1870727539062,1975.2066650390625,1983.4710693359375,1942.1488037109375,1966.942138671875,106040
2003-03-20,886.0367431640625,1979.3388671875,1995.8677978515625,1950.4132080078125,1979.3388671875,133430
2003-03-21,886.0367431640625,1979.3388671875,1979.3388671875,1979.3388671875,1979.3388671875,0
2003-03-24,891.586181640625,1991.735595703125,2041.322265625,1958.677734375,2012.396728515625,60170
2003-03-25,887.8865966796875,1983.4710693359375,1983.4710693359375,1958.677734375,1983.4710693359375,54230
2003-03-26,818.8284301757812,1809.9173583984375,1900.826416015625,1801.65283203125,1822.3140869140625,41360
2003-03-27,859.956787109375,1900.826416015625,1925.619873046875,1818.1817626953125,1818.1817626953125,28160
2003-03-28,861.8262939453125,1904.958740234375,1925.619873046875,1888.4298095703125,1909.0909423828125,45210
2003-03-31,833.7841796875,1842.9752197265625,1925.619873046875,1842.9752197265625,1904.958740234375,39600
2003-04-01,815.0894165039062,1801.65283203125,1818.1817626953125,1776.8594970703125,1793.388427734375,54450
2003-04-02,818.8284301757812,1809.9173583984375,1838.843017578125,1785.1240234375,1801.65283203125,49940
2003-04-03,822.5673828125,1818.1817626953125,1867.7685546875,1785.1240234375,1867.7685546875,49390
2003-04-04,811.3504638671875,1793.388427734375,1826.4462890625,1780.99169921875,1826.4462890625,77660
2003-04-07,841.2620239257812,1859.504150390625,1876.0330810546875,1805.78515625,1814.049560546875,69520
2003-04-08,816.9588623046875,1805.78515625,1855.3719482421875,1797.5206298828125,1855.3719482421875,28270
2003-04-09,820.69775390625,1814.049560546875,1859.504150390625,1797.5206298828125,1805.78515625,47520
2003-04-10,852.47900390625,1884.2974853515625,1884.2974853515625,1797.5206298828125,1814.049560546875,69630
2003-04-11,871.1736450195312,1925.619873046875,1925.619873046875,1834.710693359375,1884.2974853515625,173910
2003-04-14,897.34619140625,1983.4710693359375,1991.735595703125,1946.281005859375,1991.735595703125,254870
2003-04-15,895.4769287109375,1979.3388671875,1991.735595703125,1925.619873046875,1983.4710693359375,110880
2003-04-16,927.2576293945312,2049.586669921875,2049.586669921875,1979.3388671875,1983.4710693359375,137940
2003-04-17,921.6492309570312,2037.1900634765625,2066.11572265625,2008.264404296875,2049.586669921875,113080
2003-04-18,919.7797241210938,2033.057861328125,2066.11572265625,2004.1322021484375,2037.1900634765625,26070
2003-04-21,912.3019409179688,2016.5289306640625,2045.45458984375,1991.735595703125,2033.057861328125,28490
2003-04-22,910.4326171875,2012.396728515625,2024.7933349609375,1995.8677978515625,2004.1322021484375,43230
2003-04-23,910.4326171875,2012.396728515625,2024.7933349609375,1979.3388671875,1979.3388671875,89100
2003-04-24,934.7355346679688,2066.11572265625,2095.041259765625,2012.396728515625,2012.396728515625,100760
2003-04-25,990.8198852539062,2190.082763671875,2239.66943359375,2148.76025390625,2148.76025390625,251460
2003-04-28,972.125,2148.76025390625,2214.8759765625,2148.76025390625,2157.02490234375,140910
2003-04-29,972.125,2148.76025390625,2148.76025390625,2148.76025390625,2148.76025390625,0
2003-04-30,1033.817626953125,2285.1240234375,2285.1240234375,2148.76025390625,2181.818115234375,74250
2003-05-01,994.55908203125,2198.34716796875,2214.8759765625,2165.289306640625,2190.082763671875,209440
2003-05-02,1009.514404296875,2231.405029296875,2280.99169921875,2219.00830078125,2231.405029296875,317790
2003-05-05,1009.514404296875,2231.405029296875,2231.405029296875,2231.405029296875,2231.405029296875,0
2003-05-06,1084.2930908203125,2396.6943359375,2454.54541015625,2247.933837890625,2247.933837890625,82390
2003-05-07,1002.0364990234375,2214.8759765625,2264.462890625,2181.818115234375,2231.405029296875,233640
2003-05-08,990.8198852539062,2190.082763671875,2223.140380859375,2165.289306640625,2190.082763671875,234300
2003-05-09,1031.947998046875,2280.99169921875,2280.99169921875,2210.743896484375,2214.8759765625,83050
2003-05-12,1026.3397216796875,2268.594970703125,2289.256103515625,2260.33056640625,2285.1240234375,42790
2003-05-13,1013.2533569335938,2239.66943359375,2272.727294921875,2214.8759765625,2272.727294921875,40810
2003-05-14,1022.6007690429688,2260.33056640625,2272.727294921875,2231.405029296875,2231.405029296875,45540
2003-05-15,994.55908203125,2198.34716796875,2247.933837890625,2190.082763671875,2239.66943359375,69740
2003-05-16,1020.7311401367188,2256.1982421875,2256.1982421875,2177.68603515625,2202.479248046875,54230
2003-05-19,1009.514404296875,2231.405029296875,2252.066162109375,2173.5537109375,2190.082763671875,59950
2003-05-20,1000.1666870117188,2210.743896484375,2223.140380859375,2177.68603515625,2190.082763671875,79860
2003-05-21,981.4722900390625,2169.42138671875,2194.21484375,2161.156982421875,2177.68603515625,100870
2003-05-22,964.6469116210938,2132.2314453125,2148.76025390625,2066.11572265625,2148.76025390625,136840
2003-05-23,953.4302368164062,2107.43798828125,2136.363525390625,2078.512451171875,2107.43798828125,97570
2003-05-26,953.4302368164062,2107.43798828125,2165.289306640625,2107.43798828125,2140.495849609375,120670
2003-05-27,923.518798828125,2041.322265625,2123.967041015625,2041.322265625,2115.702392578125,96800
2003-05-28,938.4745483398438,2074.380126953125,2103.3056640625,2053.718994140625,2053.718994140625,63910
2003-05-29,970.255615234375,2144.628173828125,2169.42138671875,2115.702392578125,2148.76025390625,139920
2003-05-30,1011.384033203125,2235.537109375,2256.1982421875,2185.950439453125,2219.00830078125,191400
2003-06-02,1005.7754516601562,2223.140380859375,2256.1982421875,2214.8759765625,2231.405029296875,62920
2003-06-03,1015.1229858398438,2243.8017578125,2256.1982421875,2190.082763671875,2231.405029296875,61930
2003-06-04,998.2975463867188,2206.611572265625,2243.8017578125,2206.611572265625,2243.8017578125,31130
2003-06-05,1009.514404296875,2231.405029296875,2252.066162109375,2198.34716796875,2198.34716796875,60500
2003-06-06,1005.7754516601562,2223.140380859375,2231.405029296875,2181.818115234375,2231.405029296875,63580
2003-06-09,992.6892700195312,2194.21484375,2239.66943359375,2190.082763671875,2231.405029296875,57090
2003-06-10,972.125,2148.76025390625,2194.21484375,2144.628173828125,2161.156982421875,31900
2003-06-11,960.9083251953125,2123.967041015625,2190.082763671875,2066.11572265625,2123.967041015625,165440
2003-06-12,975.864013671875,2157.02490234375,2223.140380859375,2157.02490234375,2223.140380859375,139150
2003-06-13,987.0808715820312,2181.818115234375,2202.479248046875,2169.42138671875,2181.818115234375,111100
2003-06-16,979.60302734375,2165.289306640625,2223.140380859375,2119.834716796875,2223.140380859375,68420
2003-06-17,983.341796875,2173.5537109375,2202.479248046875,2148.76025390625,2148.76025390625,103620
2003-06-18,955.299560546875,2111.5703125,2161.156982421875,2090.9091796875,2140.495849609375,165220
2003-06-19,964.6469116210938,2132.2314453125,2140.495849609375,2119.834716796875,2119.834716796875,91630
2003-06-20,966.5164184570312,2136.363525390625,2140.495849609375,2111.5703125,2128.09912109375,39380
2003-06-23,957.1690063476562,2115.702392578125,2152.892578125,2095.041259765625,2148.76025390625,204050
2003-06-24,970.255615234375,2144.628173828125,2161.156982421875,2132.2314453125,2136.363525390625,84260
2003-06-25,998.2975463867188,2206.611572265625,2231.405029296875,2181.818115234375,2190.082763671875,107800
2003-06-26,1000.1666870117188,2210.743896484375,2219.00830078125,2157.02490234375,2173.5537109375,119240
2003-06-27,1028.20947265625,2272.727294921875,2276.859619140625,2214.8759765625,2219.00830078125,123970
2003-06-30,1076.815673828125,2380.165283203125,2438.0166015625,2285.1240234375,2289.256103515625,265980
2003-07-01,1108.596435546875,2450.413330078125,2487.603271484375,2342.97509765625,2347.107421875,134750
2003-07-02,1102.988037109375,2438.0166015625,2462.809814453125,2380.165283203125,2417.35546875,120780
2003-07-03,1106.7271728515625,2446.281005859375,2537.190185546875,2396.6943359375,2396.6943359375,250140
2003-07-04,1084.2930908203125,2396.6943359375,2438.0166015625,2347.107421875,2347.107421875,65670
2003-07-07,1065.5986328125,2355.371826171875,2425.619873046875,2355.371826171875,2363.636474609375,65560
2003-07-08,1129.160888671875,2495.86767578125,2537.190185546875,2392.56201171875,2421.487548828125,147290
2003-07-09,1132.8995361328125,2504.13232421875,2528.925537109375,2454.54541015625,2454.54541015625,116270
2003-07-10,1116.0743408203125,2466.942138671875,2561.9833984375,2421.487548828125,2421.487548828125,74690
2003-07-11,1067.468017578125,2359.504150390625,2433.88427734375,2322.31396484375,2400.826416015625,70730
2003-07-14,1093.640869140625,2417.35546875,2425.619873046875,2392.56201171875,2392.56201171875,39710
2003-07-15,1061.8597412109375,2347.107421875,2392.56201171875,2342.97509765625,2384.297607421875,126280
2003-07-16,1192.7225341796875,2636.363525390625,2677.68603515625,2396.6943359375,2396.6943359375,319880
2003-07-17,1177.7669677734375,2603.3056640625,2603.3056640625,2479.3388671875,2553.718994140625,211090
2003-07-18,1200.20068359375,2652.892578125,2752.066162109375,2512.396728515625,2520.6611328125,302610
2003-07-21,1200.20068359375,2652.892578125,2652.892578125,2652.892578125,2652.892578125,0
2003-07-22,1159.0721435546875,2561.9833984375,2628.09912109375,2545.45458984375,2561.9833984375,235180
2003-07-23,1226.373291015625,2710.743896484375,2719.00830078125,2595.041259765625,2603.3056640625,222640
2003-07-24,1230.11181640625,2719.00830078125,2752.066162109375,2603.3056640625,2644.628173828125,250690
2003-07-25,1215.1563720703125,2685.950439453125,2743.8017578125,2628.09912109375,2636.363525390625,189750
2003-07-28,1226.373291015625,2710.743896484375,2727.272705078125,2669.42138671875,2727.272705078125,91630
2003-07-29,1293.6741943359375,2859.504150390625,2892.56201171875,2669.42138671875,2727.272705078125,160380
2003-07-30,1267.5013427734375,2801.65283203125,2851.23974609375,2768.594970703125,2834.710693359375,94160
2003-07-31,1301.152099609375,2876.032958984375,2917.35546875,2727.272705078125,2727.272705078125,157960
2003-08-01,1304.89111328125,2884.297607421875,2942.148681640625,2867.7685546875,2892.56201171875,186670
2003-08-04,1297.4132080078125,2867.7685546875,2925.619873046875,2809.917236328125,2842.97509765625,131560
2003-08-05,1274.979736328125,2818.181884765625,2851.23974609375,2809.917236328125,2826.4462890625,133210
2003-08-06,1237.589599609375,2735.537109375,2818.181884765625,2644.628173828125,2652.892578125,119900
2003-08-07,1245.0677490234375,2752.066162109375,2785.1240234375,2727.272705078125,2735.537109375,70510
2003-08-08,1230.11181640625,2719.00830078125,2760.33056640625,2677.68603515625,2752.066162109375,45760
2003-08-11,1267.5013427734375,2801.65283203125,2826.4462890625,2768.594970703125,2785.1240234375,79640
2003-08-12,1289.9351806640625,2851.23974609375,2892.56201171875,2776.859619140625,2801.65283203125,122870
2003-08-13,1274.979736328125,2818.181884765625,2892.56201171875,2801.65283203125,2892.56201171875,78650
2003-08-14,1267.5013427734375,2801.65283203125,2842.97509765625,2743.8017578125,2768.594970703125,52910
2003-08-15,1334.802490234375,2950.413330078125,3000.0,2884.297607421875,2884.297607421875,154660
2003-08-18,1357.2359619140625,3000.0,3016.52880859375,2933.88427734375,2950.413330078125,60500
2003-08-19,1402.1033935546875,3099.173583984375,3206.611572265625,3057.851318359375,3206.611572265625,75020
2003-08-20,1458.1876220703125,3223.140380859375,3256.1982421875,3016.52880859375,3016.52880859375,91300
2003-08-21,1562.8778076171875,3454.54541015625,3553.718994140625,3165.289306640625,3181.818115234375,183040
2003-08-22,1503.0546875,3322.31396484375,3429.751953125,3239.66943359375,3429.751953125,131230
2003-08-25,1514.271728515625,3347.107421875,3396.6943359375,3223.140380859375,3239.66943359375,67540
2003-08-26,1484.35986328125,3280.99169921875,3297.520751953125,3256.1982421875,3264.462890625,84810
2003-08-27,1432.0150146484375,3165.289306640625,3305.78515625,3165.289306640625,3239.66943359375,101200
2003-08-28,1390.8865966796875,3074.380126953125,3181.818115234375,3024.79345703125,3041.322265625,104610
2003-08-29,1458.1876220703125,3223.140380859375,3322.31396484375,3123.967041015625,3123.967041015625,134420
2003-09-01,1529.2276611328125,3380.165283203125,3388.4296875,3206.611572265625,3247.933837890625,128480
2003-09-02,1480.6214599609375,3272.727294921875,3371.90087890625,3256.1982421875,3371.90087890625,91630
2003-09-03,1461.9268798828125,3231.405029296875,3305.78515625,3165.289306640625,3297.520751953125,77990
2003-09-04,1443.2315673828125,3190.082763671875,3272.727294921875,3181.818115234375,3181.818115234375,65340
2003-09-05,1402.1033935546875,3099.173583984375,3181.818115234375,3082.64453125,3157.02490234375,60940
2003-09-08,1372.1922607421875,3033.057861328125,3107.43798828125,3016.52880859375,3066.11572265625,80410
2003-09-09,1405.8424072265625,3107.43798828125,3223.140380859375,3107.43798828125,3140.495849609375,137170
2003-09-10,1402.1033935546875,3099.173583984375,3173.5537109375,3099.173583984375,3173.5537109375,90200
2003-09-11,1379.669677734375,3049.586669921875,3099.173583984375,3049.586669921875,3090.9091796875,108240
2003-09-12,1432.0150146484375,3165.289306640625,3181.818115234375,3016.52880859375,3090.9091796875,166980
2003-09-15,1432.0150146484375,3165.289306640625,3165.289306640625,3165.289306640625,3165.289306640625,0
2003-09-16,1394.6253662109375,3082.64453125,3157.02490234375,3033.057861328125,3082.64453125,151910
2003-09-17,1364.713623046875,3016.52880859375,3140.495849609375,2966.942138671875,3099.173583984375,158950
2003-09-18,1338.54150390625,2958.677734375,3074.380126953125,2933.88427734375,3057.851318359375,181170
2003-09-19,1383.40869140625,3057.851318359375,3107.43798828125,3016.52880859375,3024.79345703125,116820
2003-09-22,1297.4132080078125,2867.7685546875,2942.148681640625,2785.1240234375,2933.88427734375,178750
2003-09-23,1297.4132080078125,2867.7685546875,2867.7685546875,2867.7685546875,2867.7685546875,0
2003-09-24,1289.9351806640625,2851.23974609375,2925.619873046875,2809.917236328125,2892.56201171875,127820
2003-09-25,1230.11181640625,2719.00830078125,2768.594970703125,2677.68603515625,2727.272705078125,173360
2003-09-26,1346.0194091796875,2975.20654296875,2975.20654296875,2694.21484375,2719.00830078125,156860
2003-09-29,1357.2359619140625,3000.0,3090.9091796875,2900.826416015625,3090.9091796875,103400
2003-09-30,1420.798095703125,3140.495849609375,3190.082763671875,3049.586669921875,3057.851318359375,190190
2003-10-01,1450.709716796875,3206.611572265625,3272.727294921875,3140.495849609375,3206.611572265625,253770
2003-10-02,1443.2315673828125,3190.082763671875,3289.256103515625,3140.495849609375,3289.256103515625,86680
2003-10-03,1435.7540283203125,3173.5537109375,3231.405029296875,3107.43798828125,3107.43798828125,140140
2003-10-06,1458.1876220703125,3223.140380859375,3247.933837890625,3165.289306640625,3173.5537109375,163130
2003-10-07,1476.88232421875,3264.462890625,3280.99169921875,3173.5537109375,3223.140380859375,130240
2003-10-08,1469.404296875,3247.933837890625,3297.520751953125,3206.611572265625,3223.140380859375,120230
2003-10-09,1454.448486328125,3214.8759765625,3223.140380859375,3165.289306640625,3206.611572265625,54120
2003-10-10,1446.9708251953125,3198.34716796875,3231.405029296875,3190.082763671875,3223.140380859375,56540
2003-10-13,1446.9708251953125,3198.34716796875,3198.34716796875,3198.34716796875,3198.34716796875,0
2003-10-14,1458.1876220703125,3223.140380859375,3239.66943359375,3190.082763671875,3223.140380859375,232650
2003-10-15,1454.448486328125,3214.8759765625,3264.462890625,3148.76025390625,3239.66943359375,99330
2003-10-16,1465.6654052734375,3239.66943359375,3264.462890625,3214.8759765625,3223.140380859375,100650
2003-10-17,1521.7496337890625,3363.636474609375,3553.718994140625,3264.462890625,3272.727294921875,190300
2003-10-20,1596.528564453125,3528.925537109375,3669.42138671875,3413.22314453125,3487.603271484375,202620
2003-10-21,1562.8778076171875,3454.54541015625,3628.09912109375,3396.6943359375,3570.248046875,231220
2003-10-22,1604.0068359375,3545.45458984375,3619.834716796875,3471.074462890625,3471.074462890625,149820
2003-10-23,1488.09912109375,3289.256103515625,3454.54541015625,3247.933837890625,3421.487548828125,139590
2003-10-24,1518.01025390625,3355.371826171875,3454.54541015625,3305.78515625,3305.78515625,96360
2003-10-27,1562.8778076171875,3454.54541015625,3504.13232421875,3396.6943359375,3462.809814453125,247280
2003-10-28,1574.0948486328125,3479.3388671875,3553.718994140625,3479.3388671875,3495.86767578125,179740
2003-10-29,1731.1300048828125,3826.4462890625,3892.56201171875,3611.5703125,3619.834716796875,336710
2003-10-30,1719.91357421875,3801.65283203125,4000.0,3685.950439453125,3801.65283203125,261800
2003-10-31,1641.3955078125,3628.09912109375,3801.65283203125,3628.09912109375,3719.00830078125,167750
2003-11-03,1641.3955078125,3628.09912109375,3628.09912109375,3628.09912109375,3628.09912109375,0
2003-11-04,1682.5240478515625,3719.00830078125,3842.97509765625,3677.68603515625,3834.710693359375,382910
2003-11-05,1675.046142578125,3702.479248046875,3752.066162109375,3652.892578125,3652.892578125,94490
2003-11-06,1630.1788330078125,3603.3056640625,3677.68603515625,3553.718994140625,3661.156982421875,166760
2003-11-07,1607.745361328125,3553.718994140625,3652.892578125,3512.396728515625,3578.512451171875,102080
2003-11-10,1581.572509765625,3495.86767578125,3545.45458984375,3471.074462890625,3545.45458984375,84260
2003-11-11,1532.96630859375,3388.4296875,3479.3388671875,3347.107421875,3471.074462890625,101420
2003-11-12,1503.0546875,3322.31396484375,3371.90087890625,3214.8759765625,3264.462890625,268180
2003-11-13,1503.0546875,3322.31396484375,3429.751953125,3264.462890625,3363.636474609375,265320
2003-11-14,1458.1876220703125,3223.140380859375,3380.165283203125,3198.34716796875,3305.78515625,119240
2003-11-17,1353.4971923828125,2991.735595703125,3157.02490234375,2933.88427734375,3157.02490234375,136180
2003-11-18,1398.3646240234375,3090.9091796875,3140.495849609375,2950.413330078125,2950.413330078125,229240
2003-11-19,1387.1475830078125,3066.11572265625,3181.818115234375,3041.322265625,3173.5537109375,206470
2003-11-20,1450.709716796875,3206.611572265625,3380.165283203125,3090.9091796875,3148.76025390625,279070
2003-11-21,1443.2315673828125,3190.082763671875,3223.140380859375,3132.2314453125,3140.495849609375,90860
2003-11-24,1443.2315673828125,3190.082763671875,3190.082763671875,3190.082763671875,3190.082763671875,0
2003-11-25,1510.5328369140625,3338.843017578125,3380.165283203125,3272.727294921875,3355.371826171875,195360
2003-11-26,1518.01025390625,3355.371826171875,3380.165283203125,3297.520751953125,3297.520751953125,177430
2003-11-27,1540.4442138671875,3404.958740234375,3446.281005859375,3396.6943359375,3404.958740234375,166210
2003-11-28,1547.9222412109375,3421.487548828125,3454.54541015625,3396.6943359375,3438.0166015625,123090
2003-12-01,1667.568359375,3685.950439453125,3702.479248046875,3363.636474609375,3413.22314453125,285230
2003-12-02,1656.3516845703125,3661.156982421875,3677.68603515625,3586.77685546875,3644.628173828125,162690
2003-12-03,1596.528564453125,3528.925537109375,3628.09912109375,3454.54541015625,3553.718994140625,137060
2003-12-04,1551.66064453125,3429.751953125,3504.13232421875,3413.22314453125,3504.13232421875,164890
2003-12-05,1525.4884033203125,3371.90087890625,3479.3388671875,3363.636474609375,3446.281005859375,114620
2003-12-08,1499.3160400390625,3314.049560546875,3371.90087890625,3256.1982421875,3371.90087890625,122760
2003-12-09,1499.3160400390625,3314.049560546875,3347.107421875,3297.520751953125,3314.049560546875,54560
2003-12-10,1491.8380126953125,3297.520751953125,3314.049560546875,3256.1982421875,3314.049560546875,91630
2003-12-11,1495.5770263671875,3305.78515625,3371.90087890625,3289.256103515625,3297.520751953125,137390
2003-12-12,1499.3160400390625,3314.049560546875,3413.22314453125,3297.520751953125,3404.958740234375,177320
2003-12-15,1514.271728515625,3347.107421875,3388.4296875,3305.78515625,3347.107421875,168960
2003-12-16,1521.7496337890625,3363.636474609375,3380.165283203125,3247.933837890625,3322.31396484375,116490
2003-12-17,1488.09912109375,3289.256103515625,3404.958740234375,3280.99169921875,3322.31396484375,192720
2003-12-18,1491.8380126953125,3297.520751953125,3388.4296875,3280.99169921875,3338.843017578125,119570
2003-12-19,1506.7938232421875,3330.57861328125,3388.4296875,3314.049560546875,3380.165283203125,95590
2003-12-22,1525.4884033203125,3371.90087890625,3380.165283203125,3305.78515625,3305.78515625,44110
2003-12-23,1525.4884033203125,3371.90087890625,3371.90087890625,3371.90087890625,3371.90087890625,0
2003-12-24,1544.18310546875,3413.22314453125,3446.281005859375,3396.6943359375,3413.22314453125,43010
2003-12-25,1559.138916015625,3446.281005859375,3462.809814453125,3396.6943359375,3413.22314453125,46420
2003-12-26,1559.138916015625,3446.281005859375,3471.074462890625,3371.90087890625,3446.281005859375,50380
2003-12-29,1607.745361328125,3553.718994140625,3578.512451171875,3429.751953125,3454.54541015625,91080
2003-12-30,1622.700927734375,3586.77685546875,3611.5703125,3553.718994140625,3553.718994140625,39160
2003-12-31,1622.700927734375,3586.77685546875,3586.77685546875,3586.77685546875,3586.77685546875,0
2004-01-01,1622.700927734375,3586.77685546875,3586.77685546875,3586.77685546875,3586.77685546875,0
2004-01-02,1622.700927734375,3586.77685546875,3586.77685546875,3586.77685546875,3586.77685546875,0
2004-01-05,1622.700927734375,3586.77685546875,3644.628173828125,3570.248046875,3628.09912109375,39490
2004-01-06,1626.43994140625,3595.041259765625,3628.09912109375,3504.13232421875,3628.09912109375,90530
2004-01-07,1570.3558349609375,3471.074462890625,3553.718994140625,3471.074462890625,3545.45458984375,94490
2004-01-08,1566.6168212890625,3462.809814453125,3520.6611328125,3429.751953125,3471.074462890625,145640
2004-01-09,1592.7894287109375,3520.6611328125,3578.512451171875,3479.3388671875,3545.45458984375,125070
2004-01-12,1592.7894287109375,3520.6611328125,3520.6611328125,3520.6611328125,3520.6611328125,0
2004-01-13,1607.745361328125,3553.718994140625,3644.628173828125,3553.718994140625,3603.3056640625,193270
2004-01-14,1618.9620361328125,3578.512451171875,3628.09912109375,3570.248046875,3619.834716796875,212630
2004-01-15,1585.3116455078125,3504.13232421875,3561.9833984375,3454.54541015625,3537.190185546875,97570
2004-01-16,1574.0948486328125,3479.3388671875,3504.13232421875,3429.751953125,3429.751953125,50600
2004-01-19,1592.7894287109375,3520.6611328125,3570.248046875,3487.603271484375,3512.396728515625,36300
2004-01-20,1607.745361328125,3553.718994140625,3619.834716796875,3528.925537109375,3545.45458984375,87780
2004-01-21,1633.917724609375,3611.5703125,3669.42138671875,3537.190185546875,3553.718994140625,138600
2004-01-22,1622.700927734375,3586.77685546875,3652.892578125,3578.512451171875,3652.892578125,101640
2004-01-23,1596.528564453125,3528.925537109375,3611.5703125,3520.6611328125,3611.5703125,57420
2004-01-26,1577.8336181640625,3487.603271484375,3578.512451171875,3471.074462890625,3528.925537109375,52580
2004-01-27,1577.8336181640625,3487.603271484375,3528.925537109375,3438.0166015625,3495.86767578125,106590
2004-01-28,1566.6168212890625,3462.809814453125,3495.86767578125,3388.4296875,3446.281005859375,110110
2004-01-29,1566.6168212890625,3462.809814453125,3462.809814453125,3388.4296875,3454.54541015625,106150
2004-01-30,1633.917724609375,3611.5703125,3644.628173828125,3512.396728515625,3512.396728515625,250250
2004-02-02,1618.9620361328125,3578.512451171875,3611.5703125,3528.925537109375,3586.77685546875,51150
2004-02-03,1585.3116455078125,3504.13232421875,3561.9833984375,3396.6943359375,3495.86767578125,160490
2004-02-04,1521.7496337890625,3363.636474609375,3512.396728515625,3330.57861328125,3462.809814453125,138930
2004-02-05,1469.404296875,3247.933837890625,3314.049560546875,3041.322265625,3231.405029296875,575630
2004-02-06,1428.276123046875,3157.02490234375,3223.140380859375,3115.702392578125,3206.611572265625,498740
2004-02-09,1428.276123046875,3157.02490234375,3223.140380859375,3123.967041015625,3181.818115234375,364650
2004-02-10,1428.276123046875,3157.02490234375,3223.140380859375,3148.76025390625,3181.818115234375,82280
2004-02-11,1428.276123046875,3157.02490234375,3157.02490234375,3157.02490234375,3157.02490234375,0
2004-02-12,1409.5810546875,3115.702392578125,3231.405029296875,3107.43798828125,3198.34716796875,136950
2004-02-13,1424.5369873046875,3148.76025390625,3173.5537109375,3082.64453125,3099.173583984375,106810
2004-02-16,1454.448486328125,3214.8759765625,3256.1982421875,3198.34716796875,3239.66943359375,97240
2004-02-17,1495.5770263671875,3305.78515625,3314.049560546875,3214.8759765625,3214.8759765625,109010
2004-02-18,1480.6214599609375,3272.727294921875,3371.90087890625,3198.34716796875,3363.636474609375,134750
2004-02-19,1473.143310546875,3256.1982421875,3280.99169921875,3214.8759765625,3231.405029296875,65010
2004-02-20,1446.9708251953125,3198.34716796875,3231.405029296875,3157.02490234375,3214.8759765625,59070
2004-02-23,1432.0150146484375,3165.289306640625,3223.140380859375,3132.2314453125,3206.611572265625,270160
2004-02-24,1424.5369873046875,3148.76025390625,3165.289306640625,3057.851318359375,3123.967041015625,282040
2004-02-25,1387.1475830078125,3066.11572265625,3148.76025390625,2966.942138671875,3148.76025390625,346280
2004-02-26,1379.669677734375,3049.586669921875,3090.9091796875,3008.264404296875,3024.79345703125,233530
2004-02-27,1402.1033935546875,3099.173583984375,3115.702392578125,3033.057861328125,3090.9091796875,210760
2004-03-01,1450.709716796875,3206.611572265625,3223.140380859375,3123.967041015625,3140.495849609375,174570
2004-03-02,1465.6654052734375,3239.66943359375,3247.933837890625,3173.5537109375,3223.140380859375,166650
2004-03-03,1409.5810546875,3115.702392578125,3239.66943359375,3107.43798828125,3239.66943359375,272470
2004-03-04,1432.0150146484375,3165.289306640625,3181.818115234375,3123.967041015625,3140.495849609375,183590
2004-03-05,1432.0150146484375,3165.289306640625,3173.5537109375,3123.967041015625,3165.289306640625,128260
2004-03-08,1443.2315673828125,3190.082763671875,3223.140380859375,3181.818115234375,3181.818115234375,92290
2004-03-09,1469.404296875,3247.933837890625,3264.462890625,3165.289306640625,3165.289306640625,233530
2004-03-10,1420.798095703125,3140.495849609375,3206.611572265625,3140.495849609375,3206.611572265625,136070
2004-03-11,1420.798095703125,3140.495849609375,3148.76025390625,3123.967041015625,3123.967041015625,108680
2004-03-12,1503.0546875,3322.31396484375,3338.843017578125,3190.082763671875,3223.140380859375,339130
2004-03-15,1495.5770263671875,3305.78515625,3363.636474609375,3256.1982421875,3305.78515625,115280
2004-03-16,1495.5770263671875,3305.78515625,3314.049560546875,3264.462890625,3280.99169921875,65780
2004-03-17,1518.01025390625,3355.371826171875,3388.4296875,3305.78515625,3305.78515625,139920
2004-03-18,1491.8380126953125,3297.520751953125,3347.107421875,3264.462890625,3347.107421875,79310
2004-03-19,1503.0546875,3322.31396484375,3347.107421875,3247.933837890625,3256.1982421875,109340
2004-03-22,1491.8380126953125,3297.520751953125,3347.107421875,3280.99169921875,3280.99169921875,82610
2004-03-23,1488.09912109375,3289.256103515625,3289.256103515625,3264.462890625,3272.727294921875,104060
2004-03-24,1532.96630859375,3388.4296875,3388.4296875,3256.1982421875,3264.462890625,169510
2004-03-25,1476.88232421875,3264.462890625,3438.0166015625,3239.66943359375,3438.0166015625,229020
2004-03-26,1434.2333984375,3132.2314453125,3223.140380859375,3057.851318359375,3057.851318359375,167420
2004-03-29,1430.449462890625,3123.967041015625,3132.2314453125,3082.64453125,3132.2314453125,102410
2004-03-30,1445.586669921875,3157.02490234375,3247.933837890625,3140.495849609375,3165.289306640625,182050
2004-03-31,1536.4083251953125,3355.371826171875,3355.371826171875,3206.611572265625,3223.140380859375,294580
2004-04-01,1509.9189453125,3297.520751953125,3388.4296875,3272.727294921875,3388.4296875,214830
2004-04-02,1581.8197021484375,3454.54541015625,3479.3388671875,3338.843017578125,3338.843017578125,399300
2004-04-05,1683.9945068359375,3677.68603515625,3743.8017578125,3528.925537109375,3553.718994140625,518100
2004-04-06,1699.1319580078125,3710.743896484375,3809.917236328125,3685.950439453125,3809.917236328125,309760
2004-04-07,1634.7991943359375,3570.248046875,3669.42138671875,3561.9833984375,3669.42138671875,208670
2004-04-08,1672.64208984375,3652.892578125,3669.42138671875,3578.512451171875,3586.77685546875,156750
2004-04-09,1646.152099609375,3595.041259765625,3669.42138671875,3561.9833984375,3570.248046875,170280
2004-04-12,1661.2890625,3628.09912109375,3677.68603515625,3586.77685546875,3595.041259765625,77770
2004-04-13,1687.77880859375,3685.950439453125,3743.8017578125,3669.42138671875,3677.68603515625,172810
2004-04-14,1683.9945068359375,3677.68603515625,3785.1240234375,3661.156982421875,3702.479248046875,183040
2004-04-15,1691.5633544921875,3694.21484375,3719.00830078125,3652.892578125,3685.950439453125,205260
2004-04-16,1702.9158935546875,3719.00830078125,3727.272705078125,3636.363525390625,3677.68603515625,202070
2004-04-19,1680.21044921875,3669.42138671875,3694.21484375,3595.041259765625,3677.68603515625,125400
2004-04-20,1816.4437255859375,3966.942138671875,3991.735595703125,3702.479248046875,3710.743896484375,339020
2004-04-21,1820.22802734375,3975.20654296875,4041.322265625,3793.388427734375,3925.619873046875,295570
2004-04-22,1850.502197265625,4041.322265625,4239.66943359375,4016.52880859375,4016.52880859375,648010
2004-04-23,1865.63916015625,4074.380126953125,4206.611328125,4074.380126953125,4132.2314453125,394790
2004-04-26,2013.2257080078125,4396.6943359375,4487.603515625,4223.140625,4239.66943359375,685410
2004-04-27,2009.4410400390625,4388.4296875,4479.3388671875,4256.1982421875,4256.1982421875,480920
2004-04-28,1948.892822265625,4256.1982421875,4396.6943359375,4256.1982421875,4305.78515625,332970
2004-04-29,1948.892822265625,4256.1982421875,4256.1982421875,4256.1982421875,4256.1982421875,0
2004-04-30,1937.53955078125,4231.40478515625,4231.40478515625,4132.2314453125,4140.49609375,313170
2004-05-03,1937.53955078125,4231.40478515625,4231.40478515625,4231.40478515625,4231.40478515625,0
2004-05-04,1937.53955078125,4231.40478515625,4231.40478515625,4231.40478515625,4231.40478515625,0
2004-05-05,1937.53955078125,4231.40478515625,4231.40478515625,4231.40478515625,4231.40478515625,0
2004-05-06,1895.9134521484375,4140.49609375,4198.34716796875,4140.49609375,4173.5537109375,105270
2004-05-07,1861.85498046875,4066.11572265625,4132.2314453125,3983.47119140625,4057.851318359375,242990
2004-05-10,1752.11083984375,3826.4462890625,4165.2890625,3826.4462890625,3933.88427734375,161920
2004-05-11,1869.4232177734375,4082.64453125,4090.9091796875,3867.7685546875,3867.7685546875,235070
2004-05-12,1854.28662109375,4049.586669921875,4165.2890625,3983.47119140625,4165.2890625,163900
2004-05-13,1812.6597900390625,3958.677734375,4173.5537109375,3958.677734375,4090.9091796875,167200
2004-05-14,1789.9537353515625,3909.0908203125,4041.322265625,3859.504150390625,3917.35546875,188540
2004-05-17,1646.152099609375,3595.041259765625,3917.35546875,3570.248046875,3884.297607421875,219010
2004-05-18,1820.22802734375,3975.20654296875,4008.264404296875,3702.479248046875,3719.00830078125,204820
2004-05-19,1824.01220703125,3983.47119140625,4090.9091796875,3842.97509765625,3966.942138671875,215490
2004-05-20,1816.4437255859375,3966.942138671875,4090.9091796875,3966.942138671875,4008.264404296875,137390
2004-05-21,1797.5225830078125,3925.619873046875,4008.264404296875,3884.297607421875,3925.619873046875,151030
2004-05-24,1880.7760009765625,4107.43798828125,4140.49609375,3966.942138671875,3966.942138671875,252450
2004-05-25,1884.5606689453125,4115.70263671875,4157.02490234375,4049.586669921875,4132.2314453125,206360
2004-05-26,1865.63916015625,4074.380126953125,4190.08251953125,4041.322265625,4173.5537109375,194920
2004-05-27,1831.5811767578125,4000.0,4049.586669921875,3991.735595703125,4033.057861328125,137940
2004-05-28,1873.2078857421875,4090.9091796875,4090.9091796875,3983.47119140625,4041.322265625,160600
2004-05-31,1876.99169921875,4099.17333984375,4099.17333984375,4008.264404296875,4090.9091796875,100980
2004-06-01,1839.1495361328125,4016.52880859375,4099.17333984375,4016.52880859375,4057.851318359375,156860
2004-06-02,1808.8753662109375,3950.413330078125,4016.52880859375,3950.413330078125,3966.942138671875,121440
2004-06-03,1767.2484130859375,3859.504150390625,3991.735595703125,3842.97509765625,3950.413330078125,149050
2004-06-04,1793.7384033203125,3917.35546875,3942.148681640625,3809.917236328125,3884.297607421875,86240
2004-06-07,1789.9537353515625,3909.0908203125,3983.47119140625,3809.917236328125,3876.032958984375,135630
2004-06-08,1805.0908203125,3942.148681640625,3966.942138671875,3917.35546875,3942.148681640625,116490
2004-06-09,1771.0325927734375,3867.7685546875,3983.47119140625,3859.504150390625,3983.47119140625,126500
2004-06-10,1816.4437255859375,3966.942138671875,3975.20654296875,3867.7685546875,3892.56201171875,104170
2004-06-11,1801.306884765625,3933.88427734375,3950.413330078125,3900.826416015625,3925.619873046875,141020
2004-06-14,1831.5811767578125,4000.0,4008.264404296875,3925.619873046875,3958.677734375,126720
2004-06-15,1808.8753662109375,3950.413330078125,4000.0,3950.413330078125,4000.0,112860
2004-06-16,1774.81689453125,3876.032958984375,3975.20654296875,3876.032958984375,3925.619873046875,207900
2004-06-17,1771.0325927734375,3867.7685546875,3917.35546875,3834.710693359375,3884.297607421875,116930
2004-06-18,1714.2685546875,3743.8017578125,3851.23974609375,3694.21484375,3851.23974609375,173250
2004-06-21,1714.2685546875,3743.8017578125,3842.97509765625,3743.8017578125,3760.33056640625,145200
2004-06-22,1718.0531005859375,3752.066162109375,3776.859619140625,3652.892578125,3743.8017578125,178200
2004-06-23,1763.4642333984375,3851.23974609375,3884.297607421875,3801.65283203125,3884.297607421875,147180
2004-06-24,1831.5811767578125,4000.0,4024.79345703125,3917.35546875,3933.88427734375,281710
2004-06-25,1858.070556640625,4057.851318359375,4090.9091796875,4008.264404296875,4024.79345703125,361790
2004-06-28,1892.128662109375,4132.2314453125,4132.2314453125,4057.851318359375,4090.9091796875,188430
2004-06-29,1937.53955078125,4231.40478515625,4231.40478515625,4148.76025390625,4148.76025390625,458370
2004-06-30,1945.1085205078125,4247.93408203125,4272.72705078125,4231.40478515625,4264.462890625,144210
2004-07-01,1960.2452392578125,4280.99169921875,4305.78515625,4173.5537109375,4247.93408203125,357500
2004-07-02,1926.187255859375,4206.611328125,4256.1982421875,4165.2890625,4165.2890625,121880
2004-07-05,1929.97119140625,4214.8759765625,4247.93408203125,4140.49609375,4247.93408203125,124960
2004-07-06,1892.128662109375,4132.2314453125,4231.40478515625,4082.64453125,4223.140625,126610
2004-07-07,1892.128662109375,4132.2314453125,4173.5537109375,4016.52880859375,4016.52880859375,224730
2004-07-08,1842.933837890625,4024.79345703125,4099.17333984375,4000.0,4066.11572265625,126280
2004-07-09,1835.364990234375,4008.264404296875,4008.264404296875,3933.88427734375,3942.148681640625,225720
2004-07-12,1854.28662109375,4049.586669921875,4099.17333984375,4016.52880859375,4016.52880859375,115940
2004-07-13,1820.22802734375,3975.20654296875,4057.851318359375,3950.413330078125,4057.851318359375,92400
2004-07-14,1782.3853759765625,3892.56201171875,4033.057861328125,3892.56201171875,4024.79345703125,96250
2004-07-15,1725.62158203125,3768.594970703125,3859.504150390625,3702.479248046875,3851.23974609375,271590
2004-07-16,1805.0908203125,3942.148681640625,3991.735595703125,3776.859619140625,3785.1240234375,371580
2004-07-19,1805.0908203125,3942.148681640625,3942.148681640625,3942.148681640625,3942.148681640625,0
2004-07-20,1827.796630859375,3991.735595703125,4008.264404296875,3809.917236328125,3892.56201171875,223410
2004-07-21,1812.6597900390625,3958.677734375,4008.264404296875,3942.148681640625,3958.677734375,150920
2004-07-22,1771.0325927734375,3867.7685546875,3909.0908203125,3809.917236328125,3900.826416015625,203390
2004-07-23,1789.9537353515625,3909.0908203125,3909.0908203125,3851.23974609375,3900.826416015625,125510
2004-07-26,1721.8372802734375,3760.33056640625,3884.297607421875,3760.33056640625,3884.297607421875,146960
2004-07-27,1710.4842529296875,3735.537109375,3884.297607421875,3694.21484375,3793.388427734375,149820
2004-07-28,1752.11083984375,3826.4462890625,3867.7685546875,3801.65283203125,3818.181884765625,63580
2004-07-29,1729.406005859375,3776.859619140625,3826.4462890625,3768.594970703125,3801.65283203125,46420
2004-07-30,1729.406005859375,3776.859619140625,3801.65283203125,3760.33056640625,3785.1240234375,135190
2004-08-02,1767.2484130859375,3859.504150390625,3859.504150390625,3801.65283203125,3801.65283203125,104610
2004-08-03,1778.601318359375,3884.297607421875,3900.826416015625,3809.917236328125,3826.4462890625,148390
2004-08-04,1729.406005859375,3776.859619140625,3801.65283203125,3685.950439453125,3801.65283203125,111100
2004-08-05,1748.3272705078125,3818.181884765625,3842.97509765625,3776.859619140625,3793.388427734375,79970
2004-08-06,1744.5428466796875,3809.917236328125,3809.917236328125,3727.272705078125,3768.594970703125,72930
2004-08-09,1699.1319580078125,3710.743896484375,3727.272705078125,3669.42138671875,3719.00830078125,85910
2004-08-10,1710.4842529296875,3735.537109375,3801.65283203125,3719.00830078125,3719.00830078125,90530
2004-08-11,1714.2685546875,3743.8017578125,3818.181884765625,3727.272705078125,3818.181884765625,146080
2004-08-12,1706.7005615234375,3727.272705078125,3793.388427734375,3702.479248046875,3768.594970703125,97350
2004-08-13,1619.6622314453125,3537.190185546875,3694.21484375,3520.6611328125,3685.950439453125,307670
2004-08-16,1559.1141357421875,3404.958740234375,3495.86767578125,3305.78515625,3495.86767578125,360360
2004-08-17,1589.3883056640625,3471.074462890625,3528.925537109375,3438.0166015625,3487.603271484375,102410
2004-08-18,1596.9566650390625,3487.603271484375,3512.396728515625,3429.751953125,3512.396728515625,82940
2004-08-19,1646.152099609375,3595.041259765625,3611.5703125,3520.6611328125,3545.45458984375,124960
2004-08-20,1661.2890625,3628.09912109375,3669.42138671875,3595.041259765625,3628.09912109375,93720
2004-08-23,1653.720458984375,3611.5703125,3685.950439453125,3595.041259765625,3652.892578125,88330
2004-08-24,1631.01513671875,3561.9833984375,3636.363525390625,3553.718994140625,3636.363525390625,63470
2004-08-25,1672.64208984375,3652.892578125,3661.156982421875,3603.3056640625,3603.3056640625,116710
2004-08-26,1695.3475341796875,3702.479248046875,3743.8017578125,3677.68603515625,3694.21484375,123640
2004-08-27,1683.9945068359375,3677.68603515625,3685.950439453125,3652.892578125,3677.68603515625,37730
2004-08-30,1691.5633544921875,3694.21484375,3727.272705078125,3644.628173828125,3710.743896484375,48180
2004-08-31,1653.720458984375,3611.5703125,3669.42138671875,3603.3056640625,3652.892578125,125620
2004-09-01,1649.936279296875,3603.3056640625,3652.892578125,3578.512451171875,3644.628173828125,77770
2004-09-02,1649.936279296875,3603.3056640625,3661.156982421875,3586.77685546875,3611.5703125,80410
2004-09-03,1604.5252685546875,3504.13232421875,3619.834716796875,3495.86767578125,3603.3056640625,138380
2004-09-06,1638.5836181640625,3578.512451171875,3595.041259765625,3512.396728515625,3512.396728515625,104720
2004-09-07,1631.01513671875,3561.9833984375,3586.77685546875,3495.86767578125,3561.9833984375,65560
2004-09-08,1653.720458984375,3611.5703125,3636.363525390625,3570.248046875,3570.248046875,100210
2004-09-09,1623.447021484375,3545.45458984375,3611.5703125,3528.925537109375,3603.3056640625,77110
2004-09-10,1596.9566650390625,3487.603271484375,3578.512451171875,3454.54541015625,3553.718994140625,147730
2004-09-13,1653.720458984375,3611.5703125,3628.09912109375,3495.86767578125,3528.925537109375,108020
2004-09-14,1721.8372802734375,3760.33056640625,3760.33056640625,3669.42138671875,3719.00830078125,263340
2004-09-15,1774.81689453125,3876.032958984375,3876.032958984375,3727.272705078125,3818.181884765625,383020
2004-09-16,1729.406005859375,3776.859619140625,3809.917236328125,3735.537109375,3752.066162109375,197670
2004-09-17,1733.1898193359375,3785.1240234375,3859.504150390625,3677.68603515625,3859.504150390625,232870
2004-09-20,1733.1898193359375,3785.1240234375,3785.1240234375,3785.1240234375,3785.1240234375,0
2004-09-21,1706.7005615234375,3727.272705078125,3793.388427734375,3719.00830078125,3793.388427734375,102190
2004-09-22,1706.7005615234375,3727.272705078125,3768.594970703125,3694.21484375,3768.594970703125,56210
2004-09-23,1706.7005615234375,3727.272705078125,3727.272705078125,3727.272705078125,3727.272705078125,0
2004-09-24,1672.64208984375,3652.892578125,3727.272705078125,3628.09912109375,3727.272705078125,108240
2004-09-27,1672.64208984375,3652.892578125,3702.479248046875,3619.834716796875,3685.950439453125,40480
2004-09-28,1646.152099609375,3595.041259765625,3644.628173828125,3570.248046875,3619.834716796875,75240
2004-09-29,1619.6622314453125,3537.190185546875,3677.68603515625,3520.6611328125,3636.363525390625,114180
2004-09-30,1710.4842529296875,3735.537109375,3735.537109375,3561.9833984375,3619.834716796875,123090
2004-10-01,1729.406005859375,3776.859619140625,3793.388427734375,3719.00830078125,3727.272705078125,69850
2004-10-04,1782.3853759765625,3892.56201171875,3917.35546875,3801.65283203125,3859.504150390625,116380
2004-10-05,1759.679931640625,3842.97509765625,3900.826416015625,3809.917236328125,3900.826416015625,103620
2004-10-06,1755.895263671875,3834.710693359375,3876.032958984375,3776.859619140625,3842.97509765625,79640
2004-10-07,1748.3272705078125,3818.181884765625,3851.23974609375,3793.388427734375,3851.23974609375,55440
2004-10-08,1736.97412109375,3793.388427734375,3801.65283203125,3760.33056640625,3801.65283203125,51370
2004-10-11,1736.97412109375,3793.388427734375,3793.388427734375,3793.388427734375,3793.388427734375,0
2004-10-12,1687.77880859375,3685.950439453125,3776.859619140625,3661.156982421875,3760.33056640625,123640
2004-10-13,1631.01513671875,3561.9833984375,3669.42138671875,3553.718994140625,3644.628173828125,394790
2004-10-14,1642.3677978515625,3586.77685546875,3628.09912109375,3561.9833984375,3586.77685546875,172590
2004-10-15,1672.64208984375,3652.892578125,3752.066162109375,3586.77685546875,3603.3056640625,141020
2004-10-18,1668.8575439453125,3644.628173828125,3685.950439453125,3636.363525390625,3652.892578125,59620
2004-10-19,1725.62158203125,3768.594970703125,3768.594970703125,3652.892578125,3694.21484375,163350
2004-10-20,1695.3475341796875,3702.479248046875,3793.388427734375,3685.950439453125,3785.1240234375,134640
2004-10-21,1706.7005615234375,3727.272705078125,3752.066162109375,3652.892578125,3669.42138671875,127710
2004-10-22,1729.406005859375,3776.859619140625,3785.1240234375,3743.8017578125,3768.594970703125,113740
2004-10-25,1710.4842529296875,3735.537109375,3760.33056640625,3652.892578125,3719.00830078125,105380
2004-10-26,1744.5428466796875,3809.917236328125,3809.917236328125,3719.00830078125,3760.33056640625,175890
2004-10-27,1744.5428466796875,3809.917236328125,3859.504150390625,3768.594970703125,3809.917236328125,319440
2004-10-28,1767.2484130859375,3859.504150390625,3867.7685546875,3818.181884765625,3851.23974609375,76010
2004-10-29,1740.7586669921875,3801.65283203125,3826.4462890625,3752.066162109375,3818.181884765625,114290
2004-11-01,1725.62158203125,3768.594970703125,3801.65283203125,3743.8017578125,3801.65283203125,58630
2004-11-02,1721.8372802734375,3760.33056640625,3776.859619140625,3727.272705078125,3727.272705078125,90310
2004-11-03,1721.8372802734375,3760.33056640625,3760.33056640625,3760.33056640625,3760.33056640625,0
2004-11-04,1755.895263671875,3834.710693359375,3876.032958984375,3801.65283203125,3801.65283203125,229570
2004-11-05,1752.11083984375,3826.4462890625,3859.504150390625,3793.388427734375,3793.388427734375,165440
2004-11-08,1721.8372802734375,3760.33056640625,3834.710693359375,3752.066162109375,3818.181884765625,114950
2004-11-09,1736.97412109375,3793.388427734375,3793.388427734375,3669.42138671875,3719.00830078125,204710
2004-11-10,1699.1319580078125,3710.743896484375,3785.1240234375,3702.479248046875,3752.066162109375,153670
2004-11-11,1683.9945068359375,3677.68603515625,3719.00830078125,3669.42138671875,3710.743896484375,165000
2004-11-12,1661.2890625,3628.09912109375,3702.479248046875,3611.5703125,3677.68603515625,259270
2004-11-15,1710.4842529296875,3735.537109375,3752.066162109375,3628.09912109375,3636.363525390625,425040
2004-11-16,1744.5428466796875,3809.917236328125,3851.23974609375,3760.33056640625,3760.33056640625,345620
2004-11-17,1695.3475341796875,3702.479248046875,3818.181884765625,3702.479248046875,3818.181884765625,273570
2004-11-18,1612.0936279296875,3520.6611328125,3595.041259765625,3413.22314453125,3537.190185546875,879120
2004-11-19,1680.21044921875,3669.42138671875,3669.42138671875,3553.718994140625,3561.9833984375,510070
2004-11-22,1665.073486328125,3636.363525390625,3669.42138671875,3561.9833984375,3661.156982421875,368610
2004-11-23,1665.073486328125,3636.363525390625,3636.363525390625,3636.363525390625,3636.363525390625,0
2004-11-24,1729.406005859375,3776.859619140625,3801.65283203125,3661.156982421875,3677.68603515625,563200
2004-11-25,1691.5633544921875,3694.21484375,3727.272705078125,3636.363525390625,3710.743896484375,307560
2004-11-26,1646.152099609375,3595.041259765625,3710.743896484375,3586.77685546875,3669.42138671875,311740
2004-11-29,1634.7991943359375,3570.248046875,3595.041259765625,3512.396728515625,3512.396728515625,303160
2004-11-30,1627.23095703125,3553.718994140625,3603.3056640625,3537.190185546875,3561.9833984375,361460
2004-12-01,1593.1724853515625,3479.3388671875,3570.248046875,3471.074462890625,3561.9833984375,412060
2004-12-02,1600.7408447265625,3495.86767578125,3570.248046875,3479.3388671875,3520.6611328125,254320
2004-12-03,1638.5836181640625,3578.512451171875,3578.512451171875,3520.6611328125,3520.6611328125,233640
2004-12-06,1646.152099609375,3595.041259765625,3628.09912109375,3561.9833984375,3578.512451171875,310750
2004-12-07,1634.7991943359375,3570.248046875,3619.834716796875,3570.248046875,3586.77685546875,145420
2004-12-08,1619.6622314453125,3537.190185546875,3578.512451171875,3479.3388671875,3528.925537109375,149710
2004-12-09,1612.0936279296875,3520.6611328125,3545.45458984375,3504.13232421875,3537.190185546875,112200
2004-12-10,1627.23095703125,3553.718994140625,3595.041259765625,3537.190185546875,3561.9833984375,161150
2004-12-13,1604.5252685546875,3504.13232421875,3545.45458984375,3487.603271484375,3528.925537109375,93170
2004-12-14,1653.720458984375,3611.5703125,3611.5703125,3504.13232421875,3520.6611328125,178750
2004-12-15,1646.152099609375,3595.041259765625,3595.041259765625,3545.45458984375,3553.718994140625,291390
2004-12-16,1672.64208984375,3652.892578125,3669.42138671875,3570.248046875,3603.3056640625,249810
2004-12-17,1695.3475341796875,3702.479248046875,3719.00830078125,3669.42138671875,3669.42138671875,164230
2004-12-20,1702.9158935546875,3719.00830078125,3719.00830078125,3661.156982421875,3669.42138671875,76450
2004-12-21,1714.2685546875,3743.8017578125,3752.066162109375,3727.272705078125,3752.066162109375,83710
2004-12-22,1721.8372802734375,3760.33056640625,3760.33056640625,3719.00830078125,3760.33056640625,63910
2004-12-23,1721.8372802734375,3760.33056640625,3760.33056640625,3760.33056640625,3760.33056640625,0
2004-12-24,1767.2484130859375,3859.504150390625,3859.504150390625,3768.594970703125,3768.594970703125,186670
2004-12-27,1755.895263671875,3834.710693359375,3834.710693359375,3785.1240234375,3818.181884765625,73590
2004-12-28,1763.4642333984375,3851.23974609375,3851.23974609375,3818.181884765625,3834.710693359375,39490
2004-12-29,1755.895263671875,3834.710693359375,3867.7685546875,3801.65283203125,3859.504150390625,72710
2004-12-30,1759.679931640625,3842.97509765625,3859.504150390625,3834.710693359375,3834.710693359375,35200
2004-12-31,1759.679931640625,3842.97509765625,3842.97509765625,3842.97509765625,3842.97509765625,0
2005-01-03,1759.679931640625,3842.97509765625,3842.97509765625,3842.97509765625,3842.97509765625,0
2005-01-04,1767.2484130859375,3859.504150390625,3867.7685546875,3834.710693359375,3867.7685546875,27060
2005-01-05,1755.895263671875,3834.710693359375,3851.23974609375,3801.65283203125,3826.4462890625,158950
2005-01-06,1733.1898193359375,3785.1240234375,3818.181884765625,3760.33056640625,3760.33056640625,84810
2005-01-07,1763.4642333984375,3851.23974609375,3851.23974609375,3785.1240234375,3785.1240234375,88880
2005-01-10,1763.4642333984375,3851.23974609375,3851.23974609375,3851.23974609375,3851.23974609375,0
2005-01-11,1771.0325927734375,3867.7685546875,3867.7685546875,3818.181884765625,3834.710693359375,58410
2005-01-12,1797.5225830078125,3925.619873046875,3925.619873046875,3826.4462890625,3826.4462890625,146190
2005-01-13,1786.16943359375,3900.826416015625,3933.88427734375,3876.032958984375,3925.619873046875,102190
2005-01-14,1763.4642333984375,3851.23974609375,3925.619873046875,3834.710693359375,3859.504150390625,215930
2005-01-17,1706.7005615234375,3727.272705078125,3884.297607421875,3702.479248046875,3867.7685546875,562430
2005-01-18,1634.7991943359375,3570.248046875,3636.363525390625,3462.809814453125,3636.363525390625,1123760
2005-01-19,1612.0936279296875,3520.6611328125,3595.041259765625,3512.396728515625,3545.45458984375,511500
2005-01-20,1612.0936279296875,3520.6611328125,3537.190185546875,3495.86767578125,3512.396728515625,331980
2005-01-21,1596.9566650390625,3487.603271484375,3545.45458984375,3479.3388671875,3520.6611328125,189640
2005-01-24,1615.8782958984375,3528.925537109375,3528.925537109375,3487.603271484375,3504.13232421875,241670
2005-01-25,1638.5836181640625,3578.512451171875,3636.363525390625,3578.512451171875,3628.09912109375,544500
2005-01-26,1665.073486328125,3636.363525390625,3652.892578125,3603.3056640625,3636.363525390625,256740
2005-01-27,1623.447021484375,3545.45458984375,3644.628173828125,3528.925537109375,3644.628173828125,497420
2005-01-28,1581.8197021484375,3454.54541015625,3479.3388671875,3413.22314453125,3421.487548828125,592680
2005-01-31,1604.5252685546875,3504.13232421875,3504.13232421875,3438.0166015625,3471.074462890625,205260
2005-02-01,1593.1724853515625,3479.3388671875,3487.603271484375,3454.54541015625,3487.603271484375,179190
2005-02-02,1585.60400390625,3462.809814453125,3471.074462890625,3438.0166015625,3462.809814453125,251790
2005-02-03,1578.035400390625,3446.281005859375,3479.3388671875,3429.751953125,3479.3388671875,212630
2005-02-04,1521.2713623046875,3322.31396484375,3421.487548828125,3280.99169921875,3413.22314453125,535260
2005-02-07,1521.2713623046875,3322.31396484375,3338.843017578125,3297.520751953125,3330.57861328125,441980
2005-02-08,1521.2713623046875,3322.31396484375,3355.371826171875,3305.78515625,3330.57861328125,181830
2005-02-09,1525.0560302734375,3330.57861328125,3347.107421875,3322.31396484375,3338.843017578125,171050
2005-02-10,1525.0560302734375,3330.57861328125,3355.371826171875,3305.78515625,3338.843017578125,191730
2005-02-11,1525.0560302734375,3330.57861328125,3330.57861328125,3330.57861328125,3330.57861328125,0
2005-02-14,1521.2713623046875,3322.31396484375,3371.90087890625,3314.049560546875,3371.90087890625,371910
2005-02-15,1483.428955078125,3239.66943359375,3330.57861328125,3231.405029296875,3330.57861328125,437140
2005-02-16,1449.3707275390625,3165.289306640625,3223.140380859375,3132.2314453125,3223.140380859375,659890
2005-02-17,1494.781982421875,3264.462890625,3289.256103515625,3181.818115234375,3190.082763671875,519640
2005-02-18,1513.703125,3305.78515625,3380.165283203125,3280.99169921875,3305.78515625,923560
2005-02-21,1506.134765625,3289.256103515625,3338.843017578125,3280.99169921875,3338.843017578125,261800
2005-02-22,1506.134765625,3289.256103515625,3338.843017578125,3289.256103515625,3305.78515625,233090
2005-02-23,1502.35009765625,3280.99169921875,3289.256103515625,3247.933837890625,3280.99169921875,183370
2005-02-24,1494.781982421875,3264.462890625,3297.520751953125,3231.405029296875,3280.99169921875,278740
2005-02-25,1490.99755859375,3256.1982421875,3264.462890625,3231.405029296875,3247.933837890625,278960
2005-02-28,1498.5662841796875,3272.727294921875,3297.520751953125,3256.1982421875,3264.462890625,188540
2005-03-01,1498.5662841796875,3272.727294921875,3280.99169921875,3239.66943359375,3264.462890625,297990
2005-03-02,1528.84033203125,3338.843017578125,3371.90087890625,3314.049560546875,3314.049560546875,455070
2005-03-03,1593.1724853515625,3479.3388671875,3479.3388671875,3404.958740234375,3413.22314453125,821040
2005-03-04,1593.1724853515625,3479.3388671875,3504.13232421875,3429.751953125,3471.074462890625,553850
2005-03-07,1589.3883056640625,3471.074462890625,3553.718994140625,3471.074462890625,3504.13232421875,512270
2005-03-08,1581.8197021484375,3454.54541015625,3495.86767578125,3413.22314453125,3479.3388671875,226050
2005-03-09,1589.3883056640625,3471.074462890625,3479.3388671875,3421.487548828125,3421.487548828125,250030
2005-03-10,1570.466552734375,3429.751953125,3462.809814453125,3429.751953125,3446.281005859375,168960
2005-03-11,1559.1141357421875,3404.958740234375,3446.281005859375,3396.6943359375,3429.751953125,310750
2005-03-14,1559.1141357421875,3404.958740234375,3454.54541015625,3404.958740234375,3429.751953125,186890
2005-03-15,1570.466552734375,3429.751953125,3446.281005859375,3421.487548828125,3446.281005859375,200090
2005-03-16,1562.8983154296875,3413.22314453125,3421.487548828125,3404.958740234375,3413.22314453125,167310
2005-03-17,1551.5455322265625,3388.4296875,3404.958740234375,3380.165283203125,3396.6943359375,166210
2005-03-18,1570.466552734375,3429.751953125,3438.0166015625,3380.165283203125,3380.165283203125,198550
2005-03-21,1570.466552734375,3429.751953125,3429.751953125,3429.751953125,3429.751953125,0
2005-03-22,1578.035400390625,3446.281005859375,3454.54541015625,3396.6943359375,3396.6943359375,147620
2005-03-23,1585.60400390625,3462.809814453125,3462.809814453125,3404.958740234375,3421.487548828125,179300
2005-03-24,1585.60400390625,3462.809814453125,3471.074462890625,3429.751953125,3446.281005859375,277750
2005-03-25,1593.1724853515625,3479.3388671875,3495.86767578125,3454.54541015625,3454.54541015625,274780
2005-03-28,1811.9371337890625,3890.0,4000.0,3790.0,3810.0,207600
2005-03-29,1779.3321533203125,3820.0,3870.0,3810.0,3860.0,136300
2005-03-30,1756.0426025390625,3770.0,3820.0,3690.0,3800.0,253300
2005-03-31,1816.595458984375,3900.0,3900.0,3830.0,3870.0,555500
2005-04-01,1783.9898681640625,3830.0,3860.0,3810.0,3860.0,226500
2005-04-04,1788.648193359375,3840.0,3870.0,3780.0,3780.0,94600
2005-04-05,1779.3321533203125,3820.0,3820.0,3790.0,3790.0,82300
2005-04-06,1742.0689697265625,3740.0,3810.0,3690.0,3800.0,265300
2005-04-07,1709.462646484375,3670.0,3740.0,3640.0,3740.0,361000
2005-04-08,1732.7528076171875,3720.0,3750.0,3700.0,3710.0,139300
2005-04-11,1737.4107666015625,3730.0,3770.0,3720.0,3740.0,108900
2005-04-12,1690.831298828125,3630.0,3710.0,3630.0,3700.0,122700
2005-04-13,1704.8050537109375,3660.0,3700.0,3660.0,3680.0,193600
2005-04-14,1695.4892578125,3640.0,3640.0,3580.0,3630.0,206500
2005-04-15,1653.5677490234375,3550.0,3590.0,3550.0,3590.0,161600
2005-04-18,1606.988525390625,3450.0,3470.0,3370.0,3430.0,228400
2005-04-19,1616.3046875,3470.0,3510.0,3450.0,3500.0,136900
2005-04-20,1634.9359130859375,3510.0,3540.0,3480.0,3510.0,178200
2005-04-21,1644.2520751953125,3530.0,3530.0,3420.0,3460.0,151500
2005-04-22,1653.5677490234375,3550.0,3630.0,3520.0,3620.0,92100
2005-04-25,1639.5941162109375,3520.0,3590.0,3520.0,3560.0,29700
2005-04-26,1644.2520751953125,3530.0,3550.0,3520.0,3550.0,38900
2005-04-27,1504.513671875,3230.0,3430.0,3210.0,3430.0,837600
2005-04-28,1499.8555908203125,3220.0,3270.0,3210.0,3230.0,281200
2005-04-29,1499.8555908203125,3220.0,3220.0,3220.0,3220.0,0
2005-05-02,1490.5399169921875,3200.0,3260.0,3170.0,3210.0,213500
2005-05-03,1490.5399169921875,3200.0,3200.0,3200.0,3200.0,0
2005-05-04,1490.5399169921875,3200.0,3200.0,3200.0,3200.0,0
2005-05-05,1490.5399169921875,3200.0,3200.0,3200.0,3200.0,0
2005-05-06,1499.8555908203125,3220.0,3250.0,3200.0,3220.0,277000
2005-05-09,1457.9345703125,3130.0,3240.0,3110.0,3230.0,368800
2005-05-10,1495.197998046875,3210.0,3210.0,3060.0,3120.0,544600
2005-05-11,1471.9080810546875,3160.0,3180.0,3120.0,3160.0,309800
2005-05-12,1448.61865234375,3110.0,3140.0,3080.0,3140.0,249600
2005-05-13,1397.38134765625,3000.0,3080.0,2985.0,3060.0,350400
2005-05-16,1378.7496337890625,2960.0,3010.0,2960.0,3010.0,167300
2005-05-17,1388.0655517578125,2980.0,3060.0,2965.0,3010.0,243800
2005-05-18,1388.0655517578125,2980.0,3010.0,2975.0,3000.0,173100
2005-05-19,1434.644775390625,3080.0,3090.0,3020.0,3070.0,276500
2005-05-20,1443.960693359375,3100.0,3140.0,3070.0,3120.0,346200
2005-05-23,1476.566162109375,3170.0,3190.0,3110.0,3110.0,216800
2005-05-24,1471.9080810546875,3160.0,3190.0,3150.0,3170.0,199700
2005-05-25,1448.61865234375,3110.0,3170.0,3090.0,3170.0,374100
2005-05-26,1429.9871826171875,3070.0,3110.0,3050.0,3110.0,129200
2005-05-27,1439.3028564453125,3090.0,3120.0,3070.0,3090.0,87100
2005-05-30,1462.59228515625,3140.0,3140.0,3110.0,3120.0,72900
2005-05-31,1467.25048828125,3150.0,3180.0,3140.0,3180.0,127900
2005-06-01,1453.2767333984375,3120.0,3160.0,3090.0,3160.0,214000
2005-06-02,1462.59228515625,3140.0,3190.0,3140.0,3170.0,308200
2005-06-03,1439.3028564453125,3090.0,3130.0,3070.0,3130.0,251000
2005-06-06,1467.25048828125,3150.0,3180.0,3120.0,3140.0,415600
2005-06-07,1471.9080810546875,3160.0,3180.0,3140.0,3150.0,149200
2005-06-08,1499.8555908203125,3220.0,3240.0,3170.0,3180.0,236100
2005-06-09,1509.1715087890625,3240.0,3310.0,3240.0,3270.0,481800
2005-06-10,1546.4354248046875,3320.0,3340.0,3240.0,3250.0,374900
2005-06-13,1537.119140625,3300.0,3300.0,3270.0,3270.0,172900
2005-06-14,1537.119140625,3300.0,3320.0,3290.0,3300.0,189500
2005-06-15,1523.1456298828125,3270.0,3300.0,3200.0,3300.0,246000
2005-06-16,1490.5399169921875,3200.0,3230.0,3180.0,3190.0,260600
2005-06-17,1485.8819580078125,3190.0,3230.0,3190.0,3200.0,243900
2005-06-20,1485.8819580078125,3190.0,3200.0,3170.0,3200.0,205000
2005-06-21,1429.9871826171875,3070.0,3170.0,3050.0,3160.0,487900
2005-06-22,1467.25048828125,3150.0,3150.0,3100.0,3120.0,292600
2005-06-23,1453.2767333984375,3120.0,3140.0,3080.0,3130.0,210900
2005-06-24,1448.61865234375,3110.0,3110.0,3080.0,3080.0,215900
2005-06-27,1429.9871826171875,3070.0,3090.0,3040.0,3080.0,163100
2005-06-28,1420.6712646484375,3050.0,3080.0,3030.0,3070.0,281800
2005-06-29,1425.3292236328125,3060.0,3090.0,3050.0,3070.0,158300
2005-06-30,1416.012939453125,3040.0,3060.0,3020.0,3060.0,205400
2005-07-01,1453.2767333984375,3120.0,3130.0,3040.0,3040.0,334200
2005-07-04,1448.61865234375,3110.0,3140.0,3100.0,3130.0,157700
2005-07-05,1429.9871826171875,3070.0,3120.0,3070.0,3100.0,125800
2005-07-06,1429.9871826171875,3070.0,3110.0,3060.0,3080.0,187300
2005-07-07,1420.6712646484375,3050.0,3060.0,3030.0,3040.0,111200
2005-07-08,1388.0655517578125,2980.0,3070.0,2975.0,3030.0,241900
2005-07-11,1367.1048583984375,2935.0,3010.0,2930.0,2985.0,584100
2005-07-12,1371.762451171875,2945.0,2955.0,2905.0,2935.0,292800
2005-07-13,1381.0787353515625,2965.0,2965.0,2920.0,2930.0,221100
2005-07-14,1402.0391845703125,3010.0,3030.0,2975.0,2985.0,320200
2005-07-15,1411.3551025390625,3030.0,3050.0,3020.0,3020.0,265500
2005-07-18,1411.3551025390625,3030.0,3030.0,3030.0,3030.0,0
2005-07-19,1416.012939453125,3040.0,3040.0,3010.0,3040.0,143500
2005-07-20,1448.61865234375,3110.0,3130.0,3060.0,3080.0,392300
2005-07-21,1443.960693359375,3100.0,3130.0,3100.0,3130.0,149900
2005-07-22,1420.6712646484375,3050.0,3080.0,3010.0,3080.0,260100
2005-07-25,1187.7740478515625,2550.0,2610.0,2550.0,2550.0,2049900
2005-07-26,1157.4974365234375,2485.0,2585.0,2445.0,2565.0,2191300
2005-07-27,1201.7479248046875,2580.0,2625.0,2520.0,2525.0,961100
2005-07-28,1185.445068359375,2545.0,2590.0,2535.0,2590.0,537100
2005-07-29,1166.8134765625,2505.0,2545.0,2500.0,2540.0,311500
2005-08-01,1159.8265380859375,2490.0,2540.0,2480.0,2510.0,356200
2005-08-02,1162.15576171875,2495.0,2505.0,2490.0,2490.0,312800
2005-08-03,1155.16845703125,2480.0,2510.0,2470.0,2500.0,265900
2005-08-04,1131.87890625,2430.0,2500.0,2420.0,2500.0,398600
2005-08-05,1113.2471923828125,2390.0,2430.0,2380.0,2430.0,368200
2005-08-08,1134.2076416015625,2435.0,2445.0,2390.0,2400.0,392500
2005-08-09,1150.5106201171875,2470.0,2475.0,2430.0,2435.0,564300
2005-08-10,1141.1947021484375,2450.0,2490.0,2440.0,2480.0,525700
2005-08-11,1134.2076416015625,2435.0,2450.0,2420.0,2445.0,294400
2005-08-12,1138.86572265625,2445.0,2460.0,2435.0,2450.0,481700
2005-08-15,1131.87890625,2430.0,2445.0,2425.0,2435.0,156700
2005-08-16,1143.5238037109375,2455.0,2470.0,2435.0,2435.0,301800
2005-08-17,1131.87890625,2430.0,2470.0,2430.0,2460.0,233400
2005-08-18,1143.5238037109375,2455.0,2460.0,2430.0,2445.0,196500
2005-08-19,1136.5367431640625,2440.0,2450.0,2435.0,2450.0,146300
2005-08-22,1138.86572265625,2445.0,2460.0,2440.0,2445.0,146800
2005-08-23,1145.8526611328125,2460.0,2465.0,2445.0,2455.0,222600
2005-08-24,1148.181396484375,2465.0,2475.0,2465.0,2475.0,111300
2005-08-25,1148.181396484375,2465.0,2475.0,2460.0,2470.0,182300
2005-08-26,1134.2076416015625,2435.0,2465.0,2435.0,2465.0,266800
2005-08-29,1122.5631103515625,2410.0,2445.0,2405.0,2440.0,244500
2005-08-30,1113.2471923828125,2390.0,2420.0,2385.0,2415.0,337200
2005-08-31,1094.615234375,2350.0,2395.0,2340.0,2390.0,438600
2005-09-01,1085.2994384765625,2330.0,2365.0,2320.0,2355.0,539200
2005-09-02,1096.9442138671875,2355.0,2365.0,2335.0,2345.0,217600
2005-09-05,1073.6546630859375,2305.0,2345.0,2290.0,2340.0,419000
2005-09-06,1062.009765625,2280.0,2305.0,2255.0,2300.0,513800
2005-09-07,1068.9967041015625,2295.0,2325.0,2280.0,2285.0,386000
2005-09-08,1048.0357666015625,2250.0,2290.0,2250.0,2290.0,389200
2005-09-09,1043.3779296875,2240.0,2245.0,2205.0,2230.0,479200
2005-09-12,1078.3125,2315.0,2350.0,2260.0,2270.0,719200
2005-09-13,1038.7200927734375,2230.0,2300.0,2220.0,2300.0,846100
2005-09-14,1031.7335205078125,2215.0,2230.0,2110.0,2230.0,1603000
2005-09-15,1010.7723999023438,2170.0,2240.0,2155.0,2225.0,568800
2005-09-16,1006.114501953125,2160.0,2195.0,2150.0,2195.0,369700
2005-09-19,1006.114501953125,2160.0,2160.0,2160.0,2160.0,0
2005-09-20,1027.0753173828125,2205.0,2215.0,2180.0,2200.0,516000
2005-09-21,1073.6546630859375,2305.0,2410.0,2280.0,2310.0,1419700
2005-09-22,1048.0357666015625,2250.0,2335.0,2225.0,2325.0,1011100
2005-09-23,1048.0357666015625,2250.0,2250.0,2250.0,2250.0,0
2005-09-26,1055.02294921875,2265.0,2275.0,2255.0,2270.0,295400
2005-09-27,1066.667724609375,2290.0,2300.0,2270.0,2295.0,301500
2005-09-28,1052.6942138671875,2260.0,2325.0,2255.0,2310.0,409300
2005-09-29,1036.3912353515625,2225.0,2260.0,2185.0,2250.0,490900
2005-09-30,1008.443603515625,2165.0,2200.0,2150.0,2190.0,489300
2005-10-03,1029.404052734375,2210.0,2210.0,2165.0,2180.0,506700
2005-10-04,1062.009765625,2280.0,2280.0,2225.0,2260.0,267700
2005-10-05,1043.3779296875,2240.0,2280.0,2220.0,2280.0,301100
2005-10-06,1038.7200927734375,2230.0,2245.0,2200.0,2220.0,338000
2005-10-07,1062.009765625,2280.0,2295.0,2230.0,2245.0,478600
2005-10-10,1062.009765625,2280.0,2280.0,2280.0,2280.0,0
2005-10-11,1041.04931640625,2235.0,2290.0,2225.0,2290.0,338400
2005-10-12,1022.4172973632812,2195.0,2240.0,2185.0,2235.0,569400
2005-10-13,1013.1014404296875,2175.0,2195.0,2160.0,2190.0,244700
2005-10-14,1010.7723999023438,2170.0,2190.0,2170.0,2175.0,130400
2005-10-17,1013.1014404296875,2175.0,2190.0,2170.0,2180.0,114300
2005-10-18,1006.114501953125,2160.0,2190.0,2160.0,2190.0,142600
2005-10-19,994.4696044921875,2135.0,2180.0,2130.0,2170.0,295400
2005-10-20,923.203125,1982.0,2055.0,1976.0,2055.0,1449300
2005-10-21,933.9168090820312,2005.0,2015.0,1943.0,1980.0,693400
2005-10-24,882.6792602539062,1895.0,2000.0,1888.0,1984.0,993100
2005-10-25,885.00830078125,1900.0,1950.0,1893.0,1900.0,436200
2005-10-26,907.3660278320312,1948.0,1948.0,1910.0,1920.0,593800
2005-10-27,903.1741333007812,1939.0,1949.0,1925.0,1949.0,421200
2005-10-28,888.7344970703125,1908.0,1940.0,1892.0,1939.0,508000
2005-10-31,881.281982421875,1892.0,1918.0,1890.0,1910.0,360400
2005-11-01,875.6923828125,1880.0,1892.0,1875.0,1892.0,183600
2005-11-02,851.0052490234375,1827.0,1880.0,1819.0,1880.0,685200
2005-11-03,851.0052490234375,1827.0,1827.0,1827.0,1827.0,0
2005-11-04,855.197265625,1836.0,1846.0,1827.0,1827.0,700200
2005-11-07,853.3344116210938,1832.0,1872.0,1831.0,1847.0,450900
2005-11-08,850.5393676757812,1826.0,1845.0,1822.0,1845.0,330800
2005-11-09,857.526123046875,1841.0,1848.0,1822.0,1830.0,200000
2005-11-10,869.6366577148438,1867.0,1867.0,1839.0,1849.0,299700
2005-11-11,891.0634765625,1913.0,1915.0,1871.0,1888.0,712900
2005-11-14,973.5089111328125,2090.0,2115.0,1950.0,1969.0,1424800
2005-11-15,982.824951171875,2110.0,2130.0,2010.0,2095.0,1051100
2005-11-16,966.5219116210938,2075.0,2110.0,2050.0,2110.0,449000
2005-11-17,966.5219116210938,2075.0,2110.0,2055.0,2105.0,359900
2005-11-18,959.5349731445312,2060.0,2085.0,2060.0,2085.0,197200
2005-11-21,959.5349731445312,2060.0,2105.0,2060.0,2075.0,280300
2005-11-22,961.8640747070312,2065.0,2080.0,2060.0,2070.0,189800
2005-11-23,961.8640747070312,2065.0,2065.0,2065.0,2065.0,0
2005-11-24,966.5219116210938,2075.0,2085.0,2065.0,2065.0,241400
2005-11-25,985.1539306640625,2115.0,2120.0,2080.0,2080.0,493400
2005-11-28,1055.02294921875,2265.0,2270.0,2155.0,2165.0,1267300
2005-11-29,1048.0357666015625,2250.0,2310.0,2235.0,2270.0,1011000
2005-11-30,1036.3912353515625,2225.0,2265.0,2215.0,2255.0,381600
2005-12-01,1024.7462158203125,2200.0,2240.0,2190.0,2230.0,400200
2005-12-02,1022.4172973632812,2195.0,2240.0,2195.0,2215.0,402900
2005-12-05,1031.7335205078125,2215.0,2225.0,2180.0,2200.0,318600
2005-12-06,1008.443603515625,2165.0,2215.0,2165.0,2215.0,291500
2005-12-07,1003.7855834960938,2155.0,2180.0,2140.0,2170.0,271500
2005-12-08,996.798583984375,2140.0,2180.0,2135.0,2155.0,274600
2005-12-09,987.48291015625,2120.0,2160.0,2105.0,2140.0,287500
2005-12-12,996.798583984375,2140.0,2150.0,2125.0,2140.0,168100
2005-12-13,999.1276245117188,2145.0,2150.0,2130.0,2140.0,181800
2005-12-14,978.1670532226562,2100.0,2150.0,2090.0,2150.0,244300
2005-12-15,966.5219116210938,2075.0,2125.0,2075.0,2110.0,297900
2005-12-16,1013.1014404296875,2175.0,2190.0,2080.0,2095.0,611300
2005-12-19,1045.70703125,2245.0,2255.0,2190.0,2190.0,724300
2005-12-20,1045.70703125,2245.0,2250.0,2230.0,2250.0,362900
2005-12-21,1022.4172973632812,2195.0,2235.0,2180.0,2230.0,279000
2005-12-22,1036.3912353515625,2225.0,2245.0,2170.0,2170.0,478800
2005-12-23,1036.3912353515625,2225.0,2225.0,2225.0,2225.0,0
2005-12-26,1034.06201171875,2220.0,2240.0,2215.0,2225.0,241300
2005-12-27,1029.404052734375,2210.0,2220.0,2190.0,2205.0,190100
2005-12-28,1045.70703125,2245.0,2255.0,2210.0,2210.0,309200
2005-12-29,1101.6024169921875,2365.0,2370.0,2265.0,2280.0,993100
2005-12-30,1129.5499267578125,2425.0,2440.0,2385.0,2390.0,499700
2006-01-02,1129.5499267578125,2425.0,2425.0,2425.0,2425.0,0
2006-01-03,1129.5499267578125,2425.0,2425.0,2425.0,2425.0,0
2006-01-04,1122.5631103515625,2410.0,2440.0,2410.0,2435.0,193300
2006-01-05,1164.484619140625,2500.0,2515.0,2420.0,2430.0,633000
2006-01-06,1157.4974365234375,2485.0,2490.0,2480.0,2490.0,265400
2006-01-09,1157.4974365234375,2485.0,2485.0,2485.0,2485.0,0
2006-01-10,1243.669189453125,2670.0,2725.0,2490.0,2490.0,1418900
2006-01-11,1264.6298828125,2715.0,2770.0,2670.0,2680.0,981600
2006-01-12,1201.7479248046875,2580.0,2685.0,2565.0,2680.0,620400
2006-01-13,1187.7740478515625,2550.0,2615.0,2525.0,2610.0,333800
2006-01-16,1164.484619140625,2500.0,2520.0,2480.0,2510.0,337500
2006-01-17,1103.930908203125,2370.0,2465.0,2355.0,2450.0,456100
2006-01-18,1043.3779296875,2240.0,2360.0,2200.0,2310.0,489600
2006-01-19,1082.970458984375,2325.0,2355.0,2210.0,2210.0,383200
2006-01-20,1064.3388671875,2285.0,2425.0,2280.0,2350.0,354500
2006-01-23,1031.7335205078125,2215.0,2270.0,2210.0,2250.0,269400
2006-01-24,1048.0357666015625,2250.0,2275.0,2215.0,2220.0,205300
2006-01-25,1073.6546630859375,2305.0,2335.0,2260.0,2290.0,296200
2006-01-26,1043.3779296875,2240.0,2300.0,2230.0,2270.0,263300
2006-01-27,1071.32568359375,2300.0,2330.0,2260.0,2260.0,752000
2006-01-30,1101.6024169921875,2365.0,2395.0,2355.0,2355.0,582400
2006-01-31,1150.5106201171875,2470.0,2520.0,2425.0,2445.0,1041000
2006-02-01,1064.3388671875,2285.0,2460.0,2265.0,2460.0,1446400
2006-02-02,1101.6024169921875,2365.0,2375.0,2285.0,2325.0,743100
2006-02-03,1115.5760498046875,2395.0,2415.0,2330.0,2340.0,331400
2006-02-06,1099.2733154296875,2360.0,2415.0,2320.0,2400.0,301300
2006-02-07,1092.286376953125,2345.0,2390.0,2340.0,2365.0,314700
2006-02-08,1094.615234375,2350.0,2440.0,2350.0,2360.0,531900
2006-02-09,1094.615234375,2350.0,2395.0,2345.0,2390.0,236000
2006-02-10,1075.983642578125,2310.0,2360.0,2310.0,2350.0,258100
2006-02-13,1029.404052734375,2210.0,2310.0,2175.0,2310.0,551100
2006-02-14,1045.70703125,2245.0,2260.0,2140.0,2205.0,273400
2006-02-15,1052.6942138671875,2260.0,2330.0,2235.0,2295.0,282900
2006-02-16,1034.06201171875,2220.0,2270.0,2190.0,2240.0,271000
2006-02-17,996.798583984375,2140.0,2235.0,2130.0,2190.0,339900
2006-02-20,975.8379516601562,2095.0,2180.0,2080.0,2130.0,320000
2006-02-21,1022.4172973632812,2195.0,2205.0,2100.0,2100.0,236500
2006-02-22,1066.667724609375,2290.0,2310.0,2270.0,2275.0,544900
2006-02-23,1087.628173828125,2335.0,2380.0,2290.0,2310.0,373400
2006-02-24,1096.9442138671875,2355.0,2365.0,2340.0,2345.0,346400
2006-02-27,1092.286376953125,2345.0,2365.0,2290.0,2355.0,174800
2006-02-28,1094.615234375,2350.0,2465.0,2320.0,2340.0,592600
2006-03-01,1064.3388671875,2285.0,2350.0,2275.0,2350.0,150600
2006-03-02,1050.3648681640625,2255.0,2335.0,2230.0,2320.0,171200
2006-03-03,1027.0753173828125,2205.0,2245.0,2150.0,2215.0,291700
2006-03-06,1094.615234375,2350.0,2365.0,2210.0,2220.0,794500
2006-03-07,1103.930908203125,2370.0,2380.0,2265.0,2290.0,395400
2006-03-08,1131.87890625,2430.0,2485.0,2320.0,2340.0,657800
2006-03-09,1124.891845703125,2415.0,2420.0,2355.0,2390.0,444000
2006-03-10,1094.615234375,2350.0,2415.0,2340.0,2380.0,285200
2006-03-13,1087.628173828125,2335.0,2380.0,2285.0,2355.0,450400
2006-03-14,1082.970458984375,2325.0,2370.0,2310.0,2335.0,138400
2006-03-15,1075.983642578125,2310.0,2340.0,2305.0,2325.0,164200
2006-03-16,1059.6807861328125,2275.0,2340.0,2270.0,2315.0,199700
2006-03-17,1055.02294921875,2265.0,2280.0,2250.0,2265.0,195300
2006-03-20,1048.0357666015625,2250.0,2310.0,2245.0,2270.0,179800
2006-03-21,1048.0357666015625,2250.0,2250.0,2250.0,2250.0,0
2006-03-22,1080.6417236328125,2320.0,2340.0,2255.0,2255.0,369400
2006-03-23,1080.6417236328125,2320.0,2360.0,2310.0,2350.0,298300
2006-03-24,1089.9571533203125,2340.0,2350.0,2320.0,2340.0,324800
2006-03-27,1096.9442138671875,2355.0,2370.0,2330.0,2330.0,286100
2006-03-28,1084.1893310546875,2295.0,2325.0,2275.0,2285.0,295400
2006-03-29,1112.533935546875,2355.0,2380.0,2310.0,2320.0,291300
2006-03-30,1150.326904296875,2435.0,2455.0,2365.0,2380.0,494200
2006-03-31,1232.9993896484375,2610.0,2635.0,2445.0,2475.0,1502000
2006-04-03,1221.189208984375,2585.0,2600.0,2550.0,2595.0,526200
2006-04-04,1195.2064208984375,2530.0,2565.0,2510.0,2550.0,257400
2006-04-05,1171.5855712890625,2480.0,2530.0,2460.0,2495.0,154600
2006-04-06,1166.861572265625,2470.0,2570.0,2440.0,2485.0,726700
2006-04-07,1204.6546630859375,2550.0,2565.0,2490.0,2510.0,337600
2006-04-10,1216.4647216796875,2575.0,2585.0,2495.0,2510.0,314000
2006-04-11,1242.4476318359375,2630.0,2635.0,2580.0,2595.0,626000
2006-04-12,1228.275390625,2600.0,2620.0,2585.0,2600.0,242300
2006-04-13,1244.8096923828125,2635.0,2660.0,2585.0,2585.0,333400
2006-04-14,1230.63720703125,2605.0,2650.0,2600.0,2650.0,99800
2006-04-17,1202.2926025390625,2545.0,2620.0,2540.0,2585.0,134700
2006-04-18,1225.913330078125,2595.0,2595.0,2495.0,2505.0,144400
2006-04-19,1214.1029052734375,2570.0,2625.0,2570.0,2600.0,131200
2006-04-20,1195.2064208984375,2530.0,2550.0,2500.0,2550.0,159600
2006-04-21,1209.3787841796875,2560.0,2585.0,2505.0,2530.0,181400
2006-04-24,1192.84423828125,2525.0,2565.0,2505.0,2560.0,131500
2006-04-25,1199.930419921875,2540.0,2580.0,2510.0,2510.0,340900
2006-04-26,1228.275390625,2600.0,2690.0,2570.0,2580.0,749800
2006-04-27,1303.8616943359375,2760.0,2775.0,2640.0,2640.0,1050500
2006-04-28,1329.84423828125,2815.0,2855.0,2755.0,2765.0,810000
2006-05-01,1329.84423828125,2815.0,2830.0,2790.0,2810.0,262500
2006-05-02,1341.6546630859375,2840.0,2850.0,2780.0,2780.0,210200
2006-05-03,1341.6546630859375,2840.0,2840.0,2840.0,2840.0,0
2006-05-04,1341.6546630859375,2840.0,2840.0,2840.0,2840.0,0
2006-05-05,1341.6546630859375,2840.0,2840.0,2840.0,2840.0,0
2006-05-08,1327.48193359375,2810.0,2850.0,2805.0,2830.0,251200
2006-05-09,1325.1202392578125,2805.0,2845.0,2775.0,2800.0,217300
2006-05-10,1296.77490234375,2745.0,2785.0,2735.0,2765.0,209400
2006-05-11,1296.77490234375,2745.0,2775.0,2705.0,2705.0,168700
2006-05-12,1275.5164794921875,2700.0,2720.0,2660.0,2700.0,229800
2006-05-15,1287.3267822265625,2725.0,2750.0,2660.0,2660.0,240500
2006-05-16,1230.63720703125,2605.0,2710.0,2585.0,2685.0,393300
2006-05-17,1232.9993896484375,2610.0,2630.0,2580.0,2580.0,169800
2006-05-18,1221.189208984375,2585.0,2600.0,2555.0,2570.0,156200
2006-05-19,1221.189208984375,2585.0,2590.0,2545.0,2570.0,214200
2006-05-22,1209.3787841796875,2560.0,2615.0,2560.0,2600.0,154000
2006-05-23,1176.3096923828125,2490.0,2530.0,2475.0,2480.0,197600
2006-05-24,1195.2064208984375,2530.0,2555.0,2470.0,2470.0,159200
2006-05-25,1188.120361328125,2515.0,2540.0,2500.0,2525.0,165500
2006-05-26,1190.482421875,2520.0,2550.0,2475.0,2525.0,155300
2006-05-29,1178.6719970703125,2495.0,2555.0,2460.0,2550.0,171000
2006-05-30,1159.7755126953125,2455.0,2480.0,2425.0,2475.0,147400
2006-05-31,1121.982177734375,2375.0,2400.0,2360.0,2380.0,229600
2006-06-01,1114.8961181640625,2360.0,2470.0,2350.0,2450.0,126800
2006-06-02,1119.6199951171875,2370.0,2375.0,2240.0,2350.0,240000
2006-06-05,1117.25830078125,2365.0,2430.0,2330.0,2380.0,330100
2006-06-06,1072.3787841796875,2270.0,2330.0,2250.0,2285.0,214500
2006-06-07,1027.4993896484375,2175.0,2265.0,2140.0,2250.0,374800
2006-06-08,954.275634765625,2020.0,2105.0,1995.0,2055.0,654000
2006-06-09,970.81005859375,2055.0,2100.0,2040.0,2040.0,294500
2006-06-12,1006.240966796875,2130.0,2170.0,2070.0,2095.0,364100
2006-06-13,963.7238159179688,2040.0,2150.0,2040.0,2150.0,289800
2006-06-14,968.4478149414062,2050.0,2105.0,2030.0,2030.0,141600
2006-06-15,992.068359375,2100.0,2155.0,2095.0,2120.0,173400
2006-06-16,1029.8614501953125,2180.0,2190.0,2135.0,2175.0,124400
2006-06-19,1025.137451171875,2170.0,2195.0,2150.0,2190.0,175000
2006-06-20,994.4307250976562,2105.0,2170.0,2095.0,2170.0,121000
2006-06-21,975.5341796875,2065.0,2135.0,2055.0,2135.0,150200
2006-06-22,999.1546630859375,2115.0,2125.0,2090.0,2100.0,109100
2006-06-23,994.4307250976562,2105.0,2110.0,2065.0,2110.0,184400
2006-06-26,982.6204223632812,2080.0,2115.0,2070.0,2115.0,174400
2006-06-27,992.068359375,2100.0,2110.0,2075.0,2110.0,141600
2006-06-28,984.982421875,2085.0,2105.0,2060.0,2070.0,179200
2006-06-29,987.3446044921875,2090.0,2095.0,2075.0,2080.0,124400
2006-06-30,1015.6891479492188,2150.0,2160.0,2125.0,2140.0,332500
2006-07-03,1010.9649658203125,2140.0,2180.0,2125.0,2180.0,82000
2006-07-04,1008.6030883789062,2135.0,2150.0,2120.0,2145.0,94300
2006-07-05,1010.9649658203125,2140.0,2160.0,2125.0,2135.0,130400
2006-07-06,994.4307250976562,2105.0,2120.0,2100.0,2115.0,105800
2006-07-07,992.068359375,2100.0,2120.0,2095.0,2110.0,123900
2006-07-10,980.2579345703125,2075.0,2085.0,2040.0,2050.0,148900
2006-07-11,975.5341796875,2065.0,2075.0,2050.0,2075.0,107100
2006-07-12,963.7238159179688,2040.0,2065.0,2030.0,2060.0,189000
2006-07-13,936.7960815429688,1983.0,2020.0,1969.0,2010.0,392500
2006-07-14,918.3720703125,1944.0,1985.0,1935.0,1983.0,141100
2006-07-17,918.3720703125,1944.0,1944.0,1944.0,1944.0,0
2006-07-18,852.2340087890625,1804.0,1930.0,1778.0,1920.0,454900
2006-07-19,836.64453125,1771.0,1822.0,1748.0,1800.0,436900
2006-07-20,884.3580322265625,1872.0,1886.0,1804.0,1823.0,453700
2006-07-21,864.5167846679688,1830.0,1890.0,1814.0,1890.0,197900
2006-07-24,842.3135375976562,1783.0,1830.0,1776.0,1830.0,263200
2006-07-25,857.4306030273438,1815.0,1826.0,1785.0,1805.0,229000
2006-07-26,788.9306640625,1670.0,1730.0,1633.0,1700.0,744500
2006-07-27,773.8135375976562,1638.0,1675.0,1616.0,1670.0,487600
2006-07-28,761.5307006835938,1612.0,1676.0,1602.0,1668.0,807000
2006-07-31,810.66162109375,1716.0,1748.0,1672.0,1702.0,837400
2006-08-01,795.0721435546875,1683.0,1746.0,1672.0,1746.0,538200
2006-08-02,805.9376220703125,1706.0,1722.0,1666.0,1693.0,559700
2006-08-03,802.630615234375,1699.0,1736.0,1686.0,1736.0,366100
2006-08-04,804.5203857421875,1703.0,1725.0,1700.0,1724.0,269000
2006-08-07,780.8994750976562,1653.0,1720.0,1650.0,1705.0,507600
2006-08-08,781.3720703125,1654.0,1658.0,1630.0,1630.0,296300
2006-08-09,787.5134887695312,1667.0,1668.0,1633.0,1654.0,190100
2006-08-10,764.8375854492188,1619.0,1656.0,1616.0,1650.0,424500
2006-08-11,776.17529296875,1643.0,1668.0,1629.0,1629.0,230600
2006-08-14,793.65478515625,1680.0,1683.0,1654.0,1654.0,125000
2006-08-15,814.4409790039062,1724.0,1739.0,1684.0,1684.0,392500
2006-08-16,835.2271728515625,1768.0,1784.0,1759.0,1784.0,192400
2006-08-17,875.8546752929688,1854.0,1887.0,1815.0,1828.0,565300
2006-08-18,874.9098510742188,1852.0,1865.0,1833.0,1857.0,300700
2006-08-21,868.2962036132812,1838.0,1864.0,1837.0,1860.0,277500
2006-08-22,870.6582641601562,1843.0,1847.0,1834.0,1835.0,205300
2006-08-23,874.9098510742188,1852.0,1858.0,1840.0,1850.0,161100
2006-08-24,872.5477294921875,1847.0,1852.0,1830.0,1841.0,171800
2006-08-25,864.0444946289062,1829.0,1848.0,1816.0,1819.0,162900
2006-08-28,837.116943359375,1772.0,1830.0,1768.0,1830.0,292500
2006-08-29,841.3685302734375,1781.0,1794.0,1762.0,1773.0,221200
2006-08-30,839.4789428710938,1777.0,1823.0,1771.0,1798.0,91900
2006-08-31,839.4789428710938,1777.0,1822.0,1774.0,1797.0,208000
2006-09-01,841.8410034179688,1782.0,1797.0,1762.0,1780.0,146700
2006-09-04,844.2031860351562,1787.0,1793.0,1777.0,1785.0,141200
2006-09-05,847.5101318359375,1794.0,1800.0,1784.0,1789.0,79100
2006-09-06,850.344482421875,1800.0,1807.0,1792.0,1799.0,145100
2006-09-07,831.4480590820312,1760.0,1797.0,1760.0,1795.0,140700
2006-09-08,833.8099365234375,1765.0,1784.0,1740.0,1750.0,204400
2006-09-11,821.9996337890625,1740.0,1783.0,1740.0,1762.0,178400
2006-09-12,799.3237915039062,1692.0,1741.0,1687.0,1740.0,244600
2006-09-13,781.3720703125,1654.0,1705.0,1653.0,1704.0,326300
2006-09-14,797.4340209960938,1688.0,1718.0,1662.0,1664.0,256900
2006-09-15,783.2615966796875,1658.0,1690.0,1656.0,1675.0,312200
2006-09-18,783.2615966796875,1658.0,1658.0,1658.0,1658.0,0
2006-09-19,757.2789306640625,1603.0,1658.0,1603.0,1650.0,627400
2006-09-20,755.8616943359375,1600.0,1616.0,1581.0,1604.0,542600
2006-09-21,759.16845703125,1607.0,1627.0,1602.0,1621.0,247000
2006-09-22,730.3514404296875,1546.0,1582.0,1543.0,1580.0,678600
2006-09-25,699.6444702148438,1481.0,1513.0,1475.0,1500.0,567300
2006-09-26,667.5205078125,1413.0,1482.0,1401.0,1477.0,629400
2006-09-27,675.5515747070312,1430.0,1450.0,1420.0,1450.0,387000
2006-09-28,681.2203369140625,1442.0,1444.0,1407.0,1433.0,415800
2006-09-29,682.6376342773438,1445.0,1480.0,1437.0,1466.0,470700
2006-10-02,691.6134033203125,1464.0,1470.0,1449.0,1453.0,379500
2006-10-03,694.9203491210938,1471.0,1480.0,1464.0,1468.0,372200
2006-10-04,671.7722778320312,1422.0,1482.0,1420.0,1480.0,517200
2006-10-05,671.7722778320312,1422.0,1458.0,1412.0,1436.0,400800
2006-10-06,661.8514404296875,1401.0,1424.0,1388.0,1424.0,307600
2006-10-09,661.8514404296875,1401.0,1401.0,1401.0,1401.0,0
2006-10-10,646.7342529296875,1369.0,1395.0,1362.0,1395.0,366600
2006-10-11,648.1512451171875,1372.0,1403.0,1371.0,1380.0,373600
2006-10-12,650.5133056640625,1377.0,1391.0,1372.0,1373.0,307300
2006-10-13,689.7239379882812,1460.0,1461.0,1398.0,1400.0,439400
2006-10-16,705.7858276367188,1494.0,1498.0,1470.0,1493.0,325200
2006-10-17,697.2822875976562,1476.0,1498.0,1476.0,1498.0,352800
2006-10-18,695.3928833007812,1472.0,1480.0,1440.0,1470.0,296200
2006-10-19,698.69970703125,1479.0,1528.0,1464.0,1512.0,443100
2006-10-20,683.5825805664062,1447.0,1473.0,1438.0,1472.0,316100
2006-10-23,686.4168701171875,1453.0,1465.0,1445.0,1453.0,311500
2006-10-24,682.6376342773438,1445.0,1485.0,1444.0,1460.0,233500
2006-10-25,689.25146484375,1459.0,1480.0,1450.0,1480.0,272400
2006-10-26,688.3065795898438,1457.0,1478.0,1453.0,1478.0,290200
2006-10-27,680.748046875,1441.0,1466.0,1440.0,1453.0,289800
2006-10-30,667.99267578125,1414.0,1438.0,1408.0,1438.0,283800
2006-10-31,667.5205078125,1413.0,1450.0,1401.0,1415.0,318000
2006-11-01,655.7100219726562,1388.0,1410.0,1383.0,1410.0,591800
2006-11-02,650.041015625,1376.0,1394.0,1366.0,1386.0,512500
2006-11-03,650.041015625,1376.0,1376.0,1376.0,1376.0,0
2006-11-06,639.175537109375,1353.0,1372.0,1338.0,1372.0,391600
2006-11-07,625.4757080078125,1324.0,1368.0,1323.0,1357.0,472700
2006-11-08,601.3824462890625,1273.0,1311.0,1271.0,1310.0,562500
2006-11-09,613.6652221679688,1299.0,1315.0,1286.0,1289.0,409800
2006-11-10,604.6893920898438,1280.0,1290.0,1271.0,1280.0,305100
2006-11-13,605.161865234375,1281.0,1292.0,1275.0,1280.0,310400
2006-11-14,614.1376953125,1300.0,1312.0,1284.0,1284.0,249200
2006-11-15,613.6652221679688,1299.0,1329.0,1298.0,1320.0,173900
2006-11-16,606.1065063476562,1283.0,1310.0,1279.0,1308.0,172900
2006-11-17,598.0755615234375,1266.0,1290.0,1266.0,1289.0,176800
2006-11-20,582.9583740234375,1234.0,1272.0,1233.0,1266.0,229000
2006-11-21,581.0686645507812,1230.0,1250.0,1225.0,1237.0,246300
2006-11-22,590.5170288085938,1250.0,1250.0,1213.0,1228.0,232600
2006-11-23,590.5170288085938,1250.0,1250.0,1250.0,1250.0,0
2006-11-24,590.9893188476562,1251.0,1267.0,1232.0,1266.0,138600
2006-11-27,598.5479736328125,1267.0,1269.0,1242.0,1252.0,208400
2006-11-28,604.2169799804688,1279.0,1280.0,1246.0,1260.0,220400
2006-11-29,609.4135131835938,1290.0,1299.0,1280.0,1280.0,150800
2006-11-30,614.1376953125,1300.0,1307.0,1294.0,1300.0,213700
2006-12-01,615.554931640625,1303.0,1310.0,1294.0,1294.0,183300
2006-12-04,622.1687622070312,1317.0,1326.0,1298.0,1303.0,249200
2006-12-05,618.86181640625,1310.0,1344.0,1310.0,1340.0,238600
2006-12-06,618.3892822265625,1309.0,1318.0,1298.0,1310.0,318700
2006-12-07,644.3721313476562,1364.0,1373.0,1305.0,1305.0,639400
2006-12-08,645.3168334960938,1366.0,1370.0,1357.0,1360.0,316700
2006-12-11,651.9308471679688,1380.0,1390.0,1378.0,1380.0,289700
2006-12-12,644.8444213867188,1365.0,1379.0,1361.0,1370.0,259400
2006-12-13,641.5377197265625,1358.0,1366.0,1334.0,1365.0,354700
2006-12-14,645.7893676757812,1367.0,1372.0,1335.0,1340.0,286300
2006-12-15,651.9308471679688,1380.0,1391.0,1369.0,1374.0,271600
2006-12-18,647.2066040039062,1370.0,1388.0,1353.0,1384.0,236300
2006-12-19,634.9238891601562,1344.0,1364.0,1342.0,1359.0,299400
2006-12-20,644.3721313476562,1364.0,1368.0,1330.0,1330.0,209000
2006-12-21,636.8135375976562,1348.0,1359.0,1337.0,1350.0,188100
2006-12-22,626.4204711914062,1326.0,1340.0,1325.0,1328.0,264200
2006-12-25,621.6962890625,1316.0,1330.0,1313.0,1325.0,176000
2006-12-26,622.6410522460938,1318.0,1323.0,1295.0,1305.0,276700
2006-12-27,630.19970703125,1334.0,1342.0,1315.0,1317.0,112600
2006-12-28,638.703125,1352.0,1360.0,1337.0,1349.0,192900
2006-12-29,636.3411865234375,1347.0,1359.0,1342.0,1358.0,64300
2007-01-04,646.2617797851562,1368.0,1372.0,1352.0,1365.0,80900
2007-01-05,638.2306518554688,1351.0,1375.0,1350.0,1370.0,218900
2007-01-09,645.3168334960938,1366.0,1371.0,1353.0,1356.0,274400
2007-01-10,643.4273071289062,1362.0,1370.0,1361.0,1370.0,237500
2007-01-11,639.6481323242188,1354.0,1363.0,1348.0,1362.0,199300
2007-01-12,651.9308471679688,1380.0,1385.0,1350.0,1350.0,333400
2007-01-15,670.3548583984375,1419.0,1430.0,1393.0,1393.0,340500
2007-01-16,634.9238891601562,1344.0,1363.0,1319.0,1360.0,1221900
2007-01-17,632.561767578125,1339.0,1345.0,1324.0,1345.0,495600
2007-01-18,625.4757080078125,1324.0,1339.0,1320.0,1339.0,523200
2007-01-19,625.9479370117188,1325.0,1328.0,1315.0,1323.0,368900
2007-01-22,625.4757080078125,1324.0,1338.0,1324.0,1338.0,248900
2007-01-23,627.3652954101562,1328.0,1331.0,1323.0,1324.0,261000
2007-01-24,635.8684692382812,1346.0,1348.0,1330.0,1344.0,346600
2007-01-25,633.97900390625,1342.0,1360.0,1334.0,1354.0,555500
2007-01-26,586.7376708984375,1242.0,1304.0,1236.0,1302.0,1590000
2007-01-29,581.5410766601562,1231.0,1255.0,1223.0,1245.0,1058600
2007-01-30,574.4548950195312,1216.0,1234.0,1216.0,1230.0,604800
2007-01-31,566.423828125,1199.0,1224.0,1189.0,1224.0,723100
2007-02-01,555.0858764648438,1175.0,1200.0,1164.0,1200.0,632500
2007-02-02,541.8583984375,1147.0,1170.0,1144.0,1170.0,712800
2007-02-05,563.1170654296875,1192.0,1203.0,1152.0,1152.0,1003600
2007-02-06,575.3997192382812,1218.0,1230.0,1208.0,1230.0,781500
2007-02-07,569.7308349609375,1206.0,1236.0,1200.0,1236.0,409200
2007-02-08,573.9826049804688,1215.0,1221.0,1203.0,1205.0,366400
2007-02-09,587.6825561523438,1244.0,1245.0,1206.0,1215.0,418600
2007-02-13,580.5962524414062,1229.0,1249.0,1219.0,1247.0,389100
2007-02-14,581.0686645507812,1230.0,1235.0,1216.0,1230.0,283500
2007-02-15,589.0997924804688,1247.0,1249.0,1227.0,1227.0,241200
2007-02-16,582.4859008789062,1233.0,1237.0,1228.0,1230.0,250000
2007-02-19,581.0686645507812,1230.0,1242.0,1226.0,1240.0,277600
2007-02-20,579.178955078125,1226.0,1232.0,1221.0,1226.0,245500
2007-02-21,582.4859008789062,1233.0,1234.0,1226.0,1229.0,226000
2007-02-22,586.7376708984375,1242.0,1247.0,1230.0,1240.0,239600
2007-02-23,592.4066772460938,1254.0,1258.0,1236.0,1242.0,344400
2007-02-26,601.3824462890625,1273.0,1285.0,1268.0,1285.0,297400
2007-02-27,593.3513793945312,1256.0,1282.0,1254.0,1280.0,302500
2007-02-28,579.178955078125,1226.0,1229.0,1190.0,1201.0,381200
2007-03-01,582.9583740234375,1234.0,1234.0,1221.0,1229.0,285900
2007-03-02,576.3446655273438,1220.0,1227.0,1210.0,1225.0,281400
2007-03-05,558.3929443359375,1182.0,1225.0,1180.0,1221.0,412800
2007-03-06,568.785888671875,1204.0,1204.0,1168.0,1180.0,281900
2007-03-07,564.5342407226562,1195.0,1220.0,1194.0,1210.0,256800
2007-03-08,579.178955078125,1226.0,1226.0,1200.0,1201.0,138700
2007-03-09,578.7066650390625,1225.0,1229.0,1216.0,1225.0,190200
2007-03-12,592.8790283203125,1255.0,1255.0,1237.0,1238.0,207900
2007-03-13,597.1306762695312,1264.0,1275.0,1256.0,1256.0,244600
2007-03-14,577.7618408203125,1223.0,1238.0,1219.0,1225.0,297800
2007-03-15,584.3756103515625,1237.0,1237.0,1213.0,1228.0,304300
2007-03-16,583.9031372070312,1236.0,1250.0,1225.0,1242.0,167800
2007-03-19,588.6272583007812,1246.0,1246.0,1226.0,1230.0,146600
2007-03-20,582.9583740234375,1234.0,1246.0,1222.0,1246.0,312400
2007-03-22,598.5479736328125,1267.0,1270.0,1250.0,1250.0,287400
2007-03-23,596.1859741210938,1262.0,1274.0,1258.0,1272.0,178500
2007-03-26,602.3273315429688,1275.0,1279.0,1269.0,1273.0,207700
2007-03-27,594.6113891601562,1233.0,1257.0,1230.0,1246.0,345000
2007-03-28,589.7889404296875,1223.0,1243.0,1217.0,1230.0,201800
2007-03-29,597.5050659179688,1239.0,1242.0,1206.0,1207.0,239800
2007-03-30,597.9871215820312,1240.0,1241.0,1227.0,1239.0,177400
2007-04-02,577.732666015625,1198.0,1234.0,1196.0,1220.0,445100
2007-04-03,577.732666015625,1198.0,1208.0,1180.0,1200.0,372300
2007-04-04,589.7889404296875,1223.0,1224.0,1212.0,1218.0,198500
2007-04-05,590.2711181640625,1224.0,1225.0,1207.0,1207.0,163900
2007-04-06,588.342041015625,1220.0,1225.0,1217.0,1225.0,119200
2007-04-09,594.6113891601562,1233.0,1235.0,1215.0,1221.0,189200
2007-04-10,598.95166015625,1242.0,1246.0,1232.0,1235.0,243800
2007-04-11,599.9160766601562,1244.0,1264.0,1233.0,1243.0,182700
2007-04-12,598.95166015625,1242.0,1247.0,1236.0,1247.0,146900
2007-04-13,589.7889404296875,1223.0,1254.0,1222.0,1245.0,169800
2007-04-16,598.95166015625,1242.0,1254.0,1238.0,1238.0,181000
2007-04-17,600.3982543945312,1245.0,1254.0,1244.0,1245.0,171400
2007-04-18,603.774169921875,1252.0,1253.0,1245.0,1250.0,213400
2007-04-19,595.5758056640625,1235.0,1250.0,1230.0,1250.0,162200
2007-04-20,594.6113891601562,1233.0,1241.0,1226.0,1234.0,116700
2007-04-23,597.5050659179688,1239.0,1252.0,1236.0,1243.0,283800
2007-04-24,591.7179565429688,1227.0,1237.0,1215.0,1237.0,135000
2007-04-25,584.0018310546875,1211.0,1225.0,1205.0,1207.0,176800
2007-04-26,571.46337890625,1185.0,1186.0,1150.0,1150.0,431000
2007-04-27,564.7118530273438,1171.0,1176.0,1161.0,1165.0,361000
2007-05-01,570.0167846679688,1182.0,1188.0,1162.0,1168.0,338600
2007-05-02,571.46337890625,1185.0,1185.0,1172.0,1182.0,163100
2007-05-07,569.05224609375,1180.0,1183.0,1179.0,1180.0,302100
2007-05-08,566.6409301757812,1175.0,1178.0,1170.0,1177.0,252600
2007-05-09,558.4427490234375,1158.0,1167.0,1153.0,1167.0,272300
2007-05-10,551.6912841796875,1144.0,1157.0,1143.0,1157.0,288500
2007-05-11,549.7622680664062,1140.0,1147.0,1140.0,1144.0,269800
2007-05-14,533.8482055664062,1107.0,1118.0,1104.0,1118.0,319000
2007-05-15,520.8274536132812,1080.0,1088.0,1076.0,1081.0,422400
2007-05-16,520.34521484375,1079.0,1083.0,1070.0,1075.0,287100
2007-05-17,518.8984985351562,1076.0,1078.0,1075.0,1077.0,171500
2007-05-18,518.8984985351562,1076.0,1091.0,1074.0,1091.0,320900
2007-05-21,506.84234619140625,1051.0,1058.0,1036.0,1037.0,320300
2007-05-22,517.4518432617188,1073.0,1074.0,1049.0,1055.0,235400
2007-05-23,520.8274536132812,1080.0,1095.0,1075.0,1082.0,195000
2007-05-24,520.34521484375,1079.0,1088.0,1077.0,1085.0,169300
2007-05-25,512.1470336914062,1062.0,1062.0,1053.0,1056.0,177700
2007-05-28,514.5582275390625,1067.0,1071.0,1065.0,1065.0,121300
2007-05-29,516.4872436523438,1071.0,1074.0,1067.0,1072.0,101100
2007-05-30,516.0049438476562,1070.0,1076.0,1065.0,1073.0,210300
2007-05-31,515.5228271484375,1069.0,1071.0,1066.0,1071.0,158000
2007-06-01,519.3807983398438,1077.0,1084.0,1077.0,1083.0,155600
2007-06-04,519.863037109375,1078.0,1087.0,1078.0,1078.0,199400
2007-06-05,517.4518432617188,1073.0,1073.0,1066.0,1067.0,183500
2007-06-06,522.274169921875,1083.0,1085.0,1078.0,1080.0,288900
2007-06-07,514.5582275390625,1067.0,1071.0,1064.0,1071.0,349800
2007-06-08,509.25347900390625,1056.0,1058.0,1050.0,1052.0,364500
2007-06-11,513.111572265625,1064.0,1075.0,1063.0,1075.0,204400
2007-06-12,502.0198059082031,1041.0,1043.0,1032.0,1032.0,488500
2007-06-13,501.0552978515625,1039.0,1044.0,1035.0,1039.0,255400
2007-06-14,507.3245849609375,1052.0,1054.0,1045.0,1047.0,185200
2007-06-15,514.5582275390625,1067.0,1067.0,1059.0,1060.0,147500
2007-06-18,521.3097534179688,1081.0,1084.0,1070.0,1070.0,235900
2007-06-19,511.6647033691406,1061.0,1062.0,1051.0,1061.0,332900
2007-06-20,507.3245849609375,1052.0,1058.0,1050.0,1057.0,170000
2007-06-21,504.913330078125,1047.0,1056.0,1040.0,1055.0,509100
2007-06-22,506.84234619140625,1051.0,1051.0,1042.0,1042.0,339100
2007-06-25,504.4310607910156,1046.0,1055.0,1046.0,1050.0,158800
2007-06-26,503.9487609863281,1045.0,1048.0,1041.0,1041.0,355000
2007-06-27,500.0907897949219,1037.0,1038.0,1032.0,1036.0,338600
2007-06-28,507.8067932128906,1053.0,1053.0,1036.0,1037.0,184000
2007-06-29,515.5228271484375,1069.0,1071.0,1042.0,1047.0,293000
2007-07-02,517.9338989257812,1074.0,1077.0,1053.0,1076.0,183300
2007-07-03,514.075927734375,1066.0,1072.0,1056.0,1056.0,157600
2007-07-04,512.1470336914062,1062.0,1070.0,1056.0,1070.0,156400
2007-07-05,513.111572265625,1064.0,1064.0,1052.0,1052.0,179700
2007-07-06,511.6647033691406,1061.0,1064.0,1057.0,1057.0,174100
2007-07-09,520.8274536132812,1080.0,1081.0,1058.0,1060.0,301400
2007-07-10,520.8274536132812,1080.0,1083.0,1071.0,1072.0,146500
2007-07-11,525.6498413085938,1090.0,1102.0,1078.0,1100.0,304100
2007-07-12,520.34521484375,1079.0,1089.0,1076.0,1083.0,180200
2007-07-13,517.9338989257812,1074.0,1084.0,1071.0,1075.0,187600
2007-07-17,522.274169921875,1083.0,1088.0,1079.0,1081.0,184700
2007-07-18,514.075927734375,1066.0,1069.0,1061.0,1061.0,165900
2007-07-19,516.0049438476562,1070.0,1075.0,1065.0,1075.0,268100
2007-07-20,512.1470336914062,1062.0,1066.0,1060.0,1062.0,157600
2007-07-23,509.7358703613281,1057.0,1071.0,1054.0,1058.0,224100
2007-07-24,502.5020446777344,1042.0,1046.0,1029.0,1030.0,302800
2007-07-25,492.85711669921875,1022.0,1027.0,1011.0,1011.0,271100
2007-07-26,532.8836059570312,1105.0,1125.0,1082.0,1082.0,969100
2007-07-27,544.4575805664062,1129.0,1150.0,1123.0,1138.0,764300
2007-07-30,555.0671997070312,1151.0,1153.0,1090.0,1110.0,367900
2007-07-31,590.7532958984375,1225.0,1240.0,1185.0,1191.0,857200
2007-08-01,572.427978515625,1187.0,1213.0,1177.0,1210.0,477400
2007-08-02,554.5845947265625,1150.0,1188.0,1139.0,1188.0,416400
2007-08-03,549.2802124023438,1139.0,1139.0,1122.0,1130.0,295500
2007-08-06,547.8333129882812,1136.0,1140.0,1114.0,1114.0,239100
2007-08-07,545.904296875,1132.0,1142.0,1130.0,1140.0,204600
2007-08-08,534.3304443359375,1108.0,1118.0,1099.0,1111.0,302800
2007-08-09,578.2149658203125,1199.0,1210.0,1194.0,1210.0,862800
2007-08-10,581.5907592773438,1206.0,1231.0,1196.0,1196.0,566600
2007-08-13,557.96044921875,1157.0,1171.0,1135.0,1136.0,487800
2007-08-14,554.5845947265625,1150.0,1151.0,1144.0,1148.0,296200
2007-08-15,546.3865356445312,1133.0,1147.0,1125.0,1136.0,228400
2007-08-16,536.74169921875,1113.0,1115.0,1079.0,1095.0,341300
2007-08-17,527.5789184570312,1094.0,1115.0,1082.0,1115.0,501700
2007-08-20,530.4724731445312,1100.0,1109.0,1080.0,1080.0,308200
2007-08-21,535.294921875,1110.0,1114.0,1105.0,1110.0,206600
2007-08-22,536.259521484375,1112.0,1116.0,1104.0,1112.0,325000
2007-08-23,537.7061767578125,1115.0,1116.0,1101.0,1103.0,207100
2007-08-24,540.1173095703125,1120.0,1126.0,1106.0,1120.0,247600
2007-08-27,540.1173095703125,1120.0,1126.0,1112.0,1123.0,162900
2007-08-28,541.564208984375,1123.0,1125.0,1114.0,1114.0,138000
2007-08-29,523.2387084960938,1085.0,1087.0,1069.0,1069.0,205000
2007-08-30,528.5433959960938,1096.0,1096.0,1084.0,1093.0,125800
2007-08-31,537.223876953125,1114.0,1114.0,1084.0,1094.0,331600
2007-09-03,532.8836059570312,1105.0,1112.0,1088.0,1091.0,120400
2007-09-04,528.0611572265625,1095.0,1099.0,1085.0,1090.0,145700
2007-09-05,515.5228271484375,1069.0,1096.0,1064.0,1096.0,289700
2007-09-06,519.3807983398438,1077.0,1079.0,1051.0,1056.0,189800
2007-09-07,518.4161987304688,1075.0,1083.0,1057.0,1057.0,174000
2007-09-10,510.70037841796875,1059.0,1069.0,1052.0,1055.0,177100
2007-09-11,513.111572265625,1064.0,1074.0,1047.0,1062.0,199000
2007-09-12,502.0198059082031,1041.0,1074.0,1038.0,1066.0,258000
2007-09-13,499.12628173828125,1035.0,1046.0,1033.0,1041.0,138800
2007-09-14,494.3038330078125,1025.0,1035.0,1016.0,1022.0,329700
2007-09-18,488.0346984863281,1012.0,1024.0,1010.0,1011.0,140000
2007-09-19,502.9842529296875,1043.0,1046.0,1025.0,1035.0,177000
2007-09-20,503.9487609863281,1045.0,1046.0,1035.0,1043.0,150400
2007-09-21,491.410400390625,1019.0,1039.0,1009.0,1012.0,116400
2007-09-25,489.963623046875,1016.0,1028.0,1004.0,1014.0,148500
2007-09-26,493.3394470214844,1023.0,1025.0,1001.0,1001.0,151600
2007-09-27,501.53753662109375,1040.0,1048.0,1025.0,1039.0,143900
2007-09-28,488.0346984863281,1012.0,1048.0,1005.0,1039.0,348500
2007-10-01,452.3482971191406,938.0,1013.0,931.0,1001.0,628400
2007-10-02,455.2417297363281,944.0,949.0,936.0,942.0,300700
2007-10-03,461.5109558105469,957.0,965.0,944.0,962.0,301300
2007-10-04,441.2565002441406,915.0,955.0,906.0,952.0,638500
2007-10-05,440.2920837402344,913.0,916.0,902.0,910.0,604300
2007-10-09,444.1501159667969,921.0,933.0,915.0,923.0,317700
2007-10-10,441.2565002441406,915.0,925.0,912.0,921.0,219500
2007-10-11,441.7388610839844,916.0,921.0,906.0,916.0,274100
2007-10-12,439.32763671875,911.0,919.0,911.0,919.0,274100
2007-10-15,439.32763671875,911.0,915.0,908.0,913.0,161900
2007-10-16,430.1648254394531,892.0,905.0,892.0,905.0,161900
2007-10-17,431.6116638183594,895.0,901.0,895.0,901.0,161900
2007-10-18,456.6885070800781,947.0,947.0,921.0,921.0,161900
2007-10-19,489.4813537597656,1015.0,1015.0,988.0,988.0,161900
2007-10-22,516.4872436523438,1071.0,1075.0,1005.0,1015.0,808000
2007-10-23,522.274169921875,1083.0,1087.0,1083.0,1087.0,808000
2007-10-24,543.4931030273438,1127.0,1127.0,1082.0,1082.0,808000
2007-10-25,544.4575805664062,1129.0,1129.0,1127.0,1127.0,808000
2007-10-26,571.46337890625,1185.0,1185.0,1163.0,1163.0,808000
2007-10-29,557.478271484375,1156.0,1204.0,1154.0,1172.0,607400
2007-10-30,560.8541259765625,1163.0,1175.0,1163.0,1175.0,607400
2007-10-31,556.513916015625,1154.0,1157.0,1125.0,1145.0,668200
2007-11-01,554.5845947265625,1150.0,1154.0,1150.0,1154.0,668200
2007-11-02,577.732666015625,1198.0,1198.0,1190.18896484375,1190.18896484375,668200
2007-11-05,572.427978515625,1187.0,1221.0,1173.0,1198.0,428700
2007-11-06,561.3363647460938,1164.0,1185.0,1164.0,1185.0,428700
2007-11-07,562.3007202148438,1166.0,1171.2869873046875,1166.0,1171.2869873046875,428700
2007-11-08,591.7179565429688,1227.0,1227.0,1169.0,1169.0,428700
2007-11-09,567.123291015625,1176.0,1183.0,1176.0,1183.0,428700
2007-11-12,555.5493774414062,1152.0,1183.0,1152.0,1183.0,428700
2007-11-13,544.93994140625,1130.0,1130.0,1115.0,1125.0,428700
2007-11-14,565.1942749023438,1172.0,1172.0,1130.0,1130.0,428700
2007-11-15,574.8391723632812,1192.0,1192.0,1174.0,1174.0,428700
2007-11-16,563.74755859375,1169.0,1192.0,1169.0,1192.0,428700
2007-11-19,561.3363647460938,1164.0,1178.0,1164.0,1178.0,428700
2007-11-20,562.7830200195312,1167.0,1167.0,1137.0,1137.0,428700
2007-11-21,554.5845947265625,1150.0,1158.7239990234375,1150.0,1158.7239990234375,428700
2007-11-22,575.3216552734375,1193.0,1193.0,1152.0,1152.0,428700
2007-11-26,581.5907592773438,1206.0,1225.0,1195.0,1200.0,348300
2007-11-27,580.1439819335938,1203.0,1203.0,1183.0,1183.0,428700
2007-11-28,575.8037109375,1194.0,1194.0,1181.5804443359375,1181.5804443359375,428700
2007-11-29,591.7179565429688,1227.0,1227.0,1217.0,1217.0,428700
2007-11-30,592.2000732421875,1228.0,1228.0,1226.386474609375,1226.386474609375,428700
2007-12-03,588.8244018554688,1221.0,1228.0,1221.0,1228.0,428700
2007-12-04,577.25048828125,1197.0,1206.0,1195.0,1198.0,284800
2007-12-05,600.3982543945312,1245.0,1245.0,1197.0,1197.0,284800
2007-12-06,606.6676635742188,1258.0,1258.0,1242.0,1242.0,284800
2007-12-07,602.8095703125,1250.0,1250.0,1250.0,1250.0,284800
2007-12-10,609.078857421875,1263.0,1263.0,1262.0,1262.0,284800
2007-12-11,624.0285034179688,1294.0,1294.0,1286.0,1286.0,284800
2007-12-12,653.4456176757812,1355.0,1355.0,1319.0,1319.0,284800
2007-12-13,661.1615600585938,1371.0,1394.0,1371.0,1394.0,284800
2007-12-14,652.96337890625,1354.0,1364.0,1349.0,1361.0,495300
2007-12-17,637.5313720703125,1322.0,1357.0,1322.0,1357.0,495300
2007-12-18,631.2621459960938,1309.0,1320.0,1285.0,1290.0,454100
2007-12-19,624.9929809570312,1296.0,1304.0,1296.0,1304.0,495300
2007-12-20,624.9929809570312,1296.0,1314.0,1296.0,1314.0,495300
2007-12-21,632.2266845703125,1311.0,1311.0,1296.0,1296.0,495300
2007-12-25,622.0994262695312,1290.0,1290.0,1284.0,1284.0,495300
2007-12-26,635.6024169921875,1318.0,1318.0,1292.0,1292.0,495300
2007-12-27,622.581787109375,1291.0,1318.0,1291.0,1318.0,495300
2007-12-28,615.3480224609375,1276.0,1284.0,1271.0,1280.0,68700
2008-01-04,584.0018310546875,1211.0,1262.0,1206.0,1261.0,216300
2008-01-07,566.15869140625,1174.0,1175.0,1174.0,1175.0,495300
2008-01-08,543.4931030273438,1127.0,1174.0,1127.0,1174.0,495300
2008-01-09,563.74755859375,1169.0,1169.0,1127.0,1127.0,495300
2008-01-10,534.3304443359375,1108.0,1135.0,1107.0,1127.0,496900
2008-01-11,516.4872436523438,1071.0,1108.0,1071.0,1108.0,496900
2008-01-15,502.0198059082031,1041.0,1075.3375244140625,1041.0,1075.3375244140625,496900
2008-01-16,474.0494689941406,983.0,1034.0,972.0,1005.0,360800
2008-01-17,502.0198059082031,1041.0,1041.0,987.0,987.0,360800
2008-01-18,521.3097534179688,1081.0,1081.0,1018.0,1018.0,360800
2008-01-21,488.5168151855469,1013.0,1026.0,1013.0,1026.0,360800
2008-01-22,461.9932556152344,958.0,986.0,958.0,986.0,360800
2008-01-23,463.43994140625,961.0,965.0,961.0,965.0,360800
2008-01-24,477.9074401855469,991.0,991.0,961.0,961.0,360800
2008-01-25,487.07012939453125,1010.0,1010.0,992.0,992.0,360800
2008-01-28,466.8156433105469,968.0,979.0,968.0,979.0,360800
2008-01-29,475.9784851074219,987.0,987.0,973.7595825195312,973.7595825195312,360800
2008-01-30,427.7537536621094,887.0,987.0,887.0,987.0,360800
2008-01-31,428.71807861328125,889.0,894.0,889.0,894.0,360800
2008-02-01,409.4282531738281,849.0,889.0,849.0,889.0,360800
2008-02-04,410.8749694824219,852.0,852.0,843.0,843.0,360800
2008-02-05,393.0318298339844,815.0,855.0,815.0,855.0,360800
2008-02-06,374.2242736816406,776.0,819.0,776.0,819.0,360800
2008-02-07,376.1531677246094,780.0,780.0,773.0,773.0,360800
2008-02-08,367.47271728515625,762.0,776.4509887695312,762.0,776.4509887695312,360800
2008-02-12,354.4519958496094,735.0,762.0,735.0,762.0,360800
2008-02-13,362.65020751953125,752.0,752.0,752.0,752.0,360800
2008-02-14,377.5998840332031,783.0,783.0,775.0,775.0,360800
2008-02-15,390.13836669921875,809.0,815.0,792.0,804.0,447200
2008-02-18,391.5851135253906,812.0,821.0,812.0,821.0,447200
2008-02-19,390.62054443359375,810.0,810.0,802.0,802.0,447200
2008-02-20,375.6709289550781,779.0,805.0,779.0,805.0,447200
2008-02-21,387.7270812988281,804.0,804.0,782.0,782.0,447200
2008-02-22,384.3513488769531,797.0,803.0,797.0,803.0,447200
2008-02-25,393.5140686035156,816.0,816.0,809.0,809.0,447200
2008-02-26,381.9402160644531,792.0,802.0,792.0,802.0,447200
2008-02-27,396.40753173828125,822.0,822.0,792.0,792.0,447200
2008-02-28,403.1591491699219,836.0,836.0,811.9796752929688,811.9796752929688,447200
2008-02-29,397.854248046875,825.0,831.0,825.0,831.0,447200
2008-03-03,376.1531677246094,780.0,825.0,780.0,825.0,447200
2008-03-04,372.295166015625,772.0,783.0809936523438,772.0,783.0809936523438,447200
2008-03-05,366.5081787109375,760.0,775.0,760.0,775.0,447200
2008-03-06,372.7774963378906,773.0,773.0,763.0020141601562,763.0020141601562,447200
2008-03-07,366.990478515625,761.0,773.0,761.0,773.0,447200
2008-03-10,354.9342956542969,736.0,748.0,736.0,748.0,447200
2008-03-11,365.0614318847656,757.0,757.0,736.0,736.0,447200
2008-03-12,368.4372253417969,764.0,768.0,764.0,768.0,447200
2008-03-13,360.2389831542969,747.0,751.0,747.0,751.0,447200
2008-03-14,350.593994140625,727.0,747.0,727.0,747.0,447200
2008-03-17,337.5733947753906,700.0,700.0,698.0,698.0,447200
2008-03-18,349.1473388671875,724.0,724.0,697.0,697.0,447200
2008-03-19,351.5585632324219,729.0,734.0,729.0,734.0,447200
2008-03-21,367.47271728515625,762.0,762.0,729.0,729.0,447200
2008-03-24,360.7213134765625,748.0,758.0,748.0,758.0,447200
2008-03-25,358.30999755859375,743.0,743.0,731.0,731.0,447200
2008-03-26,364.24066162109375,737.0,737.0,724.0,724.0,447200
2008-03-27,367.20599365234375,743.0,743.0,739.0,739.0,447200
2008-03-28,388.9517517089844,787.0,787.0,745.0,745.0,447200
2008-03-31,383.02105712890625,775.0,783.5765991210938,775.0,783.5765991210938,447200
2008-04-01,390.9285583496094,791.0,791.0,772.0,772.0,447200
2008-04-02,399.8245544433594,809.0,809.0,791.0,791.0,447200
2008-04-03,403.7783203125,817.0,817.0,811.0,811.0,447200
2008-04-04,392.9054870605469,795.0,810.0,795.0,810.0,447200
2008-04-07,398.3420104980469,806.0,806.0,800.0,800.0,447200
2008-04-08,390.9285583496094,791.0,799.0,791.0,799.0,447200
2008-04-09,389.9401550292969,789.0,791.0,789.0,791.0,447200
2008-04-10,380.5499572753906,770.0,779.0,770.0,779.0,447200
2008-04-11,389.4459533691406,788.0,788.0,779.0,779.0,447200
2008-04-14,382.5268859863281,774.0,786.0,774.0,786.0,447200
2008-04-15,369.6770324707031,748.0,748.0,740.0,740.0,447200
2008-04-16,374.61932373046875,758.0,758.0,748.0,748.0,447200
2008-04-17,377.5846252441406,764.0,772.0,764.0,772.0,447200
2008-04-18,380.5499572753906,770.0,770.0,770.0,770.0,447200
2008-04-21,377.5846252441406,764.0,764.0,764.0,764.0,447200
2008-04-22,376.1020202636719,761.0,764.0,761.0,764.0,447200
2008-04-23,377.5846252441406,764.0,764.0,764.0,764.0,447200
2008-04-24,374.61932373046875,758.0,765.0,758.0,765.0,447200
2008-04-25,382.0326232910156,773.0,784.0,773.0,784.0,447200
2008-04-28,360.7810974121094,730.0,750.0,730.0,750.0,447200
2008-04-30,362.26373291015625,733.0,733.0,730.0,730.0,447200
2008-05-01,341.5065002441406,691.0,691.0,691.0,691.0,447200
2008-05-02,340.5180969238281,689.0,689.0,689.0,689.0,447200
2008-05-07,342.4949645996094,693.0,694.0,693.0,694.0,447200
2008-05-08,342.4949645996094,693.0,697.0535888671875,693.0,697.0535888671875,447200
2008-05-09,337.5527038574219,683.0,692.0,683.0,692.0,447200
2008-05-12,340.5180969238281,689.0,689.0,685.0,686.0,447200
2008-05-13,338.0469665527344,684.0,691.0,684.0,691.0,447200
2008-05-14,349.4140625,707.0,707.0,684.0,684.0,447200
2008-05-15,362.26373291015625,733.0,733.0,729.0,729.0,447200
2008-05-16,362.26373291015625,733.0,742.0,733.0,742.0,447200
2008-05-19,367.20599365234375,743.0,747.0,743.0,747.0,447200
2008-05-20,368.19439697265625,745.0,749.0,745.0,749.0,447200
2008-05-21,358.8042297363281,726.0,729.0,726.0,729.0,447200
2008-05-22,358.8042297363281,726.0,726.0,713.0,713.0,447200
2008-05-23,358.30999755859375,725.0,731.0,725.0,731.0,447200
2008-05-26,350.8967590332031,710.0,719.0,710.0,719.0,447200
2008-05-27,345.46026611328125,699.0,700.0,699.0,700.0,447200
2008-05-28,342.000732421875,692.0,700.0,692.0,700.0,447200
2008-05-29,351.8851318359375,712.0,712.0,706.0,706.0,447200
2008-05-30,358.30999755859375,725.0,725.0,712.0,712.0,447200
2008-06-02,367.20599365234375,743.0,743.0,740.0,740.0,447200
2008-06-03,363.25213623046875,735.0,735.0,735.0,735.0,447200
2008-06-04,361.2752990722656,731.0,737.0,731.0,737.0,447200
2008-06-05,366.71173095703125,742.0,742.0,738.0,738.0,447200
2008-06-06,365.72332763671875,740.0,740.0,740.0,740.0,447200
2008-06-09,361.7695617675781,732.0,734.0,732.0,734.0,447200
2008-06-10,359.79266357421875,728.0,732.0,728.0,732.0,447200
2008-06-11,356.8273010253906,722.0,728.0,722.0,728.0,447200
2008-06-12,353.36785888671875,715.0,729.0,715.0,729.0,447200
2008-06-13,346.9429016113281,702.0,702.0,701.0,701.0,447200
2008-06-16,354.8504333496094,718.0,719.0,711.0,715.0,250300
2008-06-17,355.3446350097656,719.0,727.0,719.0,727.0,250300
2008-06-18,355.3446350097656,719.0,719.0,719.0,719.0,250300
2008-06-19,348.9198303222656,706.0,710.0,706.0,710.0,250300
2008-06-20,342.4949645996094,693.0,703.0,693.0,703.0,250300
2008-06-23,342.000732421875,692.0,701.0,688.0,693.0,107700
2008-06-24,344.47186279296875,697.0,700.0,695.0,700.0,107700
2008-06-25,345.9544982910156,700.0,700.0,694.0,694.0,107700
2008-06-26,340.0238037109375,688.0,695.0,688.0,695.0,107700
2008-06-27,338.0469665527344,684.0,684.0,676.0,676.0,107700
2008-06-30,339.0354309082031,686.0,686.0,684.0,684.0,107700
2008-07-01,348.9198303222656,706.0,706.0,686.0,686.0,107700
2008-07-02,340.0238037109375,688.0,706.0,688.0,706.0,107700
2008-07-03,344.47186279296875,697.0,697.0,688.0,688.0,107700
2008-07-04,354.8504333496094,718.0,718.0,698.0,698.0,107700
2008-07-07,357.32159423828125,723.0,723.0,718.0,718.0,107700
2008-07-08,345.9544982910156,700.0,708.0,700.0,708.0,107700
2008-07-09,342.9891662597656,694.0,709.0,694.0,709.0,107700
2008-07-10,339.5296630859375,687.0,691.0,687.0,691.0,107700
2008-07-11,339.0354309082031,686.0,691.0,686.0,691.0,107700
2008-07-14,338.0469665527344,684.0,688.0,684.0,688.0,107700
2008-07-15,330.6336669921875,669.0,670.0,669.0,670.0,107700
2008-07-16,324.7029724121094,657.0,657.0,652.0,652.0,107700
2008-07-17,329.1510314941406,666.0,667.0,666.0,667.0,107700
2008-07-18,326.6798400878906,661.0,666.0,661.0,666.0,107700
2008-07-22,331.1278991699219,670.0,672.0,660.0,660.0,84900
2008-07-23,334.5874328613281,677.0,680.0,677.0,680.0,84900
2008-07-24,339.5296630859375,687.0,691.0,687.0,691.0,84900
2008-07-25,350.4024963378906,709.0,718.0,704.0,717.0,319300
2008-07-28,345.9544982910156,700.0,701.0,700.0,701.0,319300
2008-07-29,340.0238037109375,688.0,688.0,682.0,682.0,319300
2008-07-30,352.87353515625,714.0,714.0,714.0,714.0,319300
2008-07-31,357.8158264160156,724.0,724.0,716.78759765625,716.78759765625,319300
2008-08-01,358.8042297363281,726.0,726.0,725.0,725.0,319300
2008-08-04,351.3908996582031,711.0,718.0,711.0,718.0,319300
2008-08-05,357.8158264160156,724.0,724.0,711.0,711.0,319300
2008-08-06,366.71173095703125,742.0,742.0,724.0,724.0,319300
2008-08-07,364.24066162109375,737.0,737.0,734.0,734.0,319300
2008-08-08,356.8273010253906,722.0,722.0,717.0,717.0,319300
2008-08-11,360.7810974121094,730.0,730.0,727.0,727.0,319300
2008-08-12,346.9429016113281,702.0,716.0,702.0,716.0,319300
2008-08-13,331.6221618652344,671.0,702.0,671.0,702.0,319300
2008-08-14,327.1741638183594,662.0,664.7304077148438,662.0,664.7304077148438,319300
2008-08-15,326.6798400878906,661.0,661.0,661.0,661.0,319300
2008-08-18,332.6105651855469,673.0,682.0,671.0,682.0,319300
2008-08-19,326.1856384277344,660.0,660.0,655.0,655.0,319300
2008-08-20,327.6683349609375,663.0,663.0,660.0,660.0,319300
2008-08-21,325.69146728515625,659.0,662.0,657.0,660.0,59600
2008-08-22,334.5874328613281,677.0,677.0,659.0,659.0,59600
2008-08-25,332.1163024902344,672.0,677.0,671.0,676.0,86100
2008-08-26,332.1163024902344,672.0,672.0,672.0,672.0,86100
2008-08-27,329.6452331542969,667.0,677.0,667.0,677.0,86100
2008-08-28,333.104736328125,674.0,674.0,669.0,669.0,86100
2008-08-29,344.47186279296875,697.0,697.0,687.0,687.0,86100
2008-09-01,334.09320068359375,676.0,697.0,676.0,697.0,86100
2008-09-02,325.1971740722656,658.0,678.0,658.0,678.0,86100
2008-09-03,321.73773193359375,651.0,655.0,651.0,655.0,86100
2008-09-04,317.2896423339844,642.0,651.0,642.0,651.0,86100
2008-09-05,319.2665710449219,646.0,646.0,641.0,641.0,86100
2008-09-08,327.6683349609375,663.0,663.0,658.0,658.0,86100
2008-09-09,318.7723388671875,645.0,663.0,645.0,663.0,86100
2008-09-10,309.3822021484375,626.0,632.0,624.0,630.0,164100
2008-09-11,305.4283752441406,618.0,618.0,616.0,616.0,164100
2008-09-12,309.3822021484375,626.0,628.0,626.0,628.0,164100
2008-09-16,297.52081298828125,602.0,626.0,602.0,626.0,164100
2008-09-17,299.991943359375,607.0,607.0,605.0,605.0,164100
2008-09-18,291.5903015136719,590.0,590.0,590.0,590.0,164100
2008-09-19,299.991943359375,607.0,607.0,606.0,606.0,164100
2008-09-22,289.6133117675781,586.0,593.0,586.0,593.0,164100
2008-09-24,293.567138671875,594.0,594.0,586.0,586.0,164100
2008-09-25,299.0035400390625,605.0,610.0,605.0,610.0,164100
2008-09-26,289.6133117675781,586.0,588.0,586.0,588.0,164100
2008-09-29,285.65960693359375,578.0,588.0,578.0,588.0,164100
2008-09-30,254.52369689941406,515.0,553.0,515.0,553.0,164100
2008-10-01,262.4312438964844,531.0,531.0,515.0,515.0,164100
2008-10-02,247.11038208007812,500.0,532.0,500.0,532.0,164100
2008-10-03,239.20278930664062,484.0,491.0,484.0,491.0,164100
2008-10-06,215.4802703857422,436.0,481.0,436.0,481.0,164100
2008-10-07,200.6536102294922,406.0,406.0,406.0,406.0,164100
2008-10-08,183.35586547851562,371.0,406.0,371.0,406.0,164100
2008-10-09,185.33273315429688,375.0,375.0,372.0,372.0,164100
2008-10-10,172.48304748535156,349.0,375.0,349.0,375.0,164100
2008-10-14,206.08999633789062,417.0,417.0,395.0,395.0,164100
2008-10-15,206.58424377441406,418.0,418.0,405.0,405.0,164100
2008-10-16,184.34432983398438,373.0,388.0,373.0,388.0,164100
2008-10-17,188.7923126220703,382.0,382.0,352.0,352.0,164100
2008-10-20,214.49180603027344,434.0,434.0,399.0,399.0,164100
2008-10-21,214.49180603027344,434.0,436.0,434.0,436.0,164100
2008-10-22,197.1940155029297,399.0,434.0,399.0,434.0,164100
2008-10-23,201.6420440673828,408.0,408.0,389.0,389.0,164100
2008-10-24,176.9310302734375,358.0,406.0,358.0,406.0,164100
2008-10-27,163.0928192138672,330.0,358.0,330.0,358.0,164100
2008-10-28,181.37899780273438,367.0,370.0,301.0,329.0,493800
2008-10-29,155.18531799316406,314.0,367.0,314.0,367.0,164100
2008-10-30,164.5755157470703,333.0,333.0,333.0,333.0,164100
2008-10-31,159.63328552246094,323.0,333.0,323.0,333.0,164100
2008-11-04,165.06971740722656,334.0,334.0,323.0,323.0,341200
2008-11-05,179.89633178710938,364.0,364.0,335.0,335.0,341200
2008-11-06,170.50616455078125,345.0,364.0,345.0,364.0,341200
2008-11-07,162.5985870361328,329.0,329.0,326.0,326.0,341200
2008-11-10,171.9888153076172,348.0,348.0,347.0,347.0,341200
2008-11-11,168.52926635742188,341.0,344.0,341.0,344.0,341200
2008-11-12,165.06971740722656,334.0,340.0,332.0,338.0,107900
2008-11-13,158.15060424804688,320.0,320.0,320.0,320.0,107900
2008-11-14,160.12750244140625,324.0,324.0,320.0,320.0,107900
2008-11-17,160.6217498779297,325.0,325.0,324.0,324.0,107900
2008-11-18,167.54083251953125,339.0,339.0,336.0,336.0,107900
2008-11-19,165.06971740722656,334.0,334.0,332.0,332.0,107900
2008-11-20,155.18531799316406,314.0,323.0,310.0,318.0,117400
2008-11-21,163.0928192138672,330.0,330.0,314.0,314.0,117400
2008-11-25,171.0003662109375,346.0,346.0,331.0,331.0,62300
2008-11-26,168.03500366210938,340.0,340.0,336.0,336.0,62300
2008-11-27,171.0003662109375,346.0,347.0,346.0,347.0,62300
2008-11-28,173.96571350097656,352.0,352.0,346.0,346.0,62300
2008-12-01,174.4599151611328,353.0,353.0,352.0,352.0,62300
2008-12-02,162.5985870361328,329.0,353.0,329.0,353.0,62300
2008-12-03,165.56394958496094,335.0,335.0,332.0,332.0,62300
2008-12-04,163.5870819091797,331.0,335.0,331.0,335.0,62300
2008-12-05,161.1159210205078,326.0,331.0,326.0,331.0,62300
2008-12-08,164.5755157470703,333.0,333.0,327.0,327.0,62300
2008-12-09,165.06971740722656,334.0,335.0,334.0,335.0,62300
2008-12-10,172.48304748535156,349.0,349.0,334.0,334.0,62300
2008-12-11,172.48304748535156,349.0,349.0,341.0,341.0,62300
2008-12-12,170.01190185546875,344.0,349.0,344.0,349.0,62300
2008-12-15,180.88478088378906,366.0,366.0,355.0,355.0,62300
2008-12-16,172.9772491455078,350.0,350.0,350.0,350.0,86800
2008-12-17,173.96571350097656,352.0,352.0,350.0,350.0,58500
2008-12-18,169.51771545410156,343.0,356.0,343.0,356.0,54700
2008-12-19,151.72573852539062,307.0,343.0,307.0,343.0,239700
2008-12-22,151.72573852539062,307.0,311.0,307.0,311.0,96200
2008-12-24,148.26622009277344,300.0,307.0,300.0,307.0,87700
2008-12-25,149.74888610839844,303.0,303.0,300.0,300.0,67300
2008-12-26,148.76040649414062,301.0,301.0,298.0,299.0,68000
2008-12-29,150.73731994628906,305.0,305.0,301.0,301.0,67200
2008-12-30,154.69110107421875,313.0,315.0,305.0,305.0,36800
2009-01-05,153.2084197998047,310.0,320.0,307.0,317.0,62700
2009-01-06,158.15060424804688,320.0,320.0,318.0,318.0,74100
2009-01-07,164.081298828125,332.0,332.0,320.0,320.0,88200
2009-01-08,157.1621856689453,318.0,322.0,318.0,322.0,100600
2009-01-09,154.69110107421875,313.0,313.0,312.0,312.0,94400
2009-01-13,149.74888610839844,303.0,304.0,303.0,304.0,204700
2009-01-14,151.23155212402344,306.0,306.0,302.0,302.0,66300
2009-01-15,148.26622009277344,300.0,300.0,298.0,298.0,118300
2009-01-16,153.2084197998047,310.0,310.0,302.0,302.0,64900
2009-01-19,151.72573852539062,307.0,308.0,307.0,308.0,34100
2009-01-20,149.25466918945312,302.0,303.0,302.0,303.0,57500
2009-01-21,147.7720184326172,299.0,299.0,299.0,299.0,111200
2009-01-22,150.73731994628906,305.0,305.0,299.0,299.0,66600
2009-01-23,147.7720184326172,299.0,305.0,299.0,305.0,48100
2009-01-26,150.73731994628906,305.0,305.0,299.0,299.0,55000
2009-01-27,159.1390838623047,322.0,322.0,302.0,302.0,82900
2009-01-28,161.1159210205078,326.0,326.0,322.0,322.0,48700
2009-01-29,161.6101531982422,327.0,327.0,326.0,326.0,54400
2009-01-30,158.15060424804688,320.0,327.0,320.0,327.0,48800
2009-02-02,156.17379760742188,316.0,320.0,316.0,320.0,32900
2009-02-03,157.1621856689453,318.0,318.0,318.0,318.0,25500
2009-02-04,156.66793823242188,317.0,317.0,314.0,314.0,60500
2009-02-05,157.1621856689453,318.0,318.0,317.0,317.0,61800
2009-02-06,157.65643310546875,319.0,319.0,318.0,318.0,36900
2009-02-09,154.19688415527344,312.0,318.0,312.0,318.0,31300
2009-02-10,145.30088806152344,294.0,322.0,294.0,321.0,53100
2009-02-12,150.24310302734375,304.0,304.0,304.0,304.0,71900
2009-02-13,148.76040649414062,301.0,301.0,301.0,301.0,76300
2009-02-16,149.25466918945312,302.0,302.0,302.0,302.0,49700
2009-02-17,146.7835693359375,297.0,299.0,297.0,299.0,27400
2009-02-18,144.31243896484375,292.0,292.0,291.0,291.0,39000
2009-02-19,145.79515075683594,295.0,295.0,292.0,292.0,37100
2009-02-20,142.33555603027344,288.0,290.0,288.0,290.0,40200
2009-02-23,143.32398986816406,290.0,290.0,289.0,289.0,33000
2009-02-24,137.8875732421875,279.0,280.0,279.0,280.0,68100
2009-02-25,139.8644561767578,283.0,283.0,281.0,281.0,81300
2009-02-26,146.7835693359375,297.0,297.0,283.0,283.0,186100
2009-02-27,150.24310302734375,304.0,304.0,294.0,294.0,81100
2009-03-02,148.76040649414062,301.0,304.0,301.0,304.0,65000
2009-03-03,147.7720184326172,299.0,301.0,299.0,301.0,26700
2009-03-04,147.27780151367188,298.0,298.0,297.0,297.0,57600
2009-03-05,150.73731994628906,305.0,310.0,305.0,310.0,56400
2009-03-06,150.24310302734375,304.0,310.0,304.0,310.0,53900
2009-03-09,149.74888610839844,303.0,305.0,303.0,305.0,15800
2009-03-10,149.25466918945312,302.0,304.0,302.0,304.0,47200
2009-03-11,158.15060424804688,320.0,320.0,318.0,318.0,62600
2009-03-12,154.69110107421875,313.0,320.0,313.0,320.0,134200
2009-03-13,163.0928192138672,330.0,330.0,323.0,323.0,208600
2009-03-16,176.9310302734375,358.0,358.0,355.0,355.0,164400
2009-03-17,184.83851623535156,374.0,374.0,374.0,374.0,156500
2009-03-18,177.91941833496094,360.0,361.0,360.0,361.0,81800
2009-03-19,173.47145080566406,351.0,360.0,351.0,360.0,71800
2009-03-23,178.9079132080078,362.0,362.0,352.0,352.0,55200
2009-03-24,182.36744689941406,369.0,369.0,358.0,358.0,59900
2009-03-25,184.83851623535156,374.0,374.0,369.0,369.0,82600
2009-03-26,193.42391967773438,383.0,383.0,370.0,370.0,70200
2009-03-27,193.42391967773438,383.0,387.0,383.0,387.0,61800
2009-03-30,190.89883422851562,378.0,378.0,377.0,377.0,135000
2009-03-31,189.88877868652344,376.0,378.0,376.0,378.0,147900
2009-04-01,184.33348083496094,365.0,374.0,365.0,374.0,127000
2009-04-02,189.38375854492188,375.0,375.0,365.0,365.0,114200
2009-04-03,182.81845092773438,362.0,369.0,362.0,369.0,134500
2009-04-06,183.8284912109375,364.0,375.0,364.0,375.0,65000
2009-04-07,186.85861206054688,370.0,370.0,364.0,364.0,44700
2009-04-08,180.2933349609375,357.0,363.0,356.0,363.0,34400
2009-04-09,188.87872314453125,374.0,374.0,365.0,365.0,56000
2009-04-10,190.39381408691406,377.0,377.0,377.0,377.0,37900
2009-04-13,194.9390411376953,386.0,387.0,386.0,387.0,47400
2009-04-14,204.53445434570312,405.0,405.0,393.0,393.0,115400
2009-04-15,204.02943420410156,404.0,404.0,404.0,404.0,105700
2009-04-16,201.50430297851562,399.0,404.0,399.0,404.0,51700
2009-04-17,205.0394744873047,406.0,406.0,399.0,399.0,51200
2009-04-20,205.5444793701172,407.0,407.0,403.0,403.0,53800
2009-04-21,198.4741973876953,393.0,396.0,387.0,390.0,65500
2009-04-22,192.91888427734375,382.0,395.0,382.0,395.0,77800
2009-04-23,190.39381408691406,377.0,382.0,372.0,372.0,64100
2009-04-24,190.89883422851562,378.0,378.0,378.0,378.0,94000
2009-04-27,181.80841064453125,360.0,378.0,360.0,378.0,335600
2009-04-28,182.81845092773438,362.0,367.0,362.0,367.0,60400
2009-04-30,186.85861206054688,370.0,370.0,370.0,370.0,54300
2009-05-01,186.35362243652344,369.0,369.0,365.0,365.0,36900
2009-05-07,198.4741973876953,393.0,393.0,393.0,393.0,99300
2009-05-08,197.96913146972656,392.0,392.0,383.0,383.0,51000
2009-05-11,198.4741973876953,393.0,393.0,392.0,392.0,64800
2009-05-12,196.45407104492188,389.0,393.0,389.0,393.0,34700
2009-05-13,193.92898559570312,384.0,389.0,384.0,389.0,39900
2009-05-14,189.38375854492188,375.0,377.0,375.0,377.0,46200
2009-05-15,191.90890502929688,380.0,380.0,372.0,372.0,45300
2009-05-18,186.35362243652344,369.0,370.0,369.0,370.0,51800
2009-05-19,192.91888427734375,382.0,382.0,382.0,382.0,30800
2009-05-20,194.9390411376953,386.0,386.0,382.0,382.0,40700
2009-05-21,199.48422241210938,395.0,395.0,380.0,380.0,54000
2009-05-22,197.96913146972656,392.0,404.0,392.0,404.0,62400
2009-05-25,202.51434326171875,401.0,401.0,401.0,401.0,33200
2009-05-26,200.49427795410156,397.0,399.0,397.0,399.0,68000
2009-05-27,201.50430297851562,399.0,401.0,399.0,401.0,20200
2009-05-28,205.0394744873047,406.0,406.0,399.0,399.0,91800
2009-05-29,212.10977172851562,420.0,420.0,420.0,420.0,141800
2009-06-01,231.80569458007812,459.0,468.0,438.0,439.0,160100
2009-06-02,233.82579040527344,463.0,463.0,459.0,459.0,90300
2009-06-03,233.3207550048828,462.0,462.0,462.0,462.0,60300
2009-06-04,234.83584594726562,465.0,465.0,457.0,457.0,71600
2009-06-05,237.86599731445312,471.0,476.0,471.0,476.0,75700
2009-06-08,257.5618591308594,510.0,510.0,493.0,493.0,213400
2009-06-09,270.18743896484375,535.0,578.0,535.0,578.0,383100
2009-06-10,290.3883972167969,575.0,575.0,537.0,537.0,227700
2009-06-11,306.5491638183594,607.0,628.0,595.0,595.0,382300
2009-06-12,302.5090637207031,599.0,604.0,599.0,601.0,217700
2009-06-15,303.5190124511719,601.0,608.0,600.0,608.0,93400
2009-06-16,278.77288818359375,552.0,566.0,552.0,565.0,272900
2009-06-17,295.4386291503906,585.0,585.0,573.0,580.0,142900
2009-06-18,300.99395751953125,596.0,599.0,589.0,589.0,134200
2009-06-19,292.91351318359375,580.0,587.0,576.0,585.0,85100
2009-06-22,288.3682861328125,571.0,584.0,568.0,569.0,125800
2009-06-23,281.802978515625,558.0,560.0,550.0,553.0,76800
2009-06-24,271.7025146484375,538.0,543.0,530.0,532.0,132500
2009-06-25,282.8130798339844,560.0,565.0,552.0,552.0,75500
2009-06-26,278.77288818359375,552.0,571.0,545.0,564.0,71200
2009-06-29,272.2076110839844,539.0,554.0,537.0,551.0,88700
2009-06-30,291.3984375,577.0,586.0,538.0,538.0,131600
2009-07-01,298.4688415527344,591.0,608.0,571.0,575.0,167400
2009-07-02,302.5090637207031,599.0,603.0,584.0,598.0,147900
2009-07-03,297.4587707519531,589.0,595.0,580.0,580.0,77000
2009-07-06,298.97381591796875,592.0,596.0,582.0,589.0,67600
2009-07-07,296.9537353515625,588.0,599.0,581.0,583.0,109300
2009-07-08,304.5290222167969,603.0,605.0,576.0,583.0,260700
2009-07-09,289.8834228515625,574.0,595.0,572.0,595.0,137300
2009-07-10,288.3682861328125,571.0,583.0,563.0,569.0,84300
2009-07-13,272.2076110839844,539.0,559.0,535.0,559.0,75000
2009-07-14,279.782958984375,554.0,560.0,539.0,539.0,85000
2009-07-15,277.2577819824219,549.0,562.0,543.0,555.0,53100
2009-07-16,281.802978515625,558.0,580.0,550.0,579.0,60500
2009-07-17,279.782958984375,554.0,557.0,540.0,555.0,39700
2009-07-21,293.4185485839844,581.0,582.0,557.0,557.0,61600
2009-07-22,314.6295166015625,623.0,626.0,580.0,585.0,177400
2009-07-23,311.0943908691406,616.0,628.0,611.0,620.0,120400
2009-07-24,328.2651672363281,650.0,656.0,633.0,635.0,196500
2009-07-27,348.9710998535156,691.0,710.0,665.0,670.0,303300
2009-07-28,350.9912414550781,695.0,708.0,690.0,705.0,130000
2009-07-29,358.0615234375,709.0,710.0,695.0,699.0,112100
2009-07-30,377.7574462890625,748.0,753.0,709.0,710.0,262000
2009-07-31,387.3529357910156,767.0,778.0,755.0,778.0,178700
2009-08-03,379.2724609375,751.0,773.0,743.0,766.0,126300
2009-08-04,368.6669616699219,730.0,758.0,715.0,757.0,152700
2009-08-05,371.6972351074219,736.0,750.0,730.0,750.0,107700
2009-08-06,381.2926330566406,755.0,756.0,730.0,739.0,91800
2009-08-07,370.1820983886719,733.0,754.0,715.0,748.0,66700
2009-08-10,370.68719482421875,734.0,744.0,722.0,741.0,71000
2009-08-11,366.1419677734375,725.0,730.0,717.0,726.0,105800
2009-08-12,361.5968017578125,716.0,722.0,711.0,720.0,64800
2009-08-13,372.7072448730469,738.0,739.0,720.0,723.0,87100
2009-08-14,385.33282470703125,763.0,764.0,741.0,744.0,171500
2009-08-17,403.5137023925781,799.0,806.0,766.0,770.0,299800
2009-08-18,393.9182434082031,780.0,787.0,771.0,781.0,97400
2009-08-19,389.373046875,771.0,791.0,770.0,783.0,95000
2009-08-20,386.3429260253906,765.0,768.0,740.0,766.0,98100
2009-08-21,372.7072448730469,738.0,752.0,722.0,750.0,103800
2009-08-24,385.33282470703125,763.0,773.0,755.0,768.0,68200
2009-08-25,382.3025817871094,757.0,763.0,749.0,753.0,76000
2009-08-26,393.4131774902344,779.0,782.0,764.0,767.0,81400
2009-08-27,384.82781982421875,762.0,770.0,756.0,770.0,44400
2009-08-28,387.85797119140625,768.0,775.0,758.0,770.0,52900
2009-08-31,377.7574462890625,748.0,780.0,742.0,768.0,89000
2009-09-02,376.7474060058594,746.0,747.0,736.0,745.0,59500
2009-09-03,372.7072448730469,738.0,746.0,736.0,736.0,46200
2009-09-04,367.1520080566406,727.0,739.0,717.0,735.0,65900
2009-09-07,360.586669921875,714.0,725.0,709.0,720.0,75700
2009-09-08,353.0113525390625,699.0,710.0,694.0,705.0,96600
2009-09-09,349.981201171875,693.0,696.0,684.0,695.0,66900
2009-09-10,367.656982421875,728.0,739.0,710.0,710.0,156800
2009-09-11,352.00128173828125,697.0,713.0,682.0,709.0,165000
2009-09-14,337.3555908203125,668.0,697.0,658.0,693.0,130600
2009-09-15,330.790283203125,655.0,675.0,641.0,675.0,108500
2009-09-16,327.7601013183594,649.0,672.0,648.0,669.0,117700
2009-09-17,328.770263671875,651.0,665.0,642.0,659.0,96300
2009-09-18,346.9510498046875,687.0,692.0,645.0,645.0,260700
2009-09-21,346.9510498046875,687.0,687.0,687.0,687.0,0
2009-09-24,344.4259033203125,682.0,684.0,668.0,668.0,174800
2009-09-25,337.860595703125,669.0,685.0,663.0,680.0,190300
2009-09-28,322.7099304199219,639.0,644.0,618.0,642.0,118500
2009-09-29,321.19482421875,636.0,657.0,630.0,642.0,129000
2009-09-30,326.24505615234375,646.0,646.0,615.0,618.0,95100
2009-10-01,312.6094665527344,619.0,646.0,614.0,626.0,114000
2009-10-02,291.3984375,577.0,592.0,554.0,591.0,126100
2009-10-05,296.4487609863281,587.0,598.0,575.0,582.0,111400
2009-10-06,298.97381591796875,592.0,602.0,582.0,602.0,94800
2009-10-07,333.82037353515625,661.0,687.0,588.0,593.0,363500
2009-10-08,325.2350769042969,644.0,653.0,635.0,652.0,159400
2009-10-09,334.8304748535156,663.0,670.0,641.0,644.0,159000
2009-10-13,346.44598388671875,686.0,694.0,680.0,690.0,214600
2009-10-14,340.8907470703125,675.0,695.0,656.0,694.0,126100
2009-10-15,340.3856506347656,674.0,689.0,666.0,689.0,99400
2009-10-16,337.3555908203125,668.0,675.0,656.0,674.0,59500
2009-10-19,348.46612548828125,690.0,692.0,666.0,670.0,222000
2009-10-20,355.53643798828125,704.0,707.0,691.0,691.0,113400
2009-10-21,378.2624816894531,749.0,759.0,712.0,713.0,276300
2009-10-22,375.2323913574219,743.0,749.0,722.0,749.0,87400
2009-10-23,370.68719482421875,734.0,743.0,725.0,734.0,67400
2009-10-26,320.1847839355469,634.0,667.0,634.0,664.0,380300
2009-10-27,304.0240173339844,602.0,613.0,586.0,612.0,593800
2009-10-28,306.5491638183594,607.0,620.0,591.0,592.0,280400
2009-10-29,297.96380615234375,590.0,601.0,586.0,588.0,161800
2009-10-30,290.8934631347656,576.0,605.0,571.0,600.0,266600
2009-11-02,285.3382263183594,565.0,566.0,553.0,556.0,205400
2009-11-04,265.1372375488281,525.0,560.0,519.0,555.0,270900
2009-11-05,260.0870056152344,515.0,522.0,509.0,515.0,111300
2009-11-06,261.60205078125,518.0,524.0,514.0,517.0,97300
2009-11-09,258.57196044921875,512.0,522.0,506.0,522.0,118800
2009-11-10,257.056884765625,509.0,526.0,509.0,514.0,68100
2009-11-11,257.056884765625,509.0,519.0,500.0,511.0,77200
2009-11-12,237.36102294921875,470.0,510.0,465.0,509.0,194600
2009-11-13,231.30072021484375,458.0,463.0,454.0,460.0,232900
2009-11-16,220.190185546875,436.0,452.0,433.0,449.0,169900
2009-11-17,211.0997314453125,418.0,445.0,413.0,441.0,150300
2009-11-18,214.12989807128906,424.0,442.0,416.0,427.0,127100
2009-11-19,219.6851043701172,435.0,437.0,420.0,429.0,102500
2009-11-20,218.6751251220703,433.0,437.0,425.0,436.0,94500
2009-11-24,211.0997314453125,418.0,440.0,413.0,438.0,93100
2009-11-25,212.6148223876953,421.0,421.0,405.0,410.0,78700
2009-11-26,211.0997314453125,418.0,430.0,404.0,416.0,81200
2009-11-27,204.02943420410156,404.0,416.0,402.0,413.0,101300
2009-11-30,206.55455017089844,409.0,411.0,395.0,395.0,169200
2009-12-01,221.70523071289062,439.0,444.0,411.0,421.0,189000
2009-12-02,220.69520568847656,437.0,459.0,431.0,443.0,195000
2009-12-03,239.88613891601562,475.0,477.0,451.0,455.0,198200
2009-12-04,240.39114379882812,476.0,477.0,465.0,469.0,89800
2009-12-07,247.46142578125,490.0,496.0,480.0,481.0,204800
2009-12-08,245.94630432128906,487.0,495.0,482.0,485.0,153000
2009-12-09,244.93629455566406,485.0,486.0,473.0,477.0,71800
2009-12-10,242.91624450683594,481.0,495.0,473.0,480.0,106300
2009-12-11,256.5518798828125,508.0,509.0,488.0,492.0,172600
2009-12-14,258.0669250488281,511.0,515.0,500.0,510.0,101600
2009-12-15,259.58203125,514.0,522.0,497.0,507.0,113200
2009-12-16,258.57196044921875,512.0,517.0,504.0,504.0,102400
2009-12-17,260.59210205078125,516.0,520.0,511.0,512.0,43300
2009-12-18,256.5518798828125,508.0,515.0,502.0,513.0,65600
2009-12-21,247.46142578125,490.0,509.0,485.0,505.0,151100
2009-12-22,243.4212188720703,482.0,490.0,475.0,490.0,127400
2009-12-24,247.46142578125,490.0,497.0,475.0,478.0,97800
2009-12-25,246.45144653320312,488.0,492.0,485.0,490.0,47100
2009-12-28,244.93629455566406,485.0,496.0,485.0,488.0,43600
2009-12-29,242.91624450683594,481.0,483.0,479.0,480.0,24800
2009-12-30,240.39114379882812,476.0,481.0,472.0,475.0,48100
2010-01-04,237.86599731445312,471.0,483.0,471.0,480.0,63600
2010-01-05,235.84591674804688,467.0,480.0,466.0,479.0,50200
2010-01-06,234.33082580566406,464.0,473.0,459.0,473.0,72900
2010-01-07,242.41122436523438,480.0,488.0,453.0,465.0,264400
2010-01-08,282.8130798339844,560.0,560.0,521.0,540.0,1157500
2010-01-12,333.3154296875,660.0,660.0,620.0,660.0,3118800
2010-01-13,313.1144714355469,620.0,662.0,615.0,641.0,3276300
2010-01-14,316.6496276855469,627.0,635.0,588.0,610.0,1425800
2010-01-15,313.1144714355469,620.0,626.0,607.0,620.0,588400
2010-01-18,303.5190124511719,601.0,618.0,597.0,618.0,442100
2010-01-19,320.1847839355469,634.0,646.0,605.0,605.0,1641800
2010-01-20,317.6596984863281,629.0,644.0,620.0,635.0,799300
2010-01-21,319.67974853515625,633.0,635.0,618.0,635.0,489000
2010-01-22,313.6195068359375,621.0,627.0,612.0,621.0,389900
2010-01-25,308.0642395019531,610.0,617.0,604.0,604.0,330600
2010-01-26,285.84326171875,566.0,620.0,562.0,620.0,1141600
2010-01-27,292.40850830078125,579.0,590.0,568.0,571.0,579400
2010-01-28,290.8934631347656,576.0,583.0,568.0,570.0,386300
2010-01-29,295.9436340332031,586.0,614.0,561.0,565.0,712000
2010-02-01,285.3382263183594,565.0,598.0,551.0,576.0,379000
2010-02-02,288.8733215332031,572.0,586.0,568.0,570.0,267200
2010-02-03,294.42864990234375,583.0,587.0,576.0,582.0,232000
2010-02-04,309.07427978515625,612.0,627.0,593.0,610.0,726700
2010-02-05,321.19482421875,636.0,640.0,583.0,592.0,1078500
2010-02-08,311.5993957519531,617.0,643.0,605.0,641.0,836000
2010-02-09,301.4989318847656,597.0,623.0,594.0,610.0,361700
2010-02-10,332.8103942871094,659.0,676.0,618.0,620.0,2591400
2010-02-12,325.2350769042969,644.0,661.0,635.0,659.0,1014800
2010-02-15,328.2651672363281,650.0,656.0,641.0,653.0,489200
2010-02-16,336.8505554199219,667.0,682.0,643.0,645.0,1742700
2010-02-17,337.860595703125,669.0,681.0,661.0,676.0,938800
2010-02-18,335.3355407714844,664.0,678.0,655.0,675.0,640100
2010-02-19,319.67974853515625,633.0,659.0,631.0,658.0,765900
2010-02-22,322.7099304199219,639.0,649.0,633.0,639.0,358600
2010-02-23,322.7099304199219,639.0,647.0,634.0,642.0,366900
2010-02-24,327.2551574707031,648.0,673.0,631.0,637.0,1557200
2010-02-25,315.1346130371094,624.0,650.0,619.0,649.0,549300
2010-02-26,314.6295166015625,623.0,627.0,607.0,614.0,438100
2010-03-01,311.0943908691406,616.0,623.0,611.0,620.0,163200
2010-03-02,310.5893249511719,615.0,622.0,611.0,615.0,193600
2010-03-03,312.1043701171875,618.0,630.0,612.0,618.0,237400
2010-03-04,310.0843200683594,614.0,623.0,612.0,620.0,193700
2010-03-05,313.6195068359375,621.0,628.0,615.0,618.0,184300
2010-03-08,322.7099304199219,639.0,642.0,625.0,631.0,432800
2010-03-09,320.1847839355469,634.0,641.0,628.0,637.0,246400
2010-03-10,332.8103942871094,659.0,665.0,636.0,640.0,900300
2010-03-11,333.3154296875,660.0,667.0,648.0,662.0,510600
2010-03-12,341.3957824707031,676.0,684.0,651.0,663.0,987600
2010-03-15,335.84051513671875,665.0,687.0,660.0,686.0,440000
2010-03-16,332.3053283691406,658.0,668.0,652.0,664.0,316800
2010-03-17,333.3154296875,660.0,674.0,655.0,659.0,262800
2010-03-18,331.8004150390625,657.0,665.0,653.0,665.0,253300
2010-03-19,332.3053283691406,658.0,662.0,653.0,656.0,167200
2010-03-23,329.27520751953125,652.0,660.0,649.0,659.0,202200
2010-03-24,324.72998046875,643.0,666.0,637.0,663.0,528200
2010-03-25,316.6496276855469,627.0,640.0,616.0,638.0,759000
2010-03-26,327.2551574707031,648.0,652.0,627.0,645.0,768000
2010-03-29,344.6405029296875,674.0,674.0,643.0,650.0,608800
2010-03-30,346.6858825683594,678.0,680.0,666.0,676.0,603000
2010-03-31,340.5498352050781,666.0,675.0,661.0,668.0,287900
2010-04-01,341.572509765625,668.0,670.0,659.0,665.0,240900
2010-04-02,386.570068359375,756.0,762.0,673.0,673.0,4006100
2010-04-05,389.6381530761719,762.0,775.0,740.0,766.0,1362000
2010-04-06,379.41143798828125,742.0,760.0,736.0,754.0,696700
2010-04-07,387.0814208984375,757.0,797.0,748.0,752.0,3238200
2010-04-08,375.32073974609375,734.0,754.0,722.0,749.0,1022400
2010-04-09,377.87738037109375,739.0,743.0,725.0,735.0,656100
2010-04-12,370.7187194824219,725.0,742.0,723.0,740.0,589000
2010-04-13,362.02593994140625,708.0,729.0,696.0,729.0,695400
2010-04-14,356.9126281738281,698.0,724.0,696.0,711.0,587200
2010-04-15,371.2300109863281,726.0,738.0,704.0,714.0,683800
2010-04-16,363.55999755859375,711.0,725.0,704.0,725.0,447300
2010-04-19,355.8899230957031,696.0,703.0,693.0,699.0,282900
2010-04-20,357.42401123046875,699.0,724.0,695.0,720.0,602100
2010-04-21,369.696044921875,723.0,723.0,709.0,709.0,383900
2010-04-22,377.3660888671875,738.0,740.0,714.0,730.0,762900
2010-04-23,375.8320617675781,735.0,754.0,732.0,734.0,637600
2010-04-26,380.4340515136719,744.0,749.0,742.0,747.0,310000
2010-04-27,373.78668212890625,731.0,743.0,730.0,741.0,367700
2010-04-28,377.3660888671875,738.0,747.0,701.0,702.0,812900
2010-04-30,377.87738037109375,739.0,757.0,737.0,743.0,536000
2010-05-06,366.62799072265625,717.0,728.0,717.0,724.0,312400
2010-05-07,353.8445739746094,692.0,696.0,669.0,687.0,679000
2010-05-10,358.4466857910156,701.0,717.0,682.0,683.0,324900
2010-05-11,353.33319091796875,691.0,720.0,688.0,719.0,392300
2010-05-12,356.9126281738281,698.0,730.0,695.0,701.0,590600
2010-05-13,366.11669921875,716.0,721.0,707.0,713.0,299900
2010-05-14,360.4919738769531,705.0,713.0,698.0,713.0,259000
2010-05-17,348.2198486328125,681.0,694.0,675.0,693.0,440100
2010-05-18,337.9931335449219,661.0,691.0,652.0,684.0,403000
2010-05-19,329.8118591308594,645.0,651.0,612.0,650.0,440800
2010-05-20,330.8343811035156,647.0,673.0,631.0,637.0,381100
2010-05-21,334.9251708984375,655.0,660.0,618.0,625.0,593000
2010-05-24,327.255126953125,640.0,668.0,629.0,656.0,371700
2010-05-25,309.8696594238281,606.0,634.0,602.0,633.0,355000
2010-05-26,309.8696594238281,606.0,620.0,590.0,612.0,307600
2010-05-27,319.5851135253906,625.0,629.0,600.0,607.0,258900
2010-05-28,327.7664489746094,641.0,647.0,634.0,635.0,233800
2010-05-31,325.209716796875,636.0,646.0,631.0,631.0,259800
2010-06-01,321.1191101074219,628.0,652.0,622.0,639.0,208100
2010-06-02,316.5170593261719,619.0,638.0,615.0,618.0,190500
2010-06-03,326.23248291015625,638.0,639.0,623.0,635.0,145700
2010-06-04,322.65301513671875,631.0,638.0,628.0,628.0,132700
2010-06-07,317.53973388671875,621.0,628.0,608.0,613.0,279000
2010-06-08,321.6304016113281,629.0,647.0,617.0,620.0,295800
2010-06-09,312.4264221191406,611.0,649.0,609.0,623.0,246000
2010-06-10,314.9830627441406,616.0,616.0,607.0,615.0,227600
2010-06-11,321.1191101074219,628.0,632.0,623.0,626.0,148500
2010-06-14,328.7890930175781,643.0,646.0,635.0,637.0,148200
2010-06-15,327.255126953125,640.0,651.0,636.0,636.0,113100
2010-06-16,335.9478759765625,657.0,665.0,649.0,650.0,177100
2010-06-17,329.8118591308594,645.0,658.0,636.0,657.0,130800
2010-06-18,332.8799133300781,651.0,653.0,640.0,640.0,161700
2010-06-21,344.129150390625,673.0,680.0,655.0,658.0,229900
2010-06-22,344.129150390625,673.0,673.0,661.0,663.0,198400
2010-06-23,334.41375732421875,654.0,663.0,653.0,656.0,150000
2010-06-24,334.9251708984375,655.0,664.0,647.0,652.0,147800
2010-06-25,328.2777404785156,642.0,648.0,634.0,647.0,138800
2010-06-28,320.6077575683594,627.0,643.0,615.0,641.0,201100
2010-06-29,309.35833740234375,605.0,637.0,599.0,620.0,194100
2010-06-30,296.0635681152344,579.0,587.0,567.0,586.0,215900
2010-07-01,292.99560546875,573.0,576.0,566.0,571.0,145500
2010-07-02,292.99560546875,573.0,580.0,561.0,562.0,88200
2010-07-05,301.6883239746094,590.0,591.0,573.0,574.0,91900
2010-07-06,304.7563171386719,596.0,598.0,575.0,580.0,104700
2010-07-07,296.5749206542969,580.0,595.0,572.0,595.0,121100
2010-07-08,304.7563171386719,596.0,602.0,593.0,600.0,83900
2010-07-09,304.2449951171875,595.0,601.0,588.0,601.0,84100
2010-07-12,299.1316223144531,585.0,593.0,584.0,584.0,139600
2010-07-13,296.0635681152344,579.0,588.0,575.0,585.0,70700
2010-07-14,300.66571044921875,588.0,595.0,583.0,589.0,145300
2010-07-15,294.01824951171875,575.0,585.0,573.0,585.0,84600
2010-07-16,282.76885986328125,553.0,573.0,552.0,569.0,82100
2010-07-21,274.076171875,536.0,559.0,531.0,554.0,78700
2010-07-22,269.47418212890625,527.0,536.0,520.0,528.0,119400
2010-07-23,281.2348937988281,550.0,558.0,542.0,543.0,126100
2010-07-26,289.41632080078125,566.0,568.0,554.0,558.0,104000
2010-07-27,296.5749206542969,580.0,595.0,561.0,563.0,184900
2010-07-28,337.48187255859375,660.0,675.0,633.0,640.0,1416900
2010-07-29,343.10662841796875,671.0,683.0,652.0,652.0,722300
2010-07-30,337.48187255859375,660.0,674.0,656.0,662.0,333300
2010-08-02,326.23248291015625,638.0,658.0,636.0,654.0,321200
2010-08-03,324.18707275390625,634.0,648.0,626.0,648.0,253500
2010-08-04,324.18707275390625,634.0,639.0,626.0,634.0,181300
2010-08-05,324.18707275390625,634.0,660.0,622.0,643.0,170300
2010-08-06,325.209716796875,636.0,637.0,627.0,630.0,114900
2010-08-09,321.6304016113281,629.0,635.0,623.0,634.0,83900
2010-08-10,319.0737609863281,624.0,639.0,620.0,627.0,90300
2010-08-11,310.3810119628906,607.0,624.0,606.0,624.0,113800
2010-08-12,307.3130187988281,601.0,602.0,582.0,587.0,134000
2010-08-13,309.8696594238281,606.0,611.0,593.0,602.0,130700
2010-08-16,305.7790222167969,598.0,601.0,596.0,600.0,81900
2010-08-17,296.0635681152344,579.0,592.0,578.0,592.0,147600
2010-08-18,296.5749206542969,580.0,592.0,579.0,579.0,111200
2010-08-19,304.2449951171875,595.0,598.0,575.0,577.0,81600
2010-08-20,299.6429138183594,586.0,593.0,581.0,590.0,94500
2010-08-23,290.4388732910156,568.0,584.0,568.0,581.0,70000
2010-08-24,278.1668395996094,544.0,558.0,540.0,557.0,177100
2010-08-25,275.09881591796875,538.0,557.0,533.0,534.0,176600
2010-08-26,270.496826171875,529.0,540.0,525.0,537.0,127900
2010-08-27,277.655517578125,543.0,547.0,523.0,526.0,136000
2010-08-30,278.1668395996094,544.0,571.0,540.0,564.0,162900
2010-08-31,262.3154296875,513.0,533.0,512.0,531.0,169700
2010-09-01,261.292724609375,511.0,515.0,497.0,508.0,159600
2010-09-02,263.338134765625,515.0,525.0,507.0,525.0,121500
2010-09-03,265.38348388671875,519.0,527.0,516.0,516.0,102600
2010-09-06,268.4514465332031,525.0,529.0,522.0,523.0,145900
2010-09-07,280.7235412597656,549.0,568.0,528.0,531.0,429700
2010-09-08,271.0081481933594,530.0,546.0,526.0,546.0,164800
2010-09-09,273.5647888183594,535.0,539.0,532.0,536.0,70700
2010-09-10,273.5647888183594,535.0,538.0,530.0,533.0,159500
2010-09-13,281.7462463378906,551.0,559.0,542.0,545.0,155100
2010-09-14,276.12152099609375,540.0,553.0,534.0,550.0,103600
2010-09-16,280.21221923828125,548.0,561.0,546.0,554.0,132600
2010-09-17,285.3255920410156,558.0,565.0,548.0,548.0,151300
2010-09-21,283.7915344238281,555.0,565.0,550.0,562.0,119800
2010-09-22,278.1668395996094,544.0,548.0,540.0,548.0,94900
2010-09-24,270.496826171875,529.0,541.0,528.0,540.0,286900
2010-09-27,273.5647888183594,535.0,536.0,523.0,525.0,90100
2010-09-28,273.0534973144531,534.0,540.0,528.0,530.0,85500
2010-09-29,273.5647888183594,535.0,537.0,530.0,535.0,115500
2010-09-30,265.8947448730469,520.0,540.0,520.0,538.0,121100
2010-10-01,265.38348388671875,519.0,521.0,508.0,520.0,104100
2010-10-04,261.292724609375,511.0,522.0,505.0,522.0,104100
2010-10-05,262.8268127441406,514.0,518.0,490.0,501.0,151700
2010-10-06,263.8494873046875,516.0,519.0,511.0,515.0,124800
2010-10-07,265.38348388671875,519.0,530.0,515.0,516.0,123000
2010-10-08,269.47418212890625,527.0,530.0,523.0,524.0,111200
2010-10-12,258.736083984375,506.0,530.0,505.0,528.0,91100
2010-10-13,257.7134704589844,504.0,513.0,502.0,513.0,84700
2010-10-14,262.3154296875,513.0,518.0,504.0,511.0,74000
2010-10-15,260.27008056640625,509.0,515.0,507.0,515.0,79300
2010-10-18,258.2247619628906,505.0,513.0,504.0,508.0,53700
2010-10-19,258.736083984375,506.0,508.0,499.0,505.0,107800
2010-10-20,255.1566925048828,499.0,500.0,493.0,497.0,90300
2010-10-21,250.04335021972656,489.0,497.0,488.0,497.0,104300
2010-10-22,250.55467224121094,490.0,493.0,482.0,485.0,154800
2010-10-25,250.04335021972656,489.0,494.0,485.0,491.0,132600
2010-10-26,256.1794128417969,501.0,503.0,487.0,489.0,236300
2010-10-27,213.73846435546875,418.0,455.0,415.0,451.0,1223400
2010-10-28,209.1364288330078,409.0,417.0,405.0,410.0,476600
2010-10-29,202.4890899658203,396.0,417.0,391.0,410.0,327900
2010-11-01,198.9097900390625,389.0,395.0,381.0,391.0,343700
2010-11-02,193.79638671875,379.0,386.0,373.0,386.0,184700
2010-11-04,199.4210662841797,390.0,391.0,382.0,386.0,204400
2010-11-05,202.4890899658203,396.0,409.0,392.0,403.0,264700
2010-11-08,206.0684814453125,403.0,409.0,392.0,403.0,194900
2010-11-09,207.60247802734375,406.0,406.0,399.0,405.0,151900
2010-11-10,212.20448303222656,415.0,422.0,408.0,408.0,274600
2010-11-11,213.22718811035156,417.0,418.0,413.0,418.0,94600
2010-11-12,212.71578979492188,416.0,422.0,415.0,417.0,172000
2010-11-15,216.80648803710938,424.0,427.0,418.0,423.0,206000
2010-11-16,214.76113891601562,420.0,430.0,418.0,426.0,201400
2010-11-17,215.27249145507812,421.0,422.0,416.0,418.0,110700
2010-11-18,217.31788635253906,425.0,427.0,418.0,419.0,152300
2010-11-19,218.3405303955078,427.0,433.0,425.0,431.0,126800
2010-11-22,221.91989135742188,434.0,437.0,429.0,429.0,159300
2010-11-24,216.80648803710938,424.0,427.0,419.0,420.0,236500
2010-11-25,223.45387268066406,437.0,439.0,431.0,432.0,170700
2010-11-26,221.40855407714844,433.0,442.0,432.0,439.0,129500
2010-11-29,226.01055908203125,442.0,446.0,436.0,436.0,298200
2010-11-30,224.9879150390625,440.0,450.0,440.0,449.0,318300
2010-12-01,225.49925231933594,441.0,448.0,437.0,448.0,155200
2010-12-02,229.58998107910156,449.0,449.0,443.0,446.0,205800
2010-12-03,233.16929626464844,456.0,459.0,452.0,456.0,217300
2010-12-06,234.1919708251953,458.0,459.0,452.0,458.0,196000
2010-12-07,231.63525390625,453.0,457.0,451.0,456.0,174700
2010-12-08,236.74859619140625,463.0,463.0,453.0,456.0,162200
2010-12-09,239.81663513183594,469.0,477.0,466.0,466.0,264700
2010-12-10,239.81663513183594,469.0,471.0,460.0,470.0,205100
2010-12-13,240.83932495117188,471.0,472.0,464.0,469.0,176800
2010-12-14,239.81663513183594,469.0,477.0,467.0,471.0,322200
2010-12-15,242.88467407226562,475.0,476.0,470.0,470.0,154400
2010-12-16,246.975341796875,483.0,488.0,473.0,476.0,250800
2010-12-17,249.0206756591797,487.0,493.0,484.0,485.0,321200
2010-12-20,244.418701171875,478.0,481.0,470.0,481.0,350700
2010-12-21,243.39599609375,476.0,477.0,467.0,475.0,305700
2010-12-22,237.2599639892578,464.0,472.0,463.0,471.0,200400
2010-12-24,230.612548828125,451.0,459.0,449.0,458.0,204900
2010-12-27,229.58998107910156,449.0,450.0,445.0,449.0,185900
2010-12-28,230.10125732421875,450.0,450.0,448.0,449.0,72900
2010-12-29,229.58998107910156,449.0,452.0,449.0,450.0,165200
2010-12-30,230.10125732421875,450.0,451.0,445.0,449.0,110600
2011-01-04,233.6806182861328,457.0,463.0,452.0,452.0,402900
2011-01-05,250.55467224121094,490.0,494.0,458.0,459.0,805500
2011-01-06,255.6680908203125,500.0,513.0,498.0,510.0,716500
2011-01-07,258.2247619628906,505.0,511.0,491.0,495.0,327600
2011-01-11,260.7814025878906,510.0,512.0,505.0,506.0,274000
2011-01-12,263.8494873046875,516.0,522.0,511.0,513.0,531100
2011-01-13,256.1794128417969,501.0,521.0,499.0,519.0,384300
2011-01-14,254.64541625976562,498.0,507.0,497.0,501.0,257500
2011-01-17,255.1566925048828,499.0,506.0,495.0,498.0,289300
2011-01-18,252.6000518798828,494.0,500.0,485.0,496.0,402700
2011-01-19,247.9980010986328,485.0,493.0,482.0,493.0,301400
2011-01-20,242.37330627441406,474.0,483.0,467.0,483.0,399800
2011-01-21,235.72596740722656,461.0,476.0,460.0,475.0,267400
2011-01-24,236.2373046875,462.0,465.0,457.0,463.0,134600
2011-01-25,242.88467407226562,475.0,475.0,467.0,470.0,156800
2011-01-26,246.46405029296875,482.0,486.0,468.0,469.0,221100
2011-01-27,249.0206756591797,487.0,494.0,481.0,487.0,295500
2011-01-28,238.79403686523438,467.0,487.0,463.0,487.0,432200
2011-01-31,231.12391662597656,452.0,456.0,436.0,456.0,372300
2011-02-01,231.63525390625,453.0,456.0,450.0,450.0,85300
2011-02-02,236.74859619140625,463.0,467.0,455.0,460.0,136300
2011-02-03,235.214599609375,460.0,465.0,454.0,465.0,105600
2011-02-04,237.2599639892578,464.0,467.0,459.0,460.0,91000
2011-02-07,240.3280029296875,470.0,471.0,467.0,470.0,98600
2011-02-08,242.88467407226562,475.0,478.0,470.0,474.0,149400
2011-02-09,239.30531311035156,468.0,477.0,466.0,477.0,131400
2011-02-10,238.79403686523438,467.0,473.0,464.0,465.0,78200
2011-02-14,242.88467407226562,475.0,475.0,471.0,474.0,84600
2011-02-15,251.06607055664062,491.0,491.0,475.0,476.0,252500
2011-02-16,251.57740783691406,492.0,506.0,492.0,498.0,452200
2011-02-17,247.9980010986328,485.0,497.0,485.0,495.0,178700
2011-02-18,255.6680908203125,500.0,501.0,486.0,490.0,264500
2011-02-21,256.6907043457031,502.0,503.0,494.0,500.0,256500
2011-02-22,246.46405029296875,482.0,502.0,482.0,498.0,307900
2011-02-23,246.975341796875,483.0,491.0,472.0,474.0,210400
2011-02-24,237.77130126953125,465.0,481.0,464.0,481.0,253100
2011-02-25,242.37330627441406,474.0,474.0,460.0,468.0,167800
2011-02-28,247.9980010986328,485.0,486.0,469.0,478.0,142700
2011-03-01,251.57740783691406,492.0,494.0,487.0,490.0,101600
2011-03-02,244.418701171875,478.0,488.0,478.0,485.0,93000
2011-03-03,249.53201293945312,488.0,489.0,475.0,477.0,98600
2011-03-04,247.9980010986328,485.0,496.0,482.0,496.0,86900
2011-03-07,242.88467407226562,475.0,483.0,473.0,483.0,82300
2011-03-08,238.79403686523438,467.0,475.0,464.0,473.0,136400
2011-03-09,237.2599639892578,464.0,472.0,460.0,469.0,138800
2011-03-10,230.10125732421875,450.0,461.0,448.0,460.0,188900
2011-03-11,224.47654724121094,439.0,447.0,438.0,442.0,280900
2011-03-14,188.17173767089844,368.0,390.0,359.0,367.0,520300
2011-03-15,148.79881286621094,291.0,360.0,288.0,360.0,459200
2011-03-16,160.55955505371094,314.0,326.0,290.0,290.0,470100
2011-03-17,178.45631408691406,349.0,356.0,306.0,306.0,325300
2011-03-18,195.33038330078125,382.0,390.0,357.0,357.0,285200
2011-03-22,206.57981872558594,404.0,419.0,393.0,395.0,192600
2011-03-23,209.6478271484375,410.0,416.0,401.0,405.0,203900
2011-03-24,214.76113891601562,420.0,424.0,418.0,418.0,238600
2011-03-25,193.79638671875,379.0,404.0,377.0,400.0,573200
2011-03-28,198.9097900390625,389.0,389.0,372.0,379.0,264000
2011-03-29,196.83238220214844,379.0,389.0,372.0,388.0,244400
2011-03-30,211.37408447265625,407.0,407.0,379.0,381.0,252700
2011-03-31,232.14793395996094,447.0,448.0,404.0,415.0,558200
2011-04-01,219.164306640625,422.0,446.0,422.0,439.0,269200
2011-04-04,209.2967071533203,403.0,421.0,402.0,420.0,258700
2011-04-05,204.62255859375,394.0,403.0,383.0,401.0,244300
2011-04-06,198.39039611816406,382.0,394.0,376.0,390.0,205900
2011-04-07,195.2743377685547,376.0,395.0,375.0,390.0,130400
2011-04-08,198.39039611816406,382.0,387.0,374.0,376.0,151200
2011-04-11,199.4291229248047,384.0,390.0,380.0,385.0,78500
2011-04-12,195.79368591308594,377.0,380.0,375.0,378.0,142100
2011-04-13,195.79368591308594,377.0,381.0,373.0,374.0,135400
2011-04-14,202.02581787109375,389.0,391.0,375.0,377.0,163400
2011-04-15,198.39039611816406,382.0,388.0,381.0,386.0,62900
2011-04-18,200.9871368408203,387.0,391.0,383.0,390.0,72500
2011-04-19,198.90975952148438,383.0,389.0,381.0,381.0,96000
2011-04-20,205.14190673828125,395.0,396.0,385.0,385.0,92600
2011-04-21,203.5838623046875,392.0,399.0,391.0,399.0,83500
2011-04-22,208.2579803466797,401.0,403.0,388.0,389.0,102400
2011-04-25,206.18063354492188,397.0,406.0,394.0,403.0,81300
2011-04-26,205.6612548828125,396.0,399.0,391.0,391.0,83100
2011-04-27,209.2967071533203,403.0,404.0,397.0,398.0,127600
2011-04-28,209.2967071533203,403.0,403.0,395.0,400.0,95500
2011-05-02,232.6672821044922,448.0,455.0,424.0,427.0,966400
2011-05-06,232.14793395996094,447.0,448.0,432.0,432.0,348600
2011-05-09,236.8220672607422,456.0,456.0,444.0,449.0,194000
2011-05-10,231.10934448242188,445.0,460.0,439.0,456.0,195100
2011-05-11,246.1703338623047,474.0,475.0,443.0,453.0,326500
2011-05-12,236.8220672607422,456.0,470.0,456.0,466.0,173300
2011-05-13,232.14793395996094,447.0,468.0,438.0,461.0,183800
2011-05-16,226.95448303222656,437.0,445.0,435.0,441.0,132600
2011-05-17,232.6672821044922,448.0,450.0,436.0,442.0,131600
2011-05-18,237.34141540527344,457.0,460.0,446.0,453.0,96900
2011-05-19,235.26405334472656,453.0,460.0,452.0,459.0,98200
2011-05-20,238.89944458007812,460.0,472.0,452.0,465.0,255200
2011-05-23,242.534912109375,467.0,473.0,450.0,454.0,211400
2011-05-24,243.05421447753906,468.0,468.0,461.0,465.0,116300
2011-05-25,242.534912109375,467.0,474.0,463.0,473.0,114200
2011-05-26,239.9381561279297,462.0,468.0,458.0,467.0,90800
2011-05-27,242.534912109375,467.0,473.0,453.0,459.0,190100
2011-05-30,244.6122283935547,471.0,471.0,457.0,469.0,94600
2011-05-31,246.1703338623047,474.0,480.0,466.0,467.0,189800
2011-06-01,250.32508850097656,482.0,482.0,469.0,473.0,194700
2011-06-02,244.09291076660156,470.0,475.0,465.0,466.0,109700
2011-06-03,243.05421447753906,468.0,483.0,466.0,478.0,166500
2011-06-06,239.41879272460938,461.0,472.0,456.0,468.0,128500
2011-06-07,240.4574432373047,463.0,467.0,454.0,459.0,112400
2011-06-08,238.38011169433594,459.0,461.0,451.0,458.0,87500
2011-06-09,243.05421447753906,468.0,468.0,453.0,458.0,103100
2011-06-10,241.49620056152344,465.0,475.0,462.0,475.0,129600
2011-06-13,233.70599365234375,450.0,461.0,448.0,457.0,153000
2011-06-14,233.70599365234375,450.0,451.0,442.0,445.0,101800
2011-06-15,228.5124969482422,440.0,454.0,436.0,450.0,164100
2011-06-16,225.91578674316406,435.0,440.0,434.0,436.0,91400
2011-06-17,219.164306640625,422.0,438.0,416.0,435.0,161700
2011-06-20,219.68368530273438,423.0,428.0,421.0,427.0,41000
2011-06-21,221.7610321044922,427.0,430.0,422.0,426.0,58800
2011-06-22,227.47386169433594,438.0,439.0,430.0,430.0,87000
2011-06-23,229.55120849609375,442.0,447.0,430.0,430.0,119300
2011-06-24,236.30267333984375,455.0,455.0,442.0,448.0,105200
2011-06-27,231.10934448242188,445.0,458.0,444.0,454.0,56800
2011-06-28,231.62860107421875,446.0,450.0,445.0,445.0,30300
2011-06-29,231.62860107421875,446.0,451.0,444.0,450.0,47200
2011-06-30,236.30267333984375,455.0,458.0,443.0,449.0,96600
2011-07-01,237.8607940673828,458.0,460.0,456.0,459.0,88100
2011-07-04,238.89944458007812,460.0,468.0,457.0,462.0,111600
2011-07-05,235.26405334472656,453.0,462.0,453.0,460.0,71500
2011-07-06,238.89944458007812,460.0,460.0,451.0,452.0,39200
2011-07-07,236.8220672607422,456.0,460.0,452.0,452.0,35100
2011-07-08,235.26405334472656,453.0,458.0,453.0,458.0,89900
2011-07-11,234.74468994140625,452.0,455.0,449.0,453.0,66200
2011-07-12,231.62860107421875,446.0,449.0,445.0,445.0,70200
2011-07-13,236.30267333984375,455.0,459.0,445.0,445.0,72700
2011-07-14,231.10934448242188,445.0,453.0,444.0,450.0,60600
2011-07-15,230.58995056152344,444.0,449.0,436.0,438.0,66900
2011-07-19,227.9931640625,439.0,441.0,437.0,441.0,61400
2011-07-20,230.07061767578125,443.0,452.0,440.0,446.0,89400
2011-07-21,228.5124969482422,440.0,444.0,438.0,443.0,25000
2011-07-22,231.62860107421875,446.0,449.0,440.0,440.0,80500
2011-07-25,230.58995056152344,444.0,451.0,444.0,449.0,43100
2011-07-26,230.58995056152344,444.0,450.0,444.0,446.0,87800
2011-07-27,224.8770751953125,433.0,443.0,432.0,442.0,77300
2011-07-28,221.2416534423828,426.0,430.0,425.0,429.0,49000
2011-07-29,219.68368530273438,423.0,425.0,423.0,423.0,46200
2011-08-01,222.2803192138672,428.0,433.0,421.0,421.0,48500
2011-08-02,219.164306640625,422.0,429.0,421.0,426.0,42600
2011-08-03,216.56752014160156,417.0,419.0,412.0,419.0,91800
2011-08-04,218.12559509277344,420.0,434.0,419.0,433.0,134200
2011-08-05,208.77735900878906,402.0,408.0,402.0,404.0,80600
2011-08-08,203.06455993652344,391.0,401.0,391.0,398.0,60400
2011-08-09,198.90975952148438,383.0,384.0,367.0,375.0,113800
2011-08-10,204.10321044921875,393.0,412.0,390.0,410.0,130800
2011-08-11,202.54518127441406,390.0,390.0,376.0,383.0,64700
2011-08-12,202.02581787109375,389.0,403.0,386.0,392.0,106000
2011-08-15,202.54518127441406,390.0,398.0,389.0,393.0,65500
2011-08-16,203.5838623046875,392.0,395.0,389.0,394.0,59300
2011-08-17,197.3517608642578,380.0,390.0,380.0,388.0,90800
2011-08-18,192.1582489013672,370.0,382.0,369.0,381.0,108100
2011-08-19,183.8487091064453,354.0,362.0,349.0,362.0,131900
2011-08-22,177.09719848632812,341.0,352.0,341.0,350.0,103400
2011-08-23,182.29066467285156,351.0,351.0,343.0,348.0,89000
2011-08-24,185.40675354003906,357.0,362.0,352.0,357.0,106900
2011-08-25,194.23562622070312,374.0,375.0,365.0,365.0,63800
2011-08-26,195.2743377685547,376.0,376.0,369.0,373.0,44100
2011-08-29,196.3130340576172,378.0,381.0,372.0,374.0,38800
2011-08-30,198.90975952148438,383.0,387.0,382.0,384.0,51400
2011-08-31,201.5065155029297,388.0,388.0,384.0,384.0,53300
2011-09-01,200.9871368408203,387.0,391.0,386.0,390.0,36900
2011-09-02,202.54518127441406,390.0,390.0,380.0,386.0,62500
2011-09-05,195.79368591308594,377.0,386.0,376.0,386.0,34300
2011-09-06,188.00347900390625,362.0,376.0,358.0,372.0,66700
2011-09-07,188.00347900390625,362.0,367.0,361.0,364.0,42800
2011-09-08,190.6002197265625,367.0,374.0,365.0,374.0,38900
2011-09-09,193.71632385253906,373.0,374.0,362.0,365.0,68100
2011-09-12,183.32937622070312,353.0,357.0,350.0,357.0,44700
2011-09-13,190.6002197265625,367.0,367.0,356.0,359.0,40400
2011-09-14,188.00347900390625,362.0,371.0,352.0,367.0,52700
2011-09-15,187.484130859375,361.0,367.0,358.0,361.0,30500
2011-09-16,190.08084106445312,366.0,373.0,362.0,362.0,46800
2011-09-20,189.04217529296875,364.0,366.0,358.0,366.0,32500
2011-09-21,183.8487091064453,354.0,364.0,354.0,364.0,36700
2011-09-22,177.6165771484375,342.0,354.0,340.0,351.0,81300
2011-09-26,175.0198211669922,337.0,350.0,327.0,350.0,78100
2011-09-27,185.40675354003906,357.0,357.0,346.0,353.0,83000
2011-09-28,192.1582489013672,370.0,370.0,355.0,358.0,69400
2011-09-29,193.71632385253906,373.0,378.0,362.0,363.0,83000
2011-09-30,194.75497436523438,375.0,379.0,365.0,378.0,46900
2011-10-03,184.3680877685547,355.0,363.0,354.0,360.0,57400
2011-10-04,178.6552276611328,344.0,350.0,340.0,350.0,40700
2011-10-05,176.05853271484375,339.0,351.0,337.0,351.0,27600
2011-10-06,182.8100128173828,352.0,353.0,344.0,346.0,20200
2011-10-07,184.3680877685547,355.0,360.0,354.0,356.0,20000
2011-10-11,188.00347900390625,362.0,363.0,359.0,359.0,32500
2011-10-12,189.04217529296875,364.0,374.0,359.0,362.0,39500
2011-10-13,190.6002197265625,367.0,374.0,364.0,369.0,21700
2011-10-14,185.40675354003906,357.0,364.0,357.0,364.0,18700
2011-10-17,186.96478271484375,360.0,360.0,351.0,356.0,21900
2011-10-18,186.44540405273438,359.0,360.0,350.0,360.0,14100
2011-10-19,185.40675354003906,357.0,364.0,350.0,363.0,17200
2011-10-20,182.8100128173828,352.0,355.0,344.0,351.0,25300
2011-10-21,182.29066467285156,351.0,352.0,346.0,348.0,20000
2011-10-24,184.3680877685547,355.0,357.0,348.0,355.0,23500
2011-10-25,181.77134704589844,350.0,361.0,349.0,352.0,30100
2011-10-26,178.13587951660156,343.0,347.0,341.0,342.0,38400
2011-10-27,180.7326202392578,348.0,349.0,341.0,341.0,48200
2011-10-28,187.484130859375,361.0,361.0,352.0,352.0,63500
2011-10-31,184.3680877685547,355.0,366.0,355.0,361.0,48900
2011-11-01,178.6552276611328,344.0,352.0,344.0,349.0,27500
2011-11-02,178.6552276611328,344.0,350.0,340.0,344.0,33200
2011-11-04,173.46176147460938,334.0,338.0,332.0,336.0,74500
2011-11-07,172.9424591064453,333.0,333.0,326.0,330.0,36600
2011-11-08,163.5941925048828,315.0,333.0,315.0,333.0,76800
2011-11-09,164.1135711669922,316.0,320.0,311.0,315.0,52800
2011-11-10,159.95875549316406,308.0,315.0,305.0,310.0,56300
2011-11-11,159.95875549316406,308.0,310.0,303.0,308.0,48400
2011-11-14,162.55552673339844,313.0,315.0,307.0,310.0,15600
2011-11-15,160.99746704101562,310.0,312.0,303.0,307.0,17400
2011-11-16,158.4007110595703,305.0,308.0,303.0,306.0,47200
2011-11-17,161.51678466796875,311.0,313.0,303.0,303.0,18400
2011-11-18,159.43939208984375,307.0,309.0,304.0,304.0,19200
2011-11-21,159.95875549316406,308.0,309.0,304.0,308.0,14000
2011-11-22,159.43939208984375,307.0,308.0,301.0,301.0,36900
2011-11-24,156.32334899902344,301.0,304.0,301.0,303.0,36300
2011-11-25,155.8040008544922,300.0,306.0,300.0,306.0,52000
2011-11-28,154.76528930664062,298.0,306.0,297.0,303.0,73600
2011-11-29,159.95875549316406,308.0,308.0,298.0,306.0,60200
2011-11-30,157.88137817382812,304.0,307.0,302.0,304.0,51700
2011-12-01,162.55552673339844,313.0,316.0,311.0,315.0,49600
2011-12-02,162.55552673339844,313.0,314.0,308.0,314.0,28900
2011-12-05,165.15220642089844,318.0,321.0,310.0,311.0,43300
2011-12-06,161.51678466796875,311.0,325.0,311.0,324.0,50000
2011-12-07,164.63287353515625,317.0,320.0,312.0,314.0,45300
2011-12-08,165.15220642089844,318.0,319.0,315.0,319.0,24500
2011-12-09,159.95875549316406,308.0,314.0,306.0,313.0,107400
2011-12-12,160.47811889648438,309.0,316.0,308.0,316.0,42300
2011-12-13,159.95875549316406,308.0,308.0,304.0,304.0,46600
2011-12-14,156.32334899902344,301.0,307.0,301.0,305.0,81100
2011-12-15,151.64920043945312,292.0,299.0,292.0,299.0,79400
2011-12-16,151.1298828125,291.0,296.0,291.0,293.0,30100
2011-12-19,149.57183837890625,288.0,290.0,283.0,290.0,55600
2011-12-20,148.01380920410156,285.0,291.0,284.0,290.0,79800
2011-12-21,150.61050415039062,290.0,292.0,287.0,290.0,70000
2011-12-22,146.97509765625,283.0,290.0,281.0,287.0,47300
2011-12-26,150.09121704101562,289.0,291.0,285.0,291.0,71000
2011-12-27,151.64920043945312,292.0,297.0,286.0,287.0,50600
2011-12-28,150.61050415039062,290.0,292.0,289.0,292.0,28200
2011-12-29,146.97509765625,283.0,288.0,280.0,288.0,91200
2011-12-30,148.5331268310547,286.0,286.0,280.0,284.0,62400
2012-01-04,152.16856384277344,293.0,297.0,288.0,292.0,77900
2012-01-05,150.61050415039062,290.0,294.0,288.0,294.0,51700
2012-01-06,149.05250549316406,287.0,290.0,284.0,290.0,44400
2012-01-10,148.01380920410156,285.0,290.0,284.0,290.0,34500
2012-01-11,149.05250549316406,287.0,289.0,285.0,289.0,46300
2012-01-12,147.4944305419922,284.0,288.0,283.0,288.0,63400
2012-01-13,149.57183837890625,288.0,290.0,283.0,285.0,73500
2012-01-16,144.37838745117188,278.0,288.0,277.0,288.0,141400
2012-01-17,145.93643188476562,281.0,283.0,278.0,280.0,51800
2012-01-18,144.37838745117188,278.0,282.0,278.0,281.0,67900
2012-01-19,145.93643188476562,281.0,284.0,280.0,280.0,62100
2012-01-20,151.64920043945312,292.0,294.0,284.0,284.0,88500
2012-01-23,152.6879119873047,294.0,298.0,292.0,295.0,76400
2012-01-24,149.05250549316406,287.0,294.0,286.0,294.0,62700
2012-01-25,154.2459716796875,297.0,297.0,287.0,290.0,125200
2012-01-26,151.64920043945312,292.0,298.0,290.0,298.0,79000
2012-01-27,149.05250549316406,287.0,292.0,285.0,291.0,108200
2012-01-30,146.45571899414062,282.0,288.0,282.0,285.0,69800
2012-01-31,149.05250549316406,287.0,288.0,282.0,284.0,55000
2012-02-01,147.4944305419922,284.0,288.0,284.0,286.0,62600
2012-02-02,146.97509765625,283.0,292.0,282.0,289.0,98100
2012-02-03,156.84266662597656,302.0,320.0,286.0,291.0,550200
2012-02-06,162.55552673339844,313.0,314.0,307.0,313.0,178900
2012-02-07,159.95875549316406,308.0,312.0,305.0,309.0,84200
2012-02-08,165.6715850830078,319.0,319.0,310.0,311.0,123000
2012-02-09,165.6715850830078,319.0,320.0,312.0,320.0,81200
2012-02-10,166.19091796875,320.0,323.0,318.0,319.0,101500
2012-02-13,168.78765869140625,325.0,327.0,318.0,319.0,178800
2012-02-14,167.74896240234375,323.0,326.0,315.0,325.0,98700
2012-02-15,172.42311096191406,332.0,338.0,321.0,321.0,160700
2012-02-16,171.90374755859375,331.0,336.0,330.0,332.0,89000
2012-02-17,175.53916931152344,338.0,340.0,334.0,337.0,86900
2012-02-20,181.77134704589844,350.0,350.0,341.0,343.0,130500
2012-02-21,177.09719848632812,341.0,349.0,339.0,349.0,142600
2012-02-22,183.8487091064453,354.0,354.0,341.0,343.0,90500
2012-02-23,181.25198364257812,349.0,352.0,347.0,351.0,83400
2012-02-24,181.25198364257812,349.0,349.0,346.0,349.0,69300
2012-02-27,179.17462158203125,345.0,353.0,345.0,350.0,116300
2012-02-28,180.7326202392578,348.0,349.0,336.0,339.0,90600
2012-02-29,176.05853271484375,339.0,352.0,337.0,350.0,122000
2012-03-01,172.42311096191406,332.0,349.0,328.0,344.0,95600
2012-03-02,175.0198211669922,337.0,339.0,331.0,332.0,54200
2012-03-05,169.30697631835938,326.0,338.0,324.0,331.0,103700
2012-03-06,168.26834106445312,324.0,329.0,323.0,327.0,40300
2012-03-07,175.0198211669922,337.0,337.0,320.0,320.0,60000
2012-03-08,173.46176147460938,334.0,339.0,333.0,336.0,71600
2012-03-09,178.13587951660156,343.0,347.0,337.0,340.0,128600
2012-03-12,174.50047302246094,336.0,348.0,336.0,345.0,43700
2012-03-13,171.90374755859375,331.0,338.0,331.0,336.0,65000
2012-03-14,173.46176147460938,334.0,339.0,333.0,333.0,75400
2012-03-15,176.05853271484375,339.0,343.0,331.0,333.0,95000
2012-03-16,177.09719848632812,341.0,342.0,338.0,338.0,56000
2012-03-19,174.50047302246094,336.0,343.0,335.0,341.0,38600
2012-03-21,170.86505126953125,329.0,340.0,329.0,334.0,93000
2012-03-22,170.86505126953125,329.0,332.0,328.0,330.0,55500
2012-03-23,170.86505126953125,329.0,334.0,329.0,329.0,55100
2012-03-26,168.78765869140625,325.0,335.0,325.0,331.0,66000
2012-03-27,173.98114013671875,335.0,335.0,325.0,329.0,65300
2012-03-28,173.45391845703125,329.0,335.0,323.0,335.0,60500
2012-03-29,173.98114013671875,330.0,334.0,322.0,328.0,47700
2012-03-30,175.0355987548828,332.0,334.0,328.0,333.0,33700
2012-04-02,170.29061889648438,323.0,334.0,323.0,330.0,72800
2012-04-03,167.1273193359375,317.0,326.0,317.0,324.0,49900
2012-04-04,160.80075073242188,305.0,319.0,305.0,319.0,60700
2012-04-05,162.38238525390625,308.0,308.0,302.0,305.0,52400
2012-04-06,159.2190704345703,302.0,309.0,301.0,309.0,48000
2012-04-09,157.63746643066406,299.0,302.0,299.0,299.0,46700
2012-04-10,158.16465759277344,300.0,306.0,299.0,302.0,34900
2012-04-11,157.63746643066406,299.0,301.0,296.0,296.0,46000
2012-04-12,160.27349853515625,304.0,308.0,299.0,308.0,47100
2012-04-13,159.2190704345703,302.0,310.0,302.0,308.0,31500
2012-04-16,157.1102294921875,298.0,304.0,296.0,297.0,51300
2012-04-17,158.69186401367188,301.0,304.0,299.0,300.0,25500
2012-04-18,159.74630737304688,303.0,309.0,296.0,303.0,75200
2012-04-19,156.58302307128906,297.0,302.0,296.0,302.0,32700
2012-04-20,156.58302307128906,297.0,300.0,296.0,300.0,29200
2012-04-23,157.1102294921875,298.0,301.0,297.0,298.0,25500
2012-04-24,156.58302307128906,297.0,301.0,295.0,295.0,43000
2012-04-25,158.16465759277344,300.0,302.0,298.0,301.0,25700
2012-04-26,157.63746643066406,299.0,302.0,299.0,301.0,22400
2012-04-27,154.47413635253906,293.0,299.0,293.0,298.0,65100
2012-05-01,149.20199584960938,283.0,294.0,283.0,294.0,81000
2012-05-02,150.25643920898438,285.0,291.0,284.0,286.0,68900
2012-05-07,146.03871154785156,277.0,285.0,276.0,285.0,87900
2012-05-08,147.62033081054688,280.0,280.0,277.0,280.0,39700
2012-05-09,144.45706176757812,274.0,281.0,274.0,278.0,59400
2012-05-10,146.03871154785156,277.0,281.0,273.0,274.0,70000
2012-05-11,140.23931884765625,266.0,278.0,266.0,278.0,110300
2012-05-14,139.18490600585938,264.0,270.0,264.0,270.0,42600
2012-05-15,134.96717834472656,256.0,264.0,255.0,264.0,68200
2012-05-16,129.69503784179688,246.0,254.0,246.0,250.0,106700
2012-05-17,129.1678009033203,245.0,250.0,241.0,243.0,133500
2012-05-18,123.89563751220703,235.0,243.0,231.0,242.0,124600
2012-05-21,123.36843872070312,234.0,237.0,231.0,235.0,52200
2012-05-22,126.00452423095703,239.0,242.0,235.0,235.0,42300
2012-05-23,118.62347412109375,225.0,236.0,225.0,236.0,109100
2012-05-24,116.5146484375,221.0,222.0,213.0,221.0,204000
2012-05-25,112.8241195678711,214.0,221.0,212.0,220.0,83000
2012-05-28,112.29692840576172,213.0,218.0,210.0,218.0,98000
2012-05-29,115.46021270751953,219.0,221.0,210.0,214.0,80500
2012-05-30,111.24250030517578,211.0,221.0,210.0,220.0,151500
2012-05-31,107.5519790649414,204.0,216.0,201.0,210.0,551400
2012-06-01,107.02476501464844,203.0,208.0,203.0,206.0,62800
2012-06-04,105.44310760498047,200.0,205.0,199.0,201.0,79300
2012-06-05,110.71526336669922,210.0,212.0,200.0,205.0,74100
2012-06-06,113.87855529785156,216.0,218.0,209.0,209.0,63400
2012-06-07,114.40576934814453,217.0,219.0,212.0,219.0,83200
2012-06-08,110.71526336669922,210.0,219.0,209.0,219.0,83200
2012-06-11,119.15071105957031,226.0,232.0,218.0,219.0,124800
2012-06-12,126.00452423095703,239.0,240.0,222.0,226.0,128900
2012-06-13,122.31401062011719,232.0,243.0,232.0,239.0,81200
2012-06-14,122.31401062011719,232.0,237.0,228.0,232.0,45900
2012-06-15,121.25958251953125,230.0,237.0,228.0,235.0,30400
2012-06-18,122.31401062011719,232.0,241.0,232.0,241.0,31000
2012-06-19,118.62347412109375,225.0,233.0,225.0,232.0,28400
2012-06-20,119.67791748046875,227.0,230.0,225.0,227.0,44900
2012-06-21,118.62347412109375,225.0,230.0,225.0,227.0,73900
2012-06-22,120.73238372802734,229.0,231.0,223.0,225.0,58800
2012-06-25,120.73238372802734,229.0,231.0,228.0,230.0,33800
2012-06-26,120.73238372802734,229.0,237.0,227.0,228.0,82800
2012-06-27,120.73238372802734,229.0,229.0,222.0,227.0,80000
2012-06-28,122.31401062011719,232.0,233.0,230.0,230.0,32400
2012-06-29,122.84123992919922,233.0,237.0,228.0,230.0,52700
2012-07-02,121.78679656982422,231.0,235.0,229.0,235.0,62700
2012-07-03,125.47727966308594,238.0,240.0,234.0,235.0,69100
2012-07-04,127.05892944335938,241.0,244.0,240.0,241.0,73300
2012-07-05,129.1678009033203,245.0,246.0,242.0,242.0,47300
2012-07-06,124.42285919189453,236.0,245.0,236.0,242.0,57500
2012-07-09,122.31401062011719,232.0,232.0,227.0,231.0,45100
2012-07-10,119.67791748046875,227.0,231.0,226.0,227.0,54500
2012-07-11,119.15071105957031,226.0,230.0,226.0,227.0,50100
2012-07-12,118.62347412109375,225.0,228.0,222.0,227.0,62800
2012-07-13,114.9329833984375,218.0,221.0,215.0,220.0,83300
2012-07-17,113.87855529785156,216.0,219.0,209.0,218.0,65700
2012-07-18,108.60639953613281,206.0,213.0,205.0,212.0,64200
2012-07-19,109.13362121582031,207.0,212.0,206.0,210.0,67400
2012-07-20,108.07917022705078,205.0,212.0,200.0,209.0,128900
2012-07-23,104.38866424560547,198.0,205.0,198.0,200.0,103500
2012-07-24,98.06210327148438,186.0,201.0,182.0,200.0,274800
2012-07-25,99.64374542236328,189.0,193.0,183.0,186.0,147000
2012-07-26,100.17095947265625,190.0,198.0,189.0,190.0,61400
2012-07-27,107.5519790649414,204.0,205.0,196.0,199.0,64800
2012-07-30,105.97032928466797,201.0,201.0,194.0,199.0,46500
2012-07-31,106.4975357055664,202.0,203.0,194.0,201.0,57600
2012-08-01,104.9158935546875,199.0,203.0,198.0,203.0,36600
2012-08-02,112.8241195678711,214.0,220.0,201.0,203.0,94100
2012-08-03,108.60639953613281,206.0,211.0,206.0,210.0,78500
2012-08-06,109.13362121582031,207.0,212.0,203.0,206.0,87400
2012-08-07,113.35133361816406,215.0,223.0,208.0,212.0,81600
2012-08-08,119.67791748046875,227.0,228.0,220.0,227.0,71900
2012-08-09,114.40576934814453,217.0,223.0,208.0,223.0,58600
2012-08-10,109.66082763671875,208.0,217.0,207.0,216.0,58900
2012-08-13,108.60639953613281,206.0,207.0,203.0,205.0,37800
2012-08-14,109.66082763671875,208.0,214.0,206.0,207.0,50200
2012-08-15,111.76969909667969,212.0,213.0,205.0,210.0,66000
2012-08-16,111.24250030517578,211.0,218.0,206.0,206.0,49700
2012-08-17,113.35133361816406,215.0,219.0,208.0,217.0,57400
2012-08-20,109.66082763671875,208.0,218.0,208.0,215.0,33800
2012-08-21,107.5519790649414,204.0,211.0,202.0,207.0,55400
2012-08-22,109.13362121582031,207.0,215.0,205.0,215.0,26400
2012-08-23,108.60639953613281,206.0,209.0,201.0,206.0,52300
2012-08-24,106.4975357055664,202.0,206.0,202.0,202.0,43500
2012-08-27,105.44310760498047,200.0,205.0,200.0,201.0,64900
2012-08-28,100.69816589355469,191.0,201.0,191.0,200.0,64700
2012-08-29,104.38866424560547,198.0,198.0,195.0,195.0,31200
2012-08-30,101.75260925292969,193.0,196.0,191.0,196.0,48700
2012-08-31,99.11652374267578,188.0,192.0,187.0,191.0,69600
2012-09-03,98.58929443359375,187.0,191.0,186.0,188.0,49200
2012-09-04,98.58929443359375,187.0,189.0,186.0,188.0,50100
2012-09-05,97.53486633300781,185.0,188.0,185.0,187.0,46900
2012-09-06,100.17095947265625,190.0,192.0,185.0,185.0,40000
2012-09-07,102.27982330322266,194.0,198.0,192.0,194.0,33900
2012-09-10,102.80702209472656,195.0,196.0,192.0,196.0,27900
2012-09-11,100.17095947265625,190.0,194.0,190.0,194.0,25800
2012-09-12,100.17095947265625,190.0,190.0,188.0,188.0,34900
2012-09-13,100.17095947265625,190.0,193.0,186.0,190.0,68800
2012-09-14,104.9158935546875,199.0,199.0,193.0,196.0,80400
2012-09-18,109.13362121582031,207.0,207.0,197.0,197.0,76000
2012-09-19,107.5519790649414,204.0,207.0,202.0,205.0,45700
2012-09-20,104.38866424560547,198.0,204.0,198.0,204.0,39200
2012-09-21,98.06210327148438,186.0,196.0,186.0,195.0,200200
2012-09-24,99.11652374267578,188.0,191.0,186.0,188.0,60700
2012-09-25,102.27982330322266,194.0,194.0,187.0,188.0,60100
2012-09-26,99.64374542236328,189.0,191.0,188.0,189.0,46700
2012-09-27,100.17095947265625,190.0,193.0,189.0,189.0,49800
2012-09-28,96.48043823242188,183.0,192.0,183.0,192.0,89700
2012-10-01,96.48043823242188,183.0,185.0,181.0,183.0,71100
2012-10-02,95.4260025024414,181.0,184.0,181.0,183.0,35100
2012-10-03,95.95321655273438,182.0,183.0,181.0,181.0,37500
2012-10-04,98.06210327148438,186.0,187.0,183.0,183.0,31900
2012-10-05,100.17095947265625,190.0,190.0,185.0,188.0,29900
2012-10-09,96.48043823242188,183.0,187.0,183.0,186.0,36500
2012-10-10,95.95321655273438,182.0,183.0,181.0,182.0,63800
2012-10-11,97.00765991210938,184.0,185.0,181.0,181.0,32500
2012-10-12,95.95321655273438,182.0,184.0,182.0,182.0,37100
2012-10-15,97.00765991210938,184.0,184.0,181.0,181.0,26800
2012-10-16,99.11652374267578,188.0,190.0,184.0,185.0,32500
2012-10-17,99.64374542236328,189.0,193.0,187.0,190.0,64400
2012-10-18,100.69816589355469,191.0,193.0,187.0,188.0,39300
2012-10-19,101.75260925292969,193.0,193.0,188.0,191.0,41900
2012-10-22,99.64374542236328,189.0,193.0,187.0,190.0,37200
2012-10-23,99.11652374267578,188.0,193.0,187.0,188.0,43700
2012-10-24,98.58929443359375,187.0,189.0,186.0,188.0,37300
2012-10-25,97.53486633300781,185.0,185.0,183.0,185.0,54700
2012-10-26,99.64374542236328,189.0,189.0,185.0,185.0,54400
2012-10-29,98.06210327148438,186.0,189.0,186.0,187.0,32000
2012-10-30,98.06210327148438,186.0,189.0,186.0,186.0,72000
2012-10-31,100.17095947265625,190.0,190.0,184.0,186.0,33200
2012-11-01,103.33424377441406,196.0,197.0,191.0,191.0,78900
2012-11-02,119.67791748046875,227.0,242.0,210.0,210.0,1979100
2012-11-05,120.73238372802734,229.0,235.0,225.0,234.0,644400
2012-11-06,121.25958251953125,230.0,231.0,224.0,229.0,311400
2012-11-07,127.5861587524414,242.0,248.0,228.0,230.0,421200
2012-11-08,144.45706176757812,274.0,286.0,236.0,237.0,2830600
2012-11-09,139.18490600585938,264.0,276.0,258.0,265.0,1146000
2012-11-12,132.33108520507812,251.0,263.0,251.0,261.0,519100
2012-11-13,136.02159118652344,258.0,269.0,252.0,255.0,813100
2012-11-14,136.54881286621094,259.0,261.0,252.0,252.0,197600
2012-11-15,137.60324096679688,261.0,269.0,256.0,256.0,278900
2012-11-16,135.49441528320312,257.0,263.0,255.0,261.0,270000
2012-11-19,137.07603454589844,260.0,265.0,257.0,263.0,166300
2012-11-20,137.60324096679688,261.0,276.0,258.0,260.0,531700
2012-11-21,139.712158203125,265.0,272.0,259.0,261.0,301600
2012-11-22,143.92984008789062,273.0,274.0,267.0,270.0,187700
2012-11-26,142.3481903076172,270.0,288.0,267.0,281.0,521200
2012-11-27,147.09312438964844,279.0,280.0,266.0,269.0,253000
2012-11-28,146.03871154785156,277.0,282.0,274.0,278.0,216700
2012-11-29,148.1475372314453,281.0,285.0,275.0,279.0,175300
2012-11-30,147.62033081054688,280.0,286.0,277.0,283.0,187000
2012-12-03,160.27349853515625,304.0,307.0,281.0,282.0,685000
2012-12-04,165.5457000732422,314.0,324.0,299.0,305.0,815600
2012-12-05,174.50836181640625,331.0,331.0,315.0,315.0,573500
2012-12-06,172.3994598388672,327.0,330.0,317.0,330.0,228400
2012-12-07,163.96405029296875,311.0,326.0,309.0,326.0,345600
2012-12-10,163.43682861328125,310.0,315.0,305.0,311.0,180300
2012-12-11,161.32797241210938,306.0,309.0,299.0,304.0,142400
2012-12-12,167.654541015625,318.0,321.0,309.0,312.0,295500
2012-12-13,167.1273193359375,317.0,324.0,313.0,323.0,136300
2012-12-14,168.70895385742188,320.0,322.0,311.0,311.0,204600
2012-12-17,164.49127197265625,312.0,322.0,312.0,319.0,114700
2012-12-18,163.43682861328125,310.0,315.0,307.0,315.0,158700
2012-12-19,161.85516357421875,307.0,319.0,303.0,311.0,260400
2012-12-20,162.38238525390625,308.0,312.0,305.0,307.0,184900
2012-12-21,158.69186401367188,301.0,307.0,301.0,307.0,179500
2012-12-25,161.32797241210938,306.0,307.0,302.0,302.0,165700
2012-12-26,163.96405029296875,311.0,312.0,302.0,302.0,178000
2012-12-27,163.43682861328125,310.0,314.0,308.0,312.0,243700
2012-12-28,164.49127197265625,312.0,315.0,309.0,312.0,143600
2013-01-04,181.88934326171875,345.0,349.0,318.0,318.0,541100
2013-01-07,179.25326538085938,340.0,355.0,339.0,351.0,259200
2013-01-08,172.3994598388672,327.0,340.0,327.0,340.0,166300
2013-01-09,185.57989501953125,352.0,354.0,328.0,328.0,328900
2013-01-10,180.30772399902344,342.0,349.0,341.0,349.0,176800
2013-01-11,182.41656494140625,346.0,354.0,343.0,354.0,157300
2013-01-15,185.05267333984375,351.0,353.0,346.0,350.0,144300
2013-01-16,180.8349151611328,343.0,347.0,338.0,346.0,164900
2013-01-17,172.92669677734375,328.0,347.0,320.0,345.0,308300
2013-01-18,178.19882202148438,338.0,339.0,334.0,336.0,130500
2013-01-21,176.08999633789062,334.0,337.0,330.0,336.0,75500
2013-01-22,176.61721801757812,335.0,345.0,330.0,335.0,154900
2013-01-23,172.92669677734375,328.0,337.0,327.0,331.0,134600
2013-01-24,177.67160034179688,337.0,338.0,325.0,328.0,103900
2013-01-25,179.25326538085938,340.0,343.0,338.0,343.0,103000
2013-01-28,174.50836181640625,331.0,340.0,331.0,340.0,43400
2013-01-29,176.08999633789062,334.0,337.0,331.0,331.0,59300
2013-01-30,174.50836181640625,331.0,333.0,326.0,326.0,105100
2013-01-31,175.0355987548828,332.0,336.0,328.0,332.0,117200
2013-02-01,175.5628204345703,333.0,340.0,331.0,335.0,119400
2013-02-04,176.08999633789062,334.0,336.0,326.0,335.0,117300
2013-02-05,175.5628204345703,333.0,334.0,328.0,334.0,78700
2013-02-06,181.36215209960938,344.0,355.0,339.0,339.0,539700
2013-02-07,194.54254150390625,369.0,371.0,349.0,352.0,632700
2013-02-08,182.94378662109375,347.0,374.0,338.0,374.0,594400
2013-02-12,173.98114013671875,330.0,347.0,330.0,342.0,242000
2013-02-13,166.07290649414062,315.0,334.0,310.0,332.0,232800
2013-02-14,169.23619079589844,321.0,323.0,312.0,313.0,155900
2013-02-15,163.96405029296875,311.0,313.0,306.0,310.0,189200
2013-02-18,171.8722381591797,326.0,329.0,313.0,313.0,104900
2013-02-19,173.98114013671875,330.0,335.0,319.0,325.0,123000
2013-02-20,176.61721801757812,335.0,337.0,330.0,333.0,115100
2013-02-21,172.92669677734375,328.0,336.0,328.0,336.0,60800
2013-02-22,172.3994598388672,327.0,329.0,321.0,322.0,78100
2013-02-25,172.92669677734375,328.0,335.0,323.0,331.0,152800
2013-02-26,171.34506225585938,325.0,328.0,321.0,321.0,68400
2013-02-27,167.654541015625,318.0,325.0,317.0,325.0,85600
2013-02-28,170.81785583496094,324.0,326.0,319.0,319.0,61000
2013-03-01,169.23619079589844,321.0,323.0,320.0,321.0,46000
2013-03-04,168.18174743652344,319.0,325.0,319.0,324.0,92100
2013-03-05,168.18174743652344,319.0,322.0,319.0,319.0,64700
2013-03-06,171.34506225585938,325.0,325.0,320.0,321.0,62500
2013-03-07,168.70895385742188,320.0,325.0,320.0,322.0,88000
2013-03-08,170.81785583496094,324.0,325.0,320.0,320.0,138100
2013-03-11,176.61721801757812,335.0,337.0,328.0,329.0,130900
2013-03-12,173.98114013671875,330.0,340.0,330.0,340.0,101300
2013-03-13,171.8722381591797,326.0,335.0,326.0,329.0,102300
2013-03-14,169.76339721679688,322.0,326.0,322.0,324.0,62000
2013-03-15,169.23619079589844,321.0,325.0,321.0,325.0,109300
2013-03-18,166.07290649414062,315.0,320.0,313.0,320.0,129300
2013-03-19,167.1273193359375,317.0,321.0,316.0,317.0,66100
2013-03-21,169.76339721679688,322.0,325.0,320.0,320.0,100600
2013-03-22,166.60012817382812,316.0,324.0,316.0,322.0,86200
2013-03-25,167.1273193359375,317.0,323.0,316.0,322.0,77900
2013-03-26,166.60012817382812,316.0,319.0,313.0,318.0,128800
2013-03-27,168.76377868652344,312.0,315.0,310.0,312.0,89100
2013-03-28,166.60011291503906,308.0,316.0,305.0,316.0,87700
2013-03-29,166.05918884277344,307.0,312.0,305.0,312.0,63300
2013-04-01,165.51828002929688,306.0,310.0,305.0,309.0,95300
2013-04-02,167.14102172851562,309.0,309.0,297.0,304.0,139200
2013-04-03,170.386474609375,315.0,315.0,306.0,312.0,81300
2013-04-04,170.92739868164062,316.0,316.0,301.0,312.0,89300
2013-04-05,175.79556274414062,325.0,334.0,324.0,332.0,271200
2013-04-08,179.0410614013672,331.0,333.0,324.0,329.0,152600
2013-04-09,179.0410614013672,331.0,334.0,327.0,334.0,82600
2013-04-10,180.1228790283203,333.0,334.0,329.0,330.0,106300
2013-04-11,184.4501495361328,341.0,342.0,335.0,335.0,197600
2013-04-12,192.56375122070312,356.0,356.0,342.0,342.0,269100
2013-04-15,199.59559631347656,369.0,382.0,348.0,357.0,380200
2013-04-16,192.56375122070312,356.0,365.0,353.0,353.0,200400
2013-04-17,192.56375122070312,356.0,366.0,355.0,358.0,122600
2013-04-18,190.94105529785156,353.0,358.0,353.0,356.0,78600
2013-04-19,192.56375122070312,356.0,358.0,349.0,355.0,94300
2013-04-22,193.64559936523438,358.0,368.0,358.0,365.0,133800
2013-04-23,194.72738647460938,360.0,365.0,355.0,360.0,88100
2013-04-24,199.05470275878906,368.0,368.0,362.0,363.0,153000
2013-04-25,201.21832275390625,372.0,376.0,366.0,369.0,137700
2013-04-26,195.80917358398438,362.0,374.0,362.0,374.0,94800
2013-04-30,189.85923767089844,351.0,365.0,304.0,365.0,156000
2013-05-01,187.1546630859375,346.0,352.0,336.0,351.0,116300
2013-05-02,189.31832885742188,350.0,351.0,341.0,350.0,75100
2013-05-07,198.51377868652344,367.0,368.0,359.0,360.0,102600
2013-05-08,211.49563598632812,391.0,397.0,370.0,370.0,552300
2013-05-09,219.6092529296875,406.0,413.0,400.0,404.0,380800
2013-05-10,234.2137908935547,433.0,440.0,392.0,394.0,658300
2013-05-13,236.37744140625,437.0,440.0,421.0,433.0,330800
2013-05-14,234.2137908935547,433.0,444.0,429.0,442.0,231500
2013-05-15,234.2137908935547,433.0,455.0,429.0,438.0,308700
2013-05-16,225.55921936035156,417.0,445.0,415.0,435.0,456900
2013-05-17,239.6229248046875,443.0,445.0,417.0,419.0,232300
2013-05-20,254.76837158203125,471.0,474.0,455.0,455.0,264200
2013-05-21,247.1956329345703,457.0,474.0,454.0,470.0,296400
2013-05-22,247.1956329345703,457.0,468.0,457.0,462.0,153500
2013-05-23,227.7228546142578,421.0,462.0,415.0,455.0,508800
2013-05-24,235.2956085205078,435.0,445.0,411.0,431.0,266200
2013-05-27,222.85472106933594,412.0,436.0,411.0,436.0,181300
2013-05-28,224.47744750976562,415.0,421.0,406.0,411.0,87700
2013-05-29,232.05015563964844,429.0,434.0,415.0,423.0,145500
2013-05-30,222.85472106933594,412.0,421.0,406.0,420.0,192400
2013-05-31,241.78648376464844,447.0,467.0,419.0,419.0,545800
2013-06-03,246.11376953125,455.0,495.0,436.0,440.0,877000
2013-06-04,234.7546844482422,434.0,453.0,428.0,447.0,322300
2013-06-05,238.5410919189453,441.0,463.0,437.0,443.0,212700
2013-06-06,227.7228546142578,421.0,454.0,415.0,435.0,245300
2013-06-07,208.25015258789062,385.0,412.0,373.0,405.0,326100
2013-06-10,228.8047332763672,423.0,426.0,405.0,409.0,118500
2013-06-11,226.64108276367188,419.0,432.0,413.0,428.0,141300
2013-06-12,222.31378173828125,411.0,416.0,401.0,406.0,59500
2013-06-13,210.4137725830078,389.0,405.0,383.0,403.0,107800
2013-06-14,208.79107666015625,386.0,403.0,382.0,392.0,180300
2013-06-17,214.2001190185547,396.0,399.0,376.0,376.0,85500
2013-06-18,211.49563598632812,391.0,404.0,387.0,397.0,69600
2013-06-19,221.77285766601562,410.0,411.0,398.0,399.0,69200
2013-06-20,212.0364990234375,392.0,405.0,391.0,402.0,104500
2013-06-21,208.25015258789062,385.0,389.0,372.0,372.0,101300
2013-06-24,205.00466918945312,379.0,392.0,378.0,390.0,49500
2013-06-25,202.3001251220703,374.0,390.0,370.0,382.0,123000
2013-06-26,197.4319305419922,365.0,385.0,363.0,381.0,86400
2013-06-27,202.3001251220703,374.0,374.0,356.0,373.0,86900
2013-06-28,207.1683349609375,383.0,385.0,371.0,382.0,80900
2013-07-01,217.4456329345703,402.0,403.0,382.0,384.0,110100
2013-07-02,223.93653869628906,414.0,414.0,401.0,410.0,139900
2013-07-03,236.37744140625,437.0,438.0,411.0,419.0,191200
2013-07-04,240.70474243164062,445.0,454.0,429.0,435.0,208000
2013-07-05,241.78648376464844,447.0,450.0,438.0,450.0,182900
2013-07-08,232.59107971191406,430.0,451.0,430.0,449.0,79900
2013-07-09,228.26380920410156,422.0,435.0,418.0,430.0,161300
2013-07-10,235.2956085205078,435.0,443.0,425.0,425.0,103100
2013-07-11,230.96835327148438,427.0,430.0,423.0,429.0,69300
2013-07-12,238.00013732910156,440.0,442.0,428.0,433.0,110200
2013-07-16,236.37744140625,437.0,449.0,437.0,448.0,95300
2013-07-17,240.70474243164062,445.0,445.0,436.0,438.0,56400
2013-07-18,239.08200073242188,442.0,446.0,437.0,446.0,397000
2013-07-19,233.13198852539062,431.0,445.0,425.0,445.0,84800
2013-07-22,234.7546844482422,434.0,438.0,424.0,438.0,44800
2013-07-23,234.2137908935547,433.0,438.0,429.0,429.0,43100
2013-07-24,233.13198852539062,431.0,435.0,425.0,435.0,27600
2013-07-25,227.7228546142578,421.0,433.0,419.0,433.0,148800
2013-07-26,227.1819610595703,420.0,424.0,410.0,418.0,89200
2013-07-29,218.52743530273438,404.0,418.0,402.0,410.0,74200
2013-07-30,220.69107055664062,408.0,415.0,400.0,404.0,97200
2013-07-31,222.85472106933594,412.0,418.0,403.0,410.0,134100
2013-08-01,228.26380920410156,422.0,423.0,403.0,408.0,65800
2013-08-02,259.09564208984375,479.0,494.0,467.0,494.0,1652100
2013-08-05,268.2911071777344,496.0,518.0,485.0,491.0,1311000
2013-08-06,294.2547302246094,544.0,544.0,487.0,495.0,1002900
2013-08-07,280.73199462890625,519.0,538.0,515.0,526.0,584600
2013-08-08,279.65020751953125,517.0,580.0,509.0,512.0,644000
2013-08-09,286.6820373535156,530.0,535.0,501.0,502.0,480600
2013-08-12,288.3047180175781,533.0,539.0,511.0,515.0,350900
2013-08-13,295.87744140625,547.0,555.0,524.0,540.0,387900
2013-08-14,308.318359375,570.0,575.0,544.0,555.0,500200
2013-08-15,296.959228515625,549.0,567.0,544.0,560.0,307600
2013-08-16,292.6319885253906,541.0,552.0,537.0,538.0,209000
2013-08-19,293.1728820800781,542.0,548.0,535.0,548.0,158000
2013-08-20,291.0093078613281,538.0,560.0,537.0,542.0,254300
2013-08-21,290.46832275390625,537.0,544.0,522.0,536.0,259900
2013-08-22,302.9092712402344,560.0,563.0,540.0,546.0,329000
2013-08-23,317.51385498046875,587.0,604.0,564.0,570.0,933700
2013-08-26,301.8274230957031,558.0,586.0,555.0,580.0,550400
2013-08-27,295.3365783691406,546.0,565.0,544.0,554.0,324700
2013-08-28,292.0910949707031,540.0,546.0,534.0,535.0,198900
2013-08-29,291.5501708984375,539.0,555.0,538.0,549.0,181600
2013-08-30,289.3865051269531,535.0,553.0,535.0,553.0,146800
2013-09-02,294.2547302246094,544.0,550.0,539.0,547.0,211700
2013-09-03,296.959228515625,549.0,558.0,540.0,551.0,488900
2013-09-04,306.6956481933594,567.0,567.0,540.0,550.0,251400
2013-09-05,303.99102783203125,562.0,570.0,551.0,568.0,326000
2013-09-06,302.368408203125,559.0,565.0,544.0,565.0,210700
2013-09-09,312.1047058105469,577.0,583.0,568.0,570.0,268700
2013-09-10,307.7774353027344,569.0,583.0,563.0,580.0,149200
2013-09-11,299.6638488769531,554.0,567.0,550.0,560.0,250100
2013-09-12,297.500244140625,550.0,558.0,545.0,554.0,139100
2013-09-13,313.18658447265625,579.0,580.0,550.0,557.0,310700
2013-09-17,338.0683898925781,625.0,628.0,593.0,600.0,747000
2013-09-18,332.1183776855469,614.0,634.0,604.0,634.0,379600
2013-09-19,334.82293701171875,619.0,622.0,603.0,620.0,257500
2013-09-20,329.9548034667969,610.0,624.0,607.0,617.0,255200
2013-09-24,347.8047790527344,643.0,650.0,601.0,607.0,363100
2013-09-25,334.28204345703125,618.0,649.0,610.0,644.0,353600
2013-09-26,336.986572265625,623.0,629.0,606.0,611.0,199100
2013-09-27,342.9365234375,634.0,639.0,622.0,633.0,249600
2013-09-30,341.3138427734375,631.0,644.0,623.0,626.0,204100
2013-10-01,336.4457092285156,622.0,632.0,620.0,628.0,181500
2013-10-02,322.38201904296875,596.0,629.0,583.0,620.0,382900
2013-10-03,316.4320068359375,585.0,594.0,585.0,586.0,242200
2013-10-04,316.4320068359375,585.0,595.0,576.0,578.0,160400
2013-10-07,307.7774353027344,569.0,586.0,567.0,585.0,143900
2013-10-08,313.72747802734375,580.0,585.0,556.0,558.0,173200
2013-10-09,323.4638671875,598.0,600.0,572.0,576.0,145500
2013-10-10,322.38201904296875,596.0,608.0,591.0,603.0,111000
2013-10-11,333.74114990234375,617.0,619.0,602.0,609.0,204300
2013-10-15,336.4457092285156,622.0,633.0,618.0,628.0,223500
2013-10-16,334.28204345703125,618.0,620.0,609.0,612.0,124600
2013-10-17,332.6593322753906,615.0,632.0,610.0,624.0,151300
2013-10-18,345.1002197265625,638.0,649.0,610.0,611.0,343200
2013-10-21,361.3275146484375,668.0,677.0,643.0,648.0,540900
2013-10-22,355.9184265136719,658.0,672.0,653.0,672.0,235700
2013-10-23,351.0502014160156,649.0,668.0,647.0,661.0,210100
2013-10-24,358.6229553222656,663.0,667.0,632.0,643.0,225600
2013-10-25,353.7547302246094,654.0,664.0,650.0,660.0,185100
2013-10-28,359.1639404296875,664.0,669.0,654.0,659.0,153800
2013-10-29,368.9002990722656,682.0,685.0,663.0,664.0,374900
2013-10-30,364.5729675292969,674.0,690.0,668.0,684.0,401000
2013-10-31,357.5411376953125,661.0,685.0,653.0,684.0,260400
2013-11-01,311.5638732910156,576.0,603.0,561.0,590.0,1203300
2013-11-05,308.8592834472656,571.0,587.0,566.0,580.0,352900
2013-11-06,303.99102783203125,562.0,570.0,555.0,570.0,306100
2013-11-07,293.7138366699219,543.0,556.0,535.0,555.0,489400
2013-11-08,301.2865905761719,557.0,560.0,536.0,538.0,234700
2013-11-11,293.7138366699219,543.0,561.0,541.0,555.0,256300
2013-11-12,303.4502258300781,561.0,563.0,540.0,541.0,187900
2013-11-13,313.18658447265625,579.0,580.0,550.0,551.0,344900
2013-11-14,311.5638732910156,576.0,590.0,573.0,582.0,210900
2013-11-15,313.72747802734375,580.0,588.0,575.0,576.0,220500
2013-11-18,313.18658447265625,579.0,593.0,577.0,587.0,207600
2013-11-19,312.6456604003906,578.0,584.0,570.0,578.0,138400
2013-11-20,309.9410400390625,573.0,583.0,570.0,577.0,137700
2013-11-21,302.9092712402344,560.0,576.0,556.0,571.0,213800
2013-11-22,302.9092712402344,560.0,572.0,553.0,569.0,169500
2013-11-25,305.0729064941406,564.0,568.0,559.0,565.0,154400
2013-11-26,306.6956481933594,567.0,570.0,560.0,560.0,85500
2013-11-27,304.53204345703125,563.0,568.0,561.0,566.0,82200
2013-11-28,308.8592834472656,571.0,572.0,560.0,562.0,109300
2013-11-29,312.1047058105469,577.0,582.0,571.0,576.0,158800
2013-12-02,324.545654296875,600.0,601.0,579.0,579.0,262400
2013-12-03,322.9229736328125,597.0,602.0,592.0,598.0,172600
2013-12-04,319.1365966796875,590.0,596.0,582.0,592.0,139200
2013-12-05,306.15472412109375,566.0,589.0,565.0,585.0,201100
2013-12-06,303.99102783203125,562.0,569.0,555.0,560.0,112700
2013-12-09,311.0228576660156,575.0,577.0,565.0,565.0,111400
2013-12-10,311.5638732910156,576.0,584.0,570.0,573.0,153800
2013-12-11,307.23651123046875,568.0,577.0,564.0,570.0,134900
2013-12-12,303.99102783203125,562.0,566.0,559.0,562.0,67900
2013-12-13,302.368408203125,559.0,568.0,553.0,559.0,188100
2013-12-16,291.5501708984375,539.0,565.0,537.0,565.0,223600
2013-12-17,294.2547302246094,544.0,552.0,540.0,540.0,173200
2013-12-18,312.1047058105469,577.0,605.0,575.0,594.0,1009500
2013-12-19,321.30023193359375,594.0,598.0,578.0,578.0,602900
2013-12-20,317.51385498046875,587.0,591.0,581.0,590.0,227100
2013-12-24,305.0729064941406,564.0,585.0,561.0,583.0,285300
2013-12-25,303.99102783203125,562.0,569.0,558.0,564.0,284600
2013-12-26,317.51385498046875,587.0,589.0,566.0,567.0,201700
2013-12-27,320.75927734375,593.0,594.0,581.0,594.0,124700
2013-12-30,324.545654296875,600.0,602.0,591.0,598.0,144000
2014-01-06,324.545654296875,600.0,608.0,595.0,598.0,214600
2014-01-07,335.3638610839844,620.0,625.0,585.0,595.0,476300
2014-01-08,352.132080078125,651.0,651.0,625.0,630.0,524000
2014-01-09,354.29571533203125,655.0,661.0,644.0,651.0,303100
2014-01-10,352.132080078125,651.0,654.0,640.0,653.0,162100
2014-01-14,342.39569091796875,633.0,645.0,631.0,640.0,220500
2014-01-15,349.427490234375,646.0,656.0,636.0,648.0,177300
2014-01-16,347.26385498046875,642.0,653.0,639.0,642.0,240200
2014-01-17,350.50933837890625,648.0,652.0,631.0,642.0,175900
2014-01-20,345.1002197265625,638.0,650.0,633.0,649.0,175000
2014-01-21,338.609375,626.0,646.0,626.0,643.0,177000
2014-01-22,338.609375,626.0,633.0,625.0,629.0,134200
2014-01-23,335.3638610839844,620.0,630.0,620.0,626.0,142200
2014-01-24,331.03656005859375,612.0,616.0,607.0,611.0,163300
2014-01-27,316.4320068359375,585.0,597.0,585.0,597.0,248700
2014-01-28,316.4320068359375,585.0,597.0,584.0,586.0,141800
2014-01-29,323.4638671875,598.0,599.0,593.0,593.0,86600
2014-01-30,311.5638732910156,576.0,586.0,572.0,581.0,232000
2014-01-31,312.1047058105469,577.0,590.0,567.0,588.0,189800
2014-02-03,293.1728820800781,542.0,566.0,542.0,561.0,317300
2014-02-04,274.781982421875,508.0,528.0,502.0,519.0,403600
2014-02-05,285.60015869140625,528.0,534.0,515.0,516.0,577600
2014-02-06,295.3365783691406,546.0,558.0,524.0,527.0,404500
2014-02-07,322.9229736328125,597.0,637.0,588.0,636.0,1528100
2014-02-10,327.7911682128906,606.0,613.0,595.0,603.0,477600
2014-02-12,348.8866271972656,645.0,652.0,615.0,616.0,607000
2014-02-13,336.986572265625,623.0,643.0,618.0,639.0,284200
2014-02-14,320.75927734375,593.0,626.0,583.0,617.0,423600
2014-02-17,328.8728942871094,608.0,613.0,593.0,593.0,184400
2014-02-18,332.6593322753906,615.0,617.0,601.0,611.0,146900
2014-02-19,329.9548034667969,610.0,623.0,606.0,619.0,155100
2014-02-20,320.2183837890625,592.0,608.0,590.0,608.0,176700
2014-02-21,321.84112548828125,595.0,605.0,590.0,598.0,232900
2014-02-24,323.4638671875,598.0,610.0,593.0,595.0,175400
2014-02-25,331.03656005859375,612.0,613.0,602.0,605.0,139200
2014-02-26,324.545654296875,600.0,610.0,598.0,605.0,141000
2014-02-27,325.6274719238281,602.0,608.0,596.0,600.0,93000
2014-02-28,320.2183837890625,592.0,604.0,590.0,597.0,170300
2014-03-03,316.9729309082031,586.0,597.0,575.0,585.0,206200
2014-03-04,320.75927734375,593.0,594.0,576.0,579.0,93200
2014-03-05,322.38201904296875,596.0,604.0,593.0,599.0,94700
2014-03-06,322.9229736328125,597.0,604.0,592.0,595.0,224600
2014-03-07,322.9229736328125,597.0,607.0,595.0,602.0,138000
2014-03-10,320.2183837890625,592.0,598.0,589.0,598.0,206100
2014-03-11,323.4638671875,598.0,600.0,591.0,599.0,132900
2014-03-12,316.4320068359375,585.0,597.0,584.0,597.0,225800
2014-03-13,315.3502197265625,583.0,593.0,579.0,585.0,308600
2014-03-14,303.99102783203125,562.0,578.0,561.0,572.0,308200
2014-03-17,299.1229248046875,553.0,560.0,549.0,558.0,167200
2014-03-18,303.99102783203125,562.0,570.0,558.0,566.0,186300
2014-03-19,303.4502258300781,561.0,569.0,556.0,560.0,131800
2014-03-20,296.4184265136719,548.0,568.0,548.0,568.0,219900
2014-03-24,318.05474853515625,588.0,594.0,553.0,553.0,363400
2014-03-25,307.23651123046875,568.0,590.0,564.0,588.0,367200
2014-03-26,306.15472412109375,566.0,578.0,562.0,570.0,361300
2014-03-27,314.6433410644531,556.0,559.0,530.0,540.0,221600
2014-03-28,305.5888366699219,540.0,554.0,530.0,553.0,399300
2014-03-31,312.94561767578125,553.0,553.0,540.0,548.0,180400
2014-04-01,304.45703125,538.0,553.0,536.0,553.0,239300
2014-04-02,306.72064208984375,542.0,548.0,541.0,541.0,162100
2014-04-03,306.1546936035156,541.0,547.0,540.0,545.0,90400
2014-04-04,302.75927734375,535.0,546.0,535.0,540.0,119400
2014-04-07,293.704833984375,519.0,530.0,512.0,530.0,292200
2014-04-08,288.0457763671875,509.0,519.0,506.0,519.0,183000
2014-04-09,284.08441162109375,502.0,507.0,501.0,504.0,180500
2014-04-10,281.8208312988281,498.0,511.0,496.0,506.0,153400
2014-04-11,275.5958557128906,487.0,491.0,481.0,490.0,136000
2014-04-14,273.89813232421875,484.0,494.0,483.0,489.0,106400
2014-04-15,275.5958557128906,487.0,494.0,485.0,494.0,118200
2014-04-16,282.95263671875,500.0,500.0,489.0,489.0,84500
2014-04-17,277.2935791015625,490.0,503.0,487.0,500.0,135400
2014-04-18,281.8208312988281,498.0,498.0,490.0,493.0,50800
2014-04-21,280.68902587890625,496.0,498.0,492.0,493.0,81200
2014-04-22,277.2935791015625,490.0,498.0,490.0,496.0,63200
2014-04-23,275.5958557128906,487.0,492.0,487.0,490.0,79300
2014-04-24,279.5572509765625,494.0,495.0,486.0,488.0,107900
2014-04-25,279.5572509765625,494.0,497.0,488.0,495.0,74000
2014-04-28,277.2935791015625,490.0,494.0,486.0,489.0,122100
2014-04-30,269.93682861328125,477.0,490.0,476.0,489.0,183200
2014-05-01,278.99127197265625,493.0,497.0,480.0,483.0,209000
2014-05-02,277.2935791015625,490.0,494.0,485.0,488.0,223700
2014-05-07,268.80499267578125,475.0,492.0,473.0,490.0,289100
2014-05-08,273.3322448730469,483.0,487.0,476.0,479.0,239500
2014-05-09,305.0229187011719,539.0,547.0,514.0,527.0,2319400
2014-05-12,319.1705322265625,564.0,595.0,543.0,548.0,1672000
2014-05-13,318.60467529296875,563.0,575.0,559.0,567.0,601800
2014-05-14,327.6591491699219,579.0,589.0,562.0,564.0,803200
2014-05-15,328.79095458984375,581.0,584.0,567.0,580.0,263200
2014-05-16,323.6977844238281,572.0,580.0,567.0,577.0,364400
2014-05-19,314.0774230957031,555.0,578.0,550.0,577.0,272900
2014-05-20,319.73651123046875,565.0,576.0,554.0,557.0,237000
2014-05-21,331.6204833984375,586.0,590.0,560.0,565.0,490400
2014-05-22,340.10906982421875,601.0,607.0,584.0,589.0,605800
2014-05-23,338.411376953125,598.0,607.0,595.0,602.0,283600
2014-05-26,354.2567443847656,626.0,633.0,603.0,609.0,705700
2014-05-27,350.29534912109375,619.0,630.0,616.0,629.0,280500
2014-05-28,354.2567443847656,626.0,635.0,620.0,621.0,284800
2014-05-29,358.7839050292969,634.0,637.0,619.0,619.0,269400
2014-05-30,357.086181640625,631.0,637.0,629.0,635.0,247400
2014-06-02,358.218017578125,633.0,642.0,627.0,628.0,421500
2014-06-03,362.7452392578125,641.0,650.0,636.0,638.0,383700
2014-06-04,366.1406555175781,647.0,649.0,635.0,638.0,279700
2014-06-05,364.4429931640625,644.0,652.0,640.0,645.0,200100
2014-06-06,365.5747985839844,646.0,649.0,636.0,645.0,195800
2014-06-09,371.7997741699219,657.0,663.0,647.0,647.0,373400
2014-06-10,384.2496643066406,679.0,686.0,666.0,666.0,744500
2014-06-11,385.94744873046875,682.0,684.0,673.0,673.0,415600
2014-06-12,388.2109375,686.0,692.0,677.0,678.0,438500
2014-06-13,394.43603515625,697.0,699.0,681.0,681.0,401000
2014-06-16,383.6837463378906,678.0,697.0,673.0,696.0,404000
2014-06-17,402.9245300292969,712.0,718.0,685.0,685.0,685700
2014-06-18,418.2039489746094,739.0,746.0,710.0,710.0,530300
2014-06-19,426.1265869140625,753.0,765.0,745.0,747.0,608900
2014-06-20,417.6380920410156,738.0,750.0,736.0,750.0,375300
2014-06-23,430.0880432128906,760.0,770.0,739.0,739.0,358900
2014-06-24,429.52203369140625,759.0,769.0,752.0,758.0,325300
2014-06-25,421.5994873046875,745.0,760.0,744.0,753.0,209600
2014-06-26,413.11077880859375,730.0,752.0,722.0,744.0,300200
2014-06-27,405.7540283203125,717.0,730.0,703.0,726.0,357000
2014-06-30,415.3744812011719,734.0,742.0,707.0,713.0,347400
2014-07-01,439.7083740234375,777.0,785.0,737.0,740.0,672700
2014-07-02,442.5379943847656,782.0,798.0,777.0,798.0,418800
2014-07-03,440.2742919921875,778.0,787.0,763.0,784.0,312200
2014-07-04,448.7629089355469,793.0,797.0,773.0,782.0,344100
2014-07-07,438.5765686035156,775.0,809.0,770.0,795.0,444700
2014-07-08,444.8015441894531,786.0,790.0,758.0,771.0,260000
2014-07-09,427.8244323730469,756.0,777.0,753.0,767.0,302000
2014-07-10,421.0335388183594,744.0,765.0,742.0,757.0,210600
2014-07-11,418.76983642578125,740.0,744.0,727.0,730.0,162100
2014-07-14,432.3515930175781,764.0,777.0,734.0,734.0,280000
2014-07-15,430.0880432128906,760.0,774.0,752.0,772.0,135300
2014-07-16,421.5994873046875,745.0,766.0,743.0,760.0,177300
2014-07-17,419.3358154296875,741.0,757.0,734.0,745.0,221100
2014-07-18,413.11077880859375,730.0,735.0,717.0,726.0,160100
2014-07-22,417.0721435546875,737.0,740.0,730.0,739.0,90500
2014-07-23,415.9403381347656,735.0,742.0,730.0,732.0,119300
2014-07-24,409.71533203125,724.0,738.0,721.0,738.0,143200
2014-07-25,418.2039489746094,739.0,741.0,721.0,725.0,150300
2014-07-28,414.24261474609375,732.0,740.0,727.0,739.0,114000
2014-07-29,413.6767272949219,731.0,739.0,727.0,734.0,84800
2014-07-30,409.71533203125,724.0,732.0,723.0,732.0,129300
2014-07-31,400.66094970703125,708.0,727.0,705.0,725.0,240500
2014-08-01,397.2655029296875,702.0,712.0,690.0,690.0,273700
2014-08-04,406.8858642578125,719.0,722.0,704.0,705.0,193800
2014-08-05,405.1882019042969,716.0,735.0,716.0,728.0,257300
2014-08-06,408.58355712890625,722.0,753.0,711.0,720.0,761600
2014-08-07,400.09503173828125,707.0,725.0,694.0,717.0,413600
2014-08-08,394.43603515625,697.0,704.0,684.0,700.0,241100
2014-08-11,407.4517517089844,720.0,721.0,706.0,719.0,209800
2014-08-12,390.4746398925781,690.0,714.0,686.0,713.0,431900
2014-08-13,390.4746398925781,690.0,693.0,673.0,687.0,361600
2014-08-14,400.66094970703125,708.0,712.0,689.0,690.0,256700
2014-08-15,405.7540283203125,717.0,718.0,703.0,703.0,133800
2014-08-18,402.9245300292969,712.0,718.0,711.0,713.0,89100
2014-08-19,403.4904479980469,713.0,719.0,709.0,717.0,87800
2014-08-20,401.2268371582031,709.0,714.0,703.0,711.0,138400
2014-08-21,421.5994873046875,745.0,755.0,718.0,719.0,609600
2014-08-22,424.4289245605469,750.0,760.0,747.0,759.0,535600
2014-08-25,441.9720458984375,781.0,785.0,748.0,750.0,592700
2014-08-26,437.4447937011719,773.0,781.0,752.0,775.0,393000
2014-08-27,432.3515930175781,764.0,779.0,753.0,773.0,273400
2014-08-28,431.7857360839844,763.0,775.0,757.0,765.0,196400
2014-08-29,428.3902587890625,757.0,764.0,752.0,764.0,110800
2014-09-01,443.1038818359375,783.0,786.0,752.0,752.0,312400
2014-09-02,440.8402099609375,779.0,795.0,775.0,795.0,224000
2014-09-03,435.18121337890625,769.0,779.0,766.0,774.0,166800
2014-09-04,441.40606689453125,780.0,792.0,770.0,771.0,254600
2014-09-05,428.3902587890625,757.0,777.0,753.0,776.0,260800
2014-09-08,423.863037109375,749.0,766.0,745.0,766.0,180200
2014-09-09,419.9017028808594,742.0,753.0,741.0,750.0,187900
2014-09-10,423.2970886230469,748.0,748.0,730.0,741.0,173800
2014-09-11,422.16534423828125,746.0,756.0,742.0,756.0,141900
2014-09-12,423.2970886230469,748.0,757.0,745.0,745.0,212400
2014-09-16,427.25848388671875,755.0,757.0,746.0,746.0,143700
2014-09-17,417.6380920410156,738.0,756.0,738.0,756.0,152400
2014-09-18,420.4676513671875,743.0,751.0,738.0,744.0,148300
2014-09-19,428.3902587890625,757.0,761.0,740.0,743.0,221600
2014-09-22,427.8244323730469,756.0,761.0,750.0,759.0,106100
2014-09-24,424.9947509765625,751.0,756.0,746.0,753.0,97500
2014-09-25,431.7857360839844,763.0,767.0,758.0,761.0,136300
2014-09-26,432.9176025390625,765.0,767.0,758.0,763.0,132500
2014-09-29,440.2742919921875,778.0,781.0,768.0,769.0,213300
2014-09-30,434.04937744140625,767.0,779.0,749.0,779.0,251300
2014-10-01,419.3358154296875,741.0,767.0,739.0,767.0,254000
2014-10-02,401.79278564453125,710.0,725.0,706.0,720.0,324000
2014-10-03,412.544921875,729.0,734.0,714.0,714.0,208800
2014-10-06,427.8244323730469,756.0,759.0,734.0,747.0,258700
2014-10-07,427.8244323730469,756.0,761.0,751.0,761.0,188300
2014-10-08,421.5994873046875,745.0,747.0,736.0,741.0,217200
2014-10-09,414.80853271484375,733.0,751.0,732.0,748.0,166700
2014-10-10,407.4517517089844,720.0,724.0,716.0,720.0,211700
2014-10-14,405.1882019042969,716.0,719.0,700.0,710.0,226000
2014-10-15,405.1882019042969,716.0,721.0,709.0,715.0,142800
2014-10-16,397.2655029296875,702.0,715.0,700.0,710.0,295200
2014-10-17,395.5677795410156,699.0,709.0,697.0,702.0,254700
2014-10-20,407.4517517089844,720.0,727.0,708.0,713.0,223800
2014-10-21,397.2655029296875,702.0,728.0,700.0,728.0,277400
2014-10-22,409.71533203125,724.0,726.0,710.0,714.0,135400
2014-10-23,408.0176696777344,721.0,728.0,711.0,717.0,96500
2014-10-24,408.0176696777344,721.0,729.0,714.0,729.0,115600
2014-10-27,406.32000732421875,718.0,727.0,711.0,727.0,120900
2014-10-28,403.4904479980469,713.0,718.0,710.0,712.0,131000
2014-10-29,415.9403381347656,735.0,737.0,715.0,717.0,192800
2014-10-30,418.76983642578125,740.0,744.0,731.0,735.0,160400
2014-10-31,455.5537414550781,805.0,815.0,766.0,770.0,1648000
2014-11-04,465.74005126953125,823.0,847.0,817.0,843.0,607300
2014-11-05,461.7787170410156,816.0,820.0,804.0,820.0,251600
2014-11-06,453.2900695800781,801.0,824.0,796.0,819.0,305200
2014-11-07,449.89471435546875,795.0,810.0,792.0,809.0,198100
2014-11-10,451.0264587402344,797.0,805.0,787.0,789.0,149800
2014-11-11,446.49920654296875,789.0,795.0,782.0,794.0,190000
2014-11-12,443.1038818359375,783.0,797.0,778.0,796.0,209700
2014-11-13,437.4447937011719,773.0,793.0,767.0,783.0,290900
2014-11-14,439.7083740234375,777.0,785.0,767.0,780.0,221300
2014-11-17,424.9947509765625,751.0,779.0,748.0,779.0,290400
2014-11-18,440.8402099609375,779.0,779.0,758.0,758.0,147700
2014-11-19,440.2742919921875,778.0,790.0,777.0,787.0,178000
2014-11-20,462.9104919433594,818.0,833.0,785.0,788.0,743900
2014-11-21,462.34466552734375,817.0,827.0,803.0,820.0,386700
2014-11-25,466.871826171875,825.0,835.0,817.0,825.0,277600
2014-11-26,497.4307861328125,879.0,889.0,832.0,835.0,917200
2014-11-27,509.3147277832031,900.0,935.0,884.0,885.0,1016600
2014-11-28,518.9351806640625,917.0,922.0,892.0,896.0,313400
2014-12-01,517.8033447265625,915.0,932.0,909.0,925.0,223900
2014-12-02,520.6328125,920.0,921.0,884.0,900.0,187600
2014-12-03,518.369384765625,916.0,943.0,909.0,930.0,357900
2014-12-04,518.369384765625,916.0,923.0,910.0,914.0,177700
2014-12-05,514.9736938476562,910.0,919.0,908.0,911.0,238800
2014-12-08,518.369384765625,916.0,939.0,911.0,917.0,174100
2014-12-09,502.52386474609375,888.0,916.0,886.0,915.0,214900
2014-12-10,506.4852600097656,895.0,898.0,867.0,870.0,194200
2014-12-11,497.99658203125,880.0,884.0,867.0,877.0,171500
2014-12-12,499.12847900390625,882.0,900.0,872.0,872.0,177900
2014-12-15,483.8489990234375,855.0,880.0,854.0,880.0,216900
2014-12-16,468.00372314453125,827.0,840.0,824.0,830.0,227600
2014-12-17,474.2286682128906,838.0,843.0,822.0,822.0,165200
2014-12-18,478.75592041015625,846.0,859.0,842.0,852.0,144100
2014-12-19,483.8489990234375,855.0,867.0,844.0,856.0,190500
2014-12-22,486.6785583496094,860.0,869.0,845.0,862.0,150000
2014-12-24,490.073974609375,866.0,876.0,850.0,871.0,204900
2014-12-25,484.9808654785156,857.0,869.0,850.0,867.0,176500
2014-12-26,496.2989196777344,877.0,885.0,858.0,861.0,160900
2014-12-29,503.0896911621094,889.0,893.0,871.0,886.0,199700
2014-12-30,498.5624694824219,881.0,894.0,881.0,894.0,166100
2015-01-05,503.0896911621094,889.0,896.0,879.0,885.0,174700
2015-01-06,489.50811767578125,865.0,882.0,864.0,882.0,227300
2015-01-07,491.77166748046875,869.0,876.0,861.0,865.0,114700
2015-01-08,499.12847900390625,882.0,885.0,872.0,879.0,133500
2015-01-09,495.16717529296875,875.0,889.0,871.0,882.0,139500
2015-01-13,479.8876953125,848.0,870.0,842.0,870.0,257000
2015-01-14,482.1513671875,852.0,863.0,845.0,849.0,178000
2015-01-15,484.4148864746094,856.0,859.0,841.0,852.0,189400
2015-01-16,478.75592041015625,846.0,848.0,832.0,841.0,198000
2015-01-19,472.5309143066406,835.0,859.0,833.0,857.0,113800
2015-01-20,481.5853576660156,851.0,852.0,835.0,835.0,96000
2015-01-21,476.4921569824219,842.0,847.0,836.0,847.0,141100
2015-01-22,474.79449462890625,839.0,849.0,835.0,839.0,153800
2015-01-23,488.942138671875,864.0,867.0,844.0,854.0,169700
2015-01-26,495.7330627441406,876.0,879.0,864.0,873.0,158100
2015-01-27,501.3921813964844,886.0,888.0,879.0,885.0,128000
2015-01-28,505.353271484375,893.0,895.0,876.0,881.0,132400
2015-01-29,500.2602844238281,884.0,904.0,881.0,888.0,203900
2015-01-30,511.0124206542969,903.0,908.0,897.0,899.0,213700
2015-02-02,500.2602844238281,884.0,904.0,882.0,904.0,205200
2015-02-03,487.2444152832031,861.0,885.0,854.0,884.0,229200
2015-02-04,495.16717529296875,875.0,889.0,868.0,870.0,229000
2015-02-05,488.3761901855469,863.0,889.0,859.0,889.0,248100
2015-02-06,531.3849487304688,939.0,958.0,900.0,908.0,1360300
2015-02-09,526.8577270507812,931.0,950.0,920.0,948.0,426600
2015-02-10,526.2918701171875,930.0,940.0,920.0,928.0,228200
2015-02-12,523.46240234375,925.0,940.0,923.0,936.0,242200
2015-02-13,517.2373657226562,914.0,933.0,907.0,932.0,211500
2015-02-16,534.780517578125,945.0,947.0,910.0,919.0,342300
2015-02-17,551.1917114257812,974.0,979.0,940.0,943.0,616800
2015-02-18,548.9281005859375,970.0,976.0,953.0,971.0,408600
2015-02-19,552.3235473632812,976.0,982.0,961.0,961.0,267100
2015-02-20,550.0598754882812,972.0,982.0,963.0,980.0,183200
2015-02-23,574.9597778320312,1016.0,1039.0,980.0,980.0,977700
2015-02-24,605.5185546875,1070.0,1074.0,1011.0,1013.0,867500
2015-02-25,608.9140625,1076.0,1085.0,1050.0,1080.0,548800
2015-02-26,610.6117553710938,1079.0,1108.0,1069.0,1079.0,457600
2015-02-27,602.1231079101562,1064.0,1087.0,1060.0,1079.0,276600
2015-03-02,616.8367309570312,1090.0,1096.0,1054.0,1060.0,393100
2015-03-03,632.68212890625,1118.0,1136.0,1090.0,1090.0,655000
2015-03-04,627.5889282226562,1109.0,1115.0,1082.0,1100.0,347500
2015-03-05,637.2093505859375,1126.0,1155.0,1109.0,1129.0,491400
2015-03-06,643.4342041015625,1137.0,1152.0,1125.0,1130.0,426800
2015-03-09,650.7908935546875,1150.0,1165.0,1138.0,1141.0,339700
2015-03-10,633.8138427734375,1120.0,1178.0,1116.0,1175.0,650800
2015-03-11,630.9843139648438,1115.0,1125.0,1085.0,1100.0,294300
2015-03-12,644.0001220703125,1138.0,1141.0,1122.0,1128.0,231600
2015-03-13,639.4730224609375,1130.0,1145.0,1120.0,1145.0,284500
2015-03-16,632.1162109375,1117.0,1139.0,1112.0,1124.0,208300
2015-03-17,630.41845703125,1114.0,1132.0,1100.0,1110.0,230600
2015-03-18,624.1934814453125,1103.0,1117.0,1101.0,1101.0,211000
2015-03-19,605.5185546875,1070.0,1102.0,1068.0,1091.0,495100
2015-03-20,635.5115966796875,1123.0,1127.0,1074.0,1074.0,602300
2015-03-23,636.077392578125,1124.0,1140.0,1111.0,1130.0,288500
2015-03-24,630.9843139648438,1115.0,1124.0,1108.0,1115.0,164000
2015-03-25,625.3253173828125,1105.0,1115.0,1097.0,1114.0,202300
2015-03-26,615.1389770507812,1087.0,1097.0,1078.0,1093.0,226500
2015-03-27,613.9696655273438,1050.0,1094.0,1042.0,1060.0,259500
2015-03-30,598.1818237304688,1023.0,1050.0,1015.0,1039.0,270100
2015-03-31,602.27490234375,1030.0,1039.0,1011.0,1011.0,272200
2015-04-01,582.9786987304688,997.0,1030.0,994.0,1025.0,356700
2015-04-02,591.1649169921875,1011.0,1020.0,991.0,996.0,326300
2015-04-03,592.919189453125,1014.0,1018.0,995.0,1000.0,269700
2015-04-06,584.1482543945312,999.0,1022.0,997.0,1014.0,177500
2015-04-07,587.0718994140625,1004.0,1016.0,994.0,1009.0,218500
2015-04-08,594.0885620117188,1016.0,1023.0,1001.0,1012.0,193700
2015-04-09,590.5802612304688,1010.0,1025.0,1005.0,1016.0,191400
2015-04-10,583.5634155273438,998.0,1012.0,996.0,1010.0,167400
2015-04-13,582.9786987304688,997.0,1006.0,992.0,1003.0,157700
2015-04-14,587.6564331054688,1005.0,1010.0,993.0,997.0,146600
2015-04-15,608.1221923828125,1040.0,1048.0,1005.0,1007.0,398900
2015-04-16,609.87646484375,1043.0,1059.0,1020.0,1055.0,357000
2015-04-17,601.6901245117188,1029.0,1041.0,1022.0,1041.0,215700
2015-04-20,587.6564331054688,1005.0,1025.0,1003.0,1020.0,196400
2015-04-21,591.7496948242188,1012.0,1014.0,997.0,1007.0,282300
2015-04-22,593.50390625,1015.0,1019.0,1005.0,1014.0,148400
2015-04-23,593.50390625,1015.0,1021.0,1008.0,1020.0,177000
2015-04-24,599.93603515625,1026.0,1029.0,1010.0,1015.0,162900
2015-04-27,599.3512573242188,1025.0,1033.0,1017.0,1026.0,103400
2015-04-28,596.4275512695312,1020.0,1028.0,1017.0,1019.0,135000
2015-04-30,587.0718994140625,1004.0,1026.0,1000.0,1025.0,232900
2015-05-01,575.9619140625,985.0,1002.0,983.0,999.0,230600
2015-05-07,581.2245483398438,994.0,1008.0,980.0,985.0,181500
2015-05-08,599.3512573242188,1025.0,1027.0,1000.0,1005.0,304600
2015-05-11,602.27490234375,1030.0,1040.0,979.0,980.0,608500
2015-05-12,619.2321166992188,1059.0,1063.0,1013.0,1018.0,480200
2015-05-13,625.0794677734375,1069.0,1080.0,1050.0,1060.0,348600
2015-05-14,615.7238159179688,1053.0,1077.0,1051.0,1074.0,208500
2015-05-15,632.0962524414062,1081.0,1092.0,1060.0,1060.0,282200
2015-05-18,626.2489013671875,1071.0,1083.0,1064.0,1082.0,204800
2015-05-19,636.1895141601562,1088.0,1092.0,1073.0,1073.0,226100
2015-05-20,633.8505249023438,1084.0,1095.0,1079.0,1081.0,190900
2015-05-21,618.6474609375,1058.0,1093.0,1056.0,1081.0,241700
2015-05-22,617.4779663085938,1056.0,1063.0,1043.0,1056.0,177500
2015-05-25,622.1558227539062,1064.0,1074.0,1057.0,1061.0,163500
2015-05-26,616.8931884765625,1055.0,1065.0,1050.0,1056.0,114100
2015-05-27,609.2916259765625,1042.0,1056.0,1038.0,1050.0,157100
2015-05-28,601.6901245117188,1029.0,1053.0,1025.0,1038.0,164500
2015-05-29,623.3253173828125,1066.0,1068.0,1024.0,1024.0,339300
2015-06-01,628.5878295898438,1075.0,1075.0,1053.0,1067.0,154700
2015-06-02,626.2489013671875,1071.0,1074.0,1059.0,1067.0,166700
2015-06-03,623.9099731445312,1067.0,1081.0,1060.0,1065.0,191100
2015-06-04,635.6046752929688,1087.0,1090.0,1068.0,1074.0,202600
2015-06-05,636.774169921875,1089.0,1095.0,1078.0,1089.0,201800
2015-06-08,627.4183959960938,1073.0,1094.0,1072.0,1089.0,102100
2015-06-09,607.5374755859375,1039.0,1069.0,1039.0,1060.0,171000
2015-06-10,604.0291137695312,1033.0,1049.0,1028.0,1043.0,121300
2015-06-11,589.9954833984375,1009.0,1038.0,1004.0,1038.0,316700
2015-06-12,580.0550537109375,992.0,1006.0,985.0,1004.0,518500
2015-06-15,575.3772583007812,984.0,989.0,981.0,985.0,285400
2015-06-16,562.5131225585938,962.0,985.0,960.0,984.0,349200
2015-06-17,557.8351440429688,954.0,967.0,951.0,965.0,211100
2015-06-18,553.1574096679688,946.0,957.0,944.0,951.0,226300
2015-06-19,560.1741943359375,958.0,966.0,941.0,941.0,192900
2015-06-22,556.6656494140625,952.0,960.0,946.0,959.0,174300
2015-06-23,562.5131225585938,962.0,970.0,952.0,964.0,167400
2015-06-24,554.326904296875,948.0,969.0,946.0,965.0,323200
2015-06-25,555.496337890625,950.0,956.0,941.0,951.0,275900
2015-06-26,553.1574096679688,946.0,958.0,940.0,949.0,245100
2015-06-29,531.522216796875,909.0,925.0,900.0,925.0,432400
2015-06-30,529.7680053710938,906.0,924.0,900.0,906.0,346600
2015-07-01,531.522216796875,909.0,912.0,901.0,907.0,143200
2015-07-02,542.6322021484375,928.0,942.0,922.0,924.0,235900
2015-07-03,529.7680053710938,906.0,932.0,906.0,930.0,217900
2015-07-06,520.9970703125,891.0,901.0,883.0,901.0,305700
2015-07-07,527.4291381835938,902.0,906.0,892.0,900.0,177800
2015-07-08,504.03973388671875,862.0,903.0,862.0,901.0,296900
2015-07-09,495.8535461425781,848.0,850.0,802.0,833.0,308100
2015-07-10,491.7604064941406,841.0,863.0,835.0,848.0,152800
2015-07-13,500.5314025878906,856.0,868.0,843.0,846.0,131500
2015-07-14,516.9038696289062,884.0,888.0,871.0,871.0,125700
2015-07-15,516.9038696289062,884.0,892.0,878.0,890.0,150700
2015-07-16,529.1832275390625,905.0,906.0,894.0,899.0,219600
2015-07-17,533.8611450195312,913.0,917.0,901.0,915.0,200100
2015-07-21,529.7680053710938,906.0,924.0,901.0,918.0,152800
2015-07-22,518.0733642578125,886.0,906.0,883.0,901.0,208800
2015-07-23,510.4718322753906,873.0,889.0,865.0,886.0,225900
2015-07-24,501.7007751464844,858.0,871.0,856.0,869.0,176600
2015-07-27,492.3450927734375,842.0,858.0,840.0,858.0,201800
2015-07-28,498.7771911621094,853.0,858.0,834.0,836.0,321900
2015-07-29,490.0061950683594,838.0,863.0,836.0,859.0,205500
2015-07-30,497.0229187011719,850.0,853.0,842.0,843.0,109200
2015-07-31,501.7007751464844,858.0,859.0,845.0,851.0,169700
2015-08-03,497.0229187011719,850.0,872.0,845.0,867.0,180200
2015-08-04,491.1756896972656,840.0,847.0,831.0,843.0,249400
2015-08-05,491.1756896972656,840.0,867.0,827.0,865.0,312200
2015-08-06,491.1756896972656,840.0,847.0,827.0,838.0,235500
2015-08-07,495.8535461425781,848.0,850.0,830.0,840.0,157500
2015-08-10,474.2183837890625,811.0,837.0,809.0,835.0,547100
2015-08-11,488.251953125,835.0,850.0,813.0,815.0,365400
2015-08-12,481.8199157714844,824.0,837.0,815.0,835.0,158100
2015-08-13,481.2351379394531,823.0,827.0,815.0,819.0,179000
2015-08-14,477.72674560546875,817.0,822.0,808.0,817.0,188100
2015-08-17,478.89630126953125,819.0,821.0,810.0,818.0,116100
2015-08-18,481.8199157714844,824.0,827.0,813.0,819.0,128800
2015-08-19,471.294677734375,806.0,822.0,804.0,822.0,244400
2015-08-20,470.7099914550781,805.0,811.0,801.0,806.0,131100
2015-08-21,453.7527770996094,776.0,792.0,775.0,792.0,309300
2015-08-24,413.4061279296875,707.0,748.0,707.0,739.0,428100
2015-08-25,391.7711486816406,670.0,715.0,657.0,662.0,467800
2015-08-26,415.74517822265625,711.0,718.0,674.0,675.0,294600
2015-08-27,421.0076904296875,720.0,739.0,715.0,725.0,246300
2015-08-28,426.8550109863281,730.0,745.0,721.0,730.0,276300
2015-08-31,423.34661865234375,724.0,739.0,718.0,737.0,169900
2015-09-01,399.9573059082031,684.0,719.0,683.0,717.0,347600
2015-09-02,390.60162353515625,668.0,685.0,665.0,672.0,334300
2015-09-03,392.35577392578125,671.0,684.0,668.0,678.0,323700
2015-09-04,388.2626037597656,664.0,677.0,656.0,673.0,423500
2015-09-07,384.1695556640625,657.0,668.0,644.0,656.0,326300
2015-09-08,394.6947326660156,675.0,681.0,656.0,657.0,500700
2015-09-09,406.389404296875,695.0,703.0,688.0,702.0,315800
2015-09-10,404.0504455566406,691.0,694.0,678.0,681.0,189400
2015-09-11,409.31298828125,700.0,704.0,685.0,685.0,173800
2015-09-14,402.88104248046875,689.0,714.0,686.0,709.0,99300
2015-09-15,405.8046569824219,694.0,709.0,692.0,696.0,98900
2015-09-16,417.4993591308594,714.0,716.0,696.0,700.0,162300
2015-09-17,442.6428527832031,757.0,763.0,725.0,725.0,431600
2015-09-18,434.4565124511719,743.0,757.0,733.0,757.0,237000
2015-09-24,410.4824523925781,702.0,734.0,701.0,728.0,238800
2015-09-25,421.5924987792969,721.0,721.0,696.0,702.0,229500
2015-09-28,420.4229431152344,719.0,730.0,710.0,720.0,187000
2015-09-29,412.8214416503906,706.0,723.0,704.0,709.0,342200
2015-09-30,412.2367248535156,705.0,728.0,703.0,710.0,248500
2015-10-01,430.3634033203125,736.0,742.0,706.0,711.0,205400
2015-10-02,423.9313659667969,725.0,737.0,719.0,730.0,113700
2015-10-05,434.4565124511719,743.0,747.0,736.0,740.0,98400
2015-10-06,430.3634033203125,736.0,750.0,735.0,747.0,173300
2015-10-07,444.39697265625,760.0,765.0,739.0,744.0,220600
2015-10-08,445.5664978027344,762.0,777.0,750.0,755.0,203700
2015-10-09,454.3374938964844,777.0,778.0,764.0,773.0,162200
2015-10-13,454.9221496582031,778.0,782.0,770.0,782.0,169000
2015-10-14,437.38031005859375,748.0,777.0,742.0,777.0,214100
2015-10-15,446.1512451171875,763.0,764.0,733.0,739.0,118600
2015-10-16,442.0580749511719,756.0,766.0,750.0,762.0,99600
2015-10-19,435.6259460449219,745.0,756.0,741.0,756.0,159300
2015-10-20,437.9649963378906,749.0,751.0,741.0,747.0,84000
2015-10-21,449.0749206542969,768.0,771.0,741.0,745.0,137500
2015-10-22,447.9053649902344,766.0,770.0,754.0,762.0,98100
2015-10-23,453.7527770996094,776.0,782.0,771.0,776.0,168500
2015-10-26,463.6932067871094,793.0,803.0,783.0,788.0,277200
2015-10-27,453.7527770996094,776.0,803.0,775.0,800.0,196300
2015-10-28,454.3374938964844,777.0,783.0,769.0,776.0,125000
2015-10-29,459.60015869140625,786.0,786.0,771.0,779.0,314700
2015-10-30,439.1344299316406,751.0,763.0,729.0,750.0,817000
2015-11-02,444.39697265625,760.0,766.0,743.0,747.0,272100
2015-11-04,445.5664978027344,762.0,783.0,759.0,762.0,264100
2015-11-05,453.7527770996094,776.0,779.0,763.0,766.0,201700
2015-11-06,454.9221496582031,778.0,780.0,760.0,773.0,196400
2015-11-09,476.5572814941406,815.0,816.0,793.0,793.0,443600
2015-11-10,473.0489501953125,809.0,811.0,797.0,803.0,157500
2015-11-11,468.955810546875,802.0,809.0,797.0,809.0,202700
2015-11-12,465.4473876953125,796.0,805.0,791.0,797.0,247200
2015-11-13,467.7862854003906,800.0,803.0,787.0,790.0,108000
2015-11-16,460.7694396972656,788.0,791.0,775.0,791.0,193700
2015-11-17,466.0321350097656,797.0,802.0,795.0,798.0,214300
2015-11-18,463.1085510253906,792.0,804.0,791.0,800.0,161000
2015-11-19,464.2778625488281,794.0,800.0,792.0,798.0,173700
2015-11-20,460.7694396972656,788.0,795.0,783.0,795.0,212000
2015-11-24,466.0321350097656,797.0,799.0,790.0,790.0,172000
2015-11-25,460.7694396972656,788.0,795.0,786.0,795.0,166600
2015-11-26,458.4305725097656,784.0,793.0,784.0,789.0,127600
2015-11-27,459.015380859375,785.0,790.0,784.0,789.0,85700
2015-11-30,460.184814453125,787.0,793.0,782.0,792.0,194900
2015-12-01,472.46417236328125,808.0,809.0,787.0,787.0,222100
2015-12-02,466.6168518066406,798.0,809.0,798.0,809.0,181000
2015-12-03,491.7604064941406,841.0,844.0,798.0,798.0,921700
2015-12-04,487.6672058105469,834.0,849.0,831.0,841.0,520700
2015-12-07,486.49774169921875,832.0,849.0,832.0,841.0,273100
2015-12-08,480.6505126953125,822.0,835.0,822.0,831.0,235200
2015-12-09,474.8031921386719,812.0,825.0,807.0,818.0,201800
2015-12-10,468.955810546875,802.0,809.0,802.0,805.0,244700
2015-12-11,473.0489501953125,809.0,816.0,800.0,801.0,191200
2015-12-14,466.0321350097656,797.0,800.0,782.0,794.0,256000
2015-12-15,457.2611083984375,782.0,804.0,782.0,802.0,273700
2015-12-16,459.015380859375,785.0,794.0,782.0,787.0,180500
2015-12-17,467.20159912109375,799.0,805.0,790.0,794.0,217400
2015-12-18,456.6763916015625,781.0,805.0,780.0,797.0,259400
2015-12-21,459.60015869140625,786.0,790.0,771.0,777.0,244600
2015-12-22,454.3374938964844,777.0,789.0,777.0,780.0,124700
2015-12-24,448.4901428222656,767.0,783.0,762.0,783.0,314600
2015-12-25,448.4901428222656,767.0,767.0,767.0,767.0,0
2015-12-28,453.7527770996094,776.0,781.0,739.0,739.0,245200
2015-12-29,454.3374938964844,777.0,781.0,761.0,778.0,140500
2015-12-30,455.5069580078125,779.0,785.0,776.0,778.0,130400
2016-01-04,451.413818359375,772.0,792.0,766.0,780.0,159100
2016-01-05,450.82904052734375,771.0,777.0,762.0,768.0,166000
2016-01-06,439.1344299316406,751.0,770.0,745.0,765.0,223800
2016-01-07,429.7786865234375,735.0,751.0,732.0,751.0,230100
2016-01-08,427.4397277832031,731.0,745.0,722.0,725.0,251800
2016-01-12,411.6520080566406,704.0,729.0,702.0,724.0,241200
2016-01-13,432.11761474609375,739.0,740.0,715.0,715.0,177300
2016-01-14,421.5924987792969,721.0,725.0,707.0,720.0,150900
2016-01-15,413.9909362792969,708.0,735.0,707.0,734.0,133800
2016-01-18,408.7283020019531,699.0,702.0,681.0,689.0,177000
2016-01-19,414.57562255859375,709.0,714.0,692.0,692.0,122400
2016-01-20,401.71148681640625,687.0,712.0,683.0,712.0,274900
2016-01-21,386.50848388671875,661.0,704.0,659.0,686.0,315400
2016-01-22,406.9741516113281,696.0,698.0,672.0,681.0,190800
2016-01-25,409.31298828125,700.0,711.0,693.0,707.0,143200
2016-01-26,398.203125,681.0,694.0,677.0,690.0,164000
2016-01-27,411.0672607421875,703.0,704.0,692.0,692.0,111900
2016-01-28,398.78790283203125,682.0,695.0,679.0,690.0,335900
2016-01-29,403.4656677246094,690.0,696.0,662.0,685.0,508900
2016-02-01,411.0672607421875,703.0,714.0,699.0,700.0,346200
2016-02-02,407.55889892578125,697.0,713.0,695.0,703.0,241800
2016-02-03,384.75421142578125,658.0,681.0,654.0,681.0,524700
2016-02-04,381.2458801269531,652.0,666.0,649.0,654.0,327600
2016-02-05,343.23822021484375,587.0,637.0,582.0,637.0,789600
2016-02-08,356.102294921875,609.0,613.0,575.0,577.0,389100
2016-02-09,334.46728515625,572.0,591.0,571.0,590.0,337900
2016-02-10,325.11151123046875,556.0,579.0,545.0,575.0,363700
2016-02-12,298.7984924316406,511.0,531.0,511.0,517.0,417200
2016-02-15,324.5267639160156,555.0,559.0,536.0,556.0,354100
2016-02-16,328.0351257324219,561.0,574.0,549.0,550.0,254400
2016-02-17,326.86572265625,559.0,574.0,552.0,560.0,172100
2016-02-18,336.2214050292969,575.0,584.0,567.0,575.0,178100
2016-02-19,325.11151123046875,556.0,570.0,552.0,569.0,213900
2016-02-22,327.4504089355469,560.0,567.0,548.0,555.0,282700
2016-02-23,323.9420471191406,554.0,569.0,553.0,563.0,150400
2016-02-24,321.60302734375,550.0,556.0,539.0,554.0,227800
2016-02-25,329.7893981933594,564.0,565.0,555.0,560.0,182600
2016-02-26,332.1282958984375,568.0,573.0,562.0,572.0,224200
2016-02-29,330.9588317871094,566.0,583.0,566.0,574.0,233100
2016-03-01,327.4504089355469,560.0,572.0,550.0,568.0,155300
2016-03-02,338.56036376953125,579.0,586.0,571.0,571.0,175600
2016-03-03,350.8397521972656,600.0,600.0,581.0,583.0,184100
2016-03-04,356.102294921875,609.0,615.0,601.0,603.0,221800
2016-03-07,356.6871032714844,610.0,623.0,609.0,619.0,250700
2016-03-08,349.0856018066406,597.0,614.0,589.0,608.0,264400
2016-03-09,338.56036376953125,579.0,591.0,575.0,590.0,350300
2016-03-10,347.91607666015625,595.0,598.0,586.0,586.0,186900
2016-03-11,350.2550048828125,599.0,603.0,587.0,587.0,235300
2016-03-14,357.2717590332031,611.0,623.0,606.0,609.0,256400
2016-03-15,357.85650634765625,612.0,623.0,609.0,616.0,174300
2016-03-16,355.51763916015625,608.0,619.0,606.0,607.0,247700
2016-03-17,356.102294921875,609.0,629.0,605.0,612.0,386600
2016-03-18,356.102294921875,609.0,618.0,602.0,608.0,283900
2016-03-22,358.4412536621094,613.0,621.0,609.0,615.0,262900
2016-03-23,351.4244689941406,601.0,615.0,601.0,615.0,432300
2016-03-24,345.5771484375,591.0,601.0,586.0,601.0,356000
2016-03-25,349.0856018066406,597.0,599.0,589.0,590.0,248500
2016-03-28,349.67034912109375,598.0,602.0,591.0,594.0,468000
2016-03-29,359.4002685546875,591.0,596.0,582.0,583.0,239300
2016-03-30,348.4541320800781,573.0,592.0,573.0,591.0,246000
2016-03-31,349.6702880859375,575.0,586.0,575.0,575.0,183200
2016-04-01,334.4671936035156,550.0,572.0,549.0,572.0,337300
2016-04-04,334.4671936035156,550.0,566.0,546.0,549.0,212900
2016-04-05,324.1291809082031,533.0,549.0,529.0,549.0,209900
2016-04-06,321.08856201171875,528.0,537.0,524.0,528.0,203500
2016-04-07,319.872314453125,526.0,540.0,525.0,531.0,192600
2016-04-08,327.1697998046875,538.0,546.0,513.0,519.0,241900
2016-04-11,326.5616149902344,537.0,539.0,524.0,539.0,174600
2016-04-12,335.0753479003906,551.0,557.0,528.0,537.0,189300
2016-04-13,344.1971740722656,566.0,566.0,553.0,557.0,162100
2016-04-14,350.8865966796875,577.0,577.0,570.0,572.0,179600
2016-04-15,346.62969970703125,570.0,579.0,564.0,573.0,80500
2016-04-18,336.2915954589844,553.0,557.0,547.0,550.0,85300
2016-04-19,347.845947265625,572.0,573.0,563.0,566.0,79300
2016-04-20,350.27838134765625,576.0,583.0,570.0,574.0,125400
2016-04-21,357.5758361816406,588.0,589.0,581.0,585.0,161100
2016-04-22,361.832763671875,595.0,595.0,580.0,584.0,112200
2016-04-25,362.4408264160156,596.0,604.0,589.0,597.0,265400
2016-04-26,356.359619140625,586.0,595.0,581.0,588.0,111300
2016-04-27,356.359619140625,586.0,587.0,575.0,586.0,94700
2016-04-28,343.58905029296875,565.0,592.0,564.0,587.0,172400
2016-05-02,332.64288330078125,547.0,550.0,540.0,545.0,162600
2016-05-06,330.21038818359375,543.0,555.0,539.0,550.0,128700
2016-05-09,329.6022644042969,542.0,549.0,542.0,543.0,115200
2016-05-10,335.6835021972656,552.0,555.0,537.0,544.0,180900
2016-05-11,329.6022644042969,542.0,552.0,537.0,550.0,202200
2016-05-12,332.64288330078125,547.0,547.0,534.0,537.0,170800
2016-05-13,328.9941711425781,541.0,547.0,538.0,547.0,119400
2016-05-16,330.81854248046875,544.0,550.0,536.0,539.0,104000
2016-05-17,332.64288330078125,547.0,547.0,538.0,546.0,102000
2016-05-18,330.81854248046875,544.0,550.0,537.0,547.0,98900
2016-05-19,328.9941711425781,541.0,549.0,538.0,547.0,95500
2016-05-20,328.385986328125,540.0,542.0,534.0,538.0,114800
2016-05-23,325.9535217285156,536.0,540.0,528.0,535.0,174000
2016-05-24,322.9129333496094,531.0,536.0,530.0,535.0,63900
2016-05-25,326.5616149902344,537.0,540.0,535.0,538.0,57800
2016-05-26,332.0347900390625,546.0,551.0,530.0,542.0,160300
2016-05-27,333.2509460449219,548.0,550.0,542.0,547.0,76500
2016-05-30,336.2915954589844,553.0,554.0,545.0,552.0,44000
2016-05-31,341.7646789550781,562.0,563.0,553.0,554.0,109800
2016-06-01,336.2915954589844,553.0,561.0,553.0,560.0,71600
2016-06-02,325.9535217285156,536.0,550.0,536.0,550.0,126100
2016-06-03,328.385986328125,540.0,541.0,533.0,534.0,90900
2016-06-06,326.5616149902344,537.0,539.0,522.0,530.0,154400
2016-06-07,326.5616149902344,537.0,545.0,532.0,537.0,77300
2016-06-08,327.77789306640625,539.0,539.0,532.0,535.0,56000
2016-06-09,323.5210266113281,532.0,536.0,529.0,533.0,99300
2016-06-10,323.5210266113281,532.0,533.0,529.0,530.0,111200
2016-06-13,316.2235412597656,520.0,527.0,517.0,525.0,170300
2016-06-14,311.3586120605469,512.0,523.0,506.0,520.0,161800
2016-06-15,314.399169921875,517.0,522.0,508.0,512.0,141400
2016-06-16,305.27734375,502.0,517.0,501.0,517.0,146300
2016-06-17,315.00732421875,518.0,522.0,508.0,508.0,159800
2016-06-20,322.3048095703125,530.0,533.0,521.0,527.0,81300
2016-06-21,322.9129333496094,531.0,534.0,523.0,527.0,51500
2016-06-22,319.26422119140625,525.0,530.0,518.0,526.0,75200
2016-06-23,323.5210266113281,532.0,534.0,521.0,522.0,85000
2016-06-24,300.4124450683594,494.0,538.0,492.0,534.0,305200
2016-06-27,304.0611267089844,500.0,504.0,494.0,494.0,120200
2016-06-28,304.6692199707031,501.0,508.0,482.0,491.0,162300
2016-06-29,317.4397888183594,522.0,525.0,504.0,505.0,123100
2016-06-30,316.2235412597656,520.0,530.0,518.0,527.0,89700
2016-07-01,313.1829833984375,515.0,527.0,515.0,519.0,88500
2016-07-04,312.5747985839844,514.0,520.0,509.0,515.0,71600
2016-07-05,312.5747985839844,514.0,514.0,508.0,511.0,75400
2016-07-06,305.885498046875,503.0,507.0,498.0,507.0,78900
2016-07-07,304.0611267089844,500.0,509.0,497.0,505.0,102500
2016-07-08,298.5880126953125,491.0,505.0,491.0,504.0,86100
2016-07-11,298.5880126953125,491.0,491.0,491.0,491.0,0
2016-07-12,321.08856201171875,528.0,535.0,524.0,524.0,138400
2016-07-13,326.5616149902344,537.0,543.0,535.0,537.0,108000
2016-07-14,328.9941711425781,541.0,544.0,532.0,537.0,106300
2016-07-15,334.4671936035156,550.0,555.0,539.0,540.0,206200
2016-07-19,337.5078430175781,555.0,559.0,551.0,555.0,68500
2016-07-20,333.85906982421875,549.0,554.0,547.0,554.0,50200
2016-07-21,338.72412109375,557.0,560.0,554.0,555.0,59100
2016-07-22,338.72412109375,557.0,559.0,548.0,549.0,72200
2016-07-25,341.15655517578125,561.0,569.0,557.0,560.0,121100
2016-07-26,333.85906982421875,549.0,559.0,549.0,554.0,60500
2016-07-27,342.9809875488281,564.0,566.0,556.0,557.0,117400
2016-07-28,333.85906982421875,549.0,564.0,548.0,564.0,82300
2016-07-29,338.72412109375,557.0,560.0,545.0,550.0,97700
2016-08-01,336.89971923828125,554.0,558.0,548.0,550.0,79700
2016-08-02,330.21038818359375,543.0,556.0,543.0,555.0,67400
2016-08-03,300.4124450683594,494.0,510.0,492.0,493.0,404400
2016-08-04,304.6692199707031,501.0,504.0,493.0,493.0,264500
2016-08-05,305.885498046875,503.0,510.0,501.0,503.0,129500
2016-08-08,311.3586120605469,512.0,514.0,507.0,508.0,90200
2016-08-09,313.79107666015625,516.0,516.0,509.0,510.0,88400
2016-08-10,311.9667663574219,513.0,516.0,509.0,516.0,87400
2016-08-12,310.1423645019531,510.0,515.0,509.0,515.0,105700
2016-08-15,308.926025390625,508.0,512.0,505.0,510.0,85300
2016-08-16,308.926025390625,508.0,514.0,506.0,509.0,77100
2016-08-17,310.75048828125,511.0,513.0,502.0,506.0,70100
2016-08-18,301.0205078125,495.0,506.0,495.0,506.0,212100
2016-08-19,305.27734375,502.0,504.0,498.0,499.0,92900
2016-08-22,301.628662109375,496.0,501.0,494.0,501.0,116900
2016-08-23,299.1961364746094,492.0,498.0,489.0,498.0,111300
2016-08-24,300.4124450683594,494.0,499.0,494.0,494.0,44500
2016-08-25,301.628662109375,496.0,498.0,494.0,496.0,43500
2016-08-26,299.8042907714844,493.0,496.0,491.0,496.0,53800
2016-08-29,305.885498046875,503.0,503.0,499.0,501.0,72600
2016-08-30,305.27734375,502.0,506.0,499.0,505.0,32000
2016-08-31,308.926025390625,508.0,508.0,503.0,505.0,62100
2016-09-01,312.5747985839844,514.0,514.0,507.0,509.0,54800
2016-09-02,313.1829833984375,515.0,515.0,509.0,514.0,62900
2016-09-05,311.3586120605469,512.0,518.0,512.0,518.0,45500
2016-09-06,311.3586120605469,512.0,516.0,511.0,514.0,33000
2016-09-07,308.926025390625,508.0,511.0,503.0,511.0,67800
2016-09-08,310.1423645019531,510.0,512.0,508.0,510.0,30900
2016-09-09,311.9667663574219,513.0,514.0,510.0,510.0,58400
2016-09-12,306.4936218261719,504.0,510.0,503.0,510.0,40600
2016-09-13,306.4936218261719,504.0,508.0,502.0,507.0,44900
2016-09-14,304.6692199707031,501.0,504.0,501.0,501.0,33300
2016-09-15,302.8448791503906,498.0,502.0,496.0,500.0,52000
2016-09-16,307.1017150878906,505.0,506.0,498.0,498.0,74300
2016-09-20,309.5342102050781,509.0,510.0,502.0,502.0,56500
2016-09-21,314.399169921875,517.0,517.0,500.0,509.0,65800
2016-09-23,313.1829833984375,515.0,516.0,512.0,516.0,51200
2016-09-26,311.3586120605469,512.0,515.0,511.0,513.0,25100
2016-09-27,315.6154479980469,519.0,519.0,504.0,510.0,80900
2016-09-28,315.6154479980469,519.0,520.0,514.0,516.0,48900
2016-09-29,316.8316650390625,521.0,524.0,517.0,520.0,59000
2016-09-30,314.399169921875,517.0,522.0,513.0,516.0,36100
2016-10-03,316.2235412597656,520.0,528.0,519.0,520.0,46500
2016-10-04,323.5210266113281,532.0,532.0,521.0,521.0,76300
2016-10-05,327.77789306640625,539.0,542.0,532.0,534.0,67900
2016-10-06,332.0347900390625,546.0,548.0,540.0,540.0,49000
2016-10-07,326.5616149902344,537.0,549.0,533.0,546.0,54000
2016-10-11,330.81854248046875,544.0,548.0,535.0,541.0,72400
2016-10-12,330.21038818359375,543.0,548.0,535.0,537.0,75400
2016-10-13,328.9941711425781,541.0,547.0,540.0,543.0,36700
2016-10-14,330.81854248046875,544.0,546.0,539.0,541.0,39900
2016-10-17,322.3048095703125,530.0,550.0,529.0,545.0,178200
2016-10-18,325.3454284667969,535.0,540.0,530.0,530.0,63000
2016-10-19,324.7373046875,534.0,538.0,531.0,535.0,42600
2016-10-20,333.2509460449219,548.0,549.0,535.0,537.0,88500
2016-10-21,334.4671936035156,550.0,551.0,542.0,549.0,68800
2016-10-24,330.21038818359375,543.0,549.0,541.0,548.0,55300
2016-10-25,333.85906982421875,549.0,550.0,543.0,545.0,78500
2016-10-26,330.81854248046875,544.0,549.0,542.0,546.0,70000
2016-10-27,327.1697998046875,538.0,545.0,536.0,543.0,74400
2016-10-28,325.9535217285156,536.0,541.0,530.0,539.0,332400
2016-10-31,334.4671936035156,550.0,552.0,536.0,538.0,255600
2016-11-01,347.845947265625,572.0,572.0,552.0,555.0,204000
2016-11-02,341.7646789550781,562.0,571.0,557.0,562.0,132200
2016-11-04,334.4671936035156,550.0,557.0,547.0,550.0,87200
2016-11-07,339.94036865234375,559.0,563.0,555.0,555.0,74100
2016-11-08,343.58905029296875,565.0,568.0,560.0,560.0,86800
2016-11-09,325.3454284667969,535.0,577.0,531.0,567.0,208400
2016-11-10,349.0621337890625,574.0,580.0,564.0,567.0,180300
2016-11-11,353.3190612792969,581.0,593.0,577.0,579.0,179000
2016-11-14,357.5758361816406,588.0,596.0,581.0,581.0,203200
2016-11-15,362.4408264160156,596.0,598.0,586.0,592.0,121500
2016-11-16,364.87335205078125,600.0,600.0,594.0,597.0,151400
2016-11-17,360.6164855957031,593.0,597.0,589.0,595.0,92700
2016-11-18,362.4408264160156,596.0,599.0,588.0,598.0,104800
2016-11-21,366.69769287109375,603.0,604.0,598.0,598.0,83900
2016-11-22,368.5220947265625,606.0,609.0,602.0,603.0,72500
2016-11-24,375.2114562988281,617.0,631.0,609.0,612.0,217700
2016-11-25,383.11700439453125,630.0,637.0,624.0,627.0,229700
2016-11-28,388.5901184082031,639.0,639.0,626.0,632.0,169200
2016-11-29,392.2388610839844,645.0,648.0,630.0,639.0,162000
2016-11-30,382.5088806152344,629.0,640.0,625.0,640.0,159200
2016-12-01,386.7657165527344,636.0,642.0,629.0,631.0,187500
2016-12-02,384.9414367675781,633.0,642.0,631.0,636.0,141500
2016-12-05,383.72515869140625,631.0,640.0,628.0,633.0,97900
2016-12-06,388.5901184082031,639.0,642.0,633.0,640.0,117000
2016-12-07,394.6713562011719,649.0,649.0,641.0,644.0,183200
2016-12-08,395.27947998046875,650.0,653.0,645.0,649.0,185000
2016-12-09,402.5769348144531,662.0,663.0,652.0,654.0,246600
2016-12-12,408.0499572753906,671.0,681.0,663.0,663.0,173400
2016-12-13,398.92822265625,656.0,671.0,649.0,666.0,151400
2016-12-14,405.6175231933594,667.0,670.0,655.0,658.0,182300
2016-12-15,405.6175231933594,667.0,672.0,660.0,660.0,126000
2016-12-16,406.8338317871094,669.0,676.0,669.0,670.0,171800
2016-12-19,400.1444091796875,658.0,665.0,655.0,663.0,87700
2016-12-20,397.1038513183594,653.0,660.0,651.0,658.0,104100
2016-12-21,398.320068359375,655.0,665.0,652.0,657.0,159100
2016-12-22,396.4957275390625,652.0,655.0,645.0,650.0,114600
2016-12-26,392.2388610839844,645.0,648.0,640.0,644.0,130100
2016-12-27,391.02264404296875,643.0,650.0,641.0,641.0,123500
2016-12-28,399.5363464355469,657.0,659.0,643.0,645.0,107000
2016-12-29,396.4957275390625,652.0,658.0,646.0,656.0,108800
2016-12-30,391.6307067871094,644.0,652.0,642.0,644.0,65700
2017-01-04,406.2256774902344,668.0,669.0,647.0,647.0,134200
2017-01-05,408.6581726074219,672.0,674.0,666.0,666.0,132900
2017-01-06,408.6581726074219,672.0,675.0,669.0,673.0,116800
2017-01-10,403.1850280761719,663.0,670.0,655.0,670.0,100400
2017-01-11,408.0499572753906,671.0,675.0,667.0,671.0,92600
2017-01-12,400.7525939941406,659.0,668.0,654.0,668.0,71100
2017-01-13,403.7931213378906,664.0,667.0,653.0,659.0,85800
2017-01-16,397.7119140625,654.0,664.0,646.0,659.0,59800
2017-01-17,389.8063049316406,641.0,655.0,640.0,655.0,81700
2017-01-18,389.8063049316406,641.0,643.0,632.0,638.0,85200
2017-01-19,395.27947998046875,650.0,653.0,646.0,650.0,67500
2017-01-20,396.4957275390625,652.0,654.0,647.0,650.0,70500
2017-01-23,394.6713562011719,649.0,655.0,645.0,651.0,63500
2017-01-24,400.1444091796875,658.0,659.0,645.0,651.0,108700
2017-01-25,406.2256774902344,668.0,670.0,662.0,669.0,100500
2017-01-26,411.0906677246094,676.0,678.0,668.0,670.0,183600
2017-01-27,415.95562744140625,684.0,687.0,677.0,679.0,156200
2017-01-30,417.1719055175781,686.0,690.0,679.0,681.0,160800
2017-01-31,414.1312561035156,681.0,685.0,673.0,678.0,108300
2017-02-01,413.5231018066406,680.0,684.0,673.0,680.0,107000
2017-02-02,406.2256774902344,668.0,685.0,666.0,685.0,131600
2017-02-03,427.5099182128906,703.0,716.0,683.0,683.0,394900
2017-02-06,440.8885803222656,725.0,727.0,715.0,716.0,236300
2017-02-07,436.6317443847656,718.0,724.0,715.0,723.0,133600
2017-02-08,437.84796142578125,720.0,722.0,712.0,716.0,81000
2017-02-09,437.2398376464844,719.0,724.0,712.0,716.0,82000
2017-02-10,439.0643005371094,722.0,731.0,721.0,726.0,152000
2017-02-13,440.8885803222656,725.0,736.0,721.0,730.0,159200
2017-02-14,448.18609619140625,737.0,743.0,731.0,731.0,187700
2017-02-15,453.6591491699219,746.0,755.0,741.0,745.0,115000
2017-02-16,457.9160461425781,753.0,759.0,747.0,754.0,145000
2017-02-17,471.294677734375,775.0,777.0,750.0,752.0,219800
2017-02-20,479.8084411621094,789.0,791.0,771.0,774.0,214900
2017-02-21,484.6734313964844,797.0,797.0,786.0,791.0,107900
2017-02-22,484.6734313964844,797.0,801.0,793.0,798.0,175300
2017-02-23,488.9303283691406,804.0,806.0,789.0,795.0,186400
2017-02-24,489.5383605957031,805.0,809.0,794.0,798.0,167800
2017-02-27,484.0652770996094,796.0,797.0,783.0,790.0,157100
2017-02-28,488.3222351074219,803.0,815.0,799.0,800.0,215900
2017-03-01,491.36279296875,808.0,811.0,796.0,806.0,200200
2017-03-02,493.1871643066406,811.0,827.0,809.0,815.0,232400
2017-03-03,498.0520935058594,819.0,825.0,811.0,811.0,161700
2017-03-06,495.0115051269531,814.0,825.0,814.0,815.0,129300
2017-03-07,489.5383605957031,805.0,816.0,803.0,812.0,143900
2017-03-08,478.59222412109375,787.0,807.0,784.0,807.0,210700
2017-03-09,477.3760070800781,785.0,798.0,783.0,792.0,89300
2017-03-10,493.1871643066406,811.0,815.0,797.0,799.0,273900
2017-03-13,483.4571838378906,795.0,810.0,794.0,810.0,114100
2017-03-14,484.6734313964844,797.0,800.0,792.0,795.0,45300
2017-03-15,477.984130859375,786.0,794.0,782.0,792.0,82100
2017-03-16,484.6734313964844,797.0,797.0,776.0,781.0,94500
2017-03-17,484.6734313964844,797.0,803.0,790.0,795.0,142700
2017-03-21,488.3222351074219,803.0,804.0,793.0,797.0,79700
2017-03-22,465.8216552734375,766.0,795.0,764.0,795.0,170800
2017-03-23,468.2541809082031,770.0,772.0,762.0,765.0,86000
2017-03-24,474.94342041015625,781.0,788.0,771.0,773.0,80400
2017-03-27,471.294677734375,775.0,776.0,767.0,772.0,91500
2017-03-28,482.8490295410156,794.0,797.0,784.0,784.0,148400
2017-03-29,496.57342529296875,796.0,800.0,788.0,792.0,105800
2017-03-30,497.197265625,797.0,812.0,793.0,799.0,198700
2017-03-31,487.83978271484375,782.0,807.0,782.0,806.0,168000
2017-04-03,492.8304748535156,790.0,798.0,781.0,788.0,125700
2017-04-04,479.7298889160156,769.0,791.0,762.0,790.0,141400
2017-04-05,476.6106872558594,764.0,785.0,752.0,770.0,175700
2017-04-06,462.88629150390625,742.0,761.0,736.0,759.0,159700
2017-04-07,464.7579040527344,745.0,758.0,740.0,745.0,152200
2017-04-10,470.37237548828125,754.0,756.0,746.0,754.0,68700
2017-04-11,463.5101318359375,743.0,751.0,741.0,747.0,62900
2017-04-12,453.5287780761719,727.0,736.0,722.0,736.0,99100
2017-04-13,442.2997741699219,709.0,718.0,704.0,716.0,221700
2017-04-14,439.80438232421875,705.0,709.0,695.0,700.0,97900
2017-04-17,440.4281921386719,706.0,709.0,700.0,700.0,58800
2017-04-18,451.033447265625,723.0,726.0,717.0,720.0,132800
2017-04-19,453.5287780761719,727.0,733.0,715.0,716.0,120500
2017-04-20,456.0241394042969,731.0,740.0,727.0,730.0,124700
2017-04-21,464.7579040527344,745.0,747.0,734.0,735.0,105400
2017-04-24,463.5101318359375,743.0,762.0,743.0,751.0,175100
2017-04-25,477.8583984375,766.0,767.0,748.0,750.0,131300
2017-04-26,490.3351745605469,786.0,788.0,776.0,780.0,126400
2017-04-27,493.4543151855469,791.0,793.0,779.0,781.0,117500
2017-04-28,492.8304748535156,790.0,798.0,789.0,791.0,97000
2017-05-01,497.197265625,797.0,800.0,786.0,786.0,83700
2017-05-02,499.6925964355469,801.0,805.0,797.0,798.0,134800
2017-05-08,509.0501403808594,816.0,821.0,807.0,807.0,282200
2017-05-09,507.8024597167969,814.0,820.0,809.0,819.0,174100
2017-05-10,532.1322021484375,853.0,870.0,828.0,835.0,824400
2017-05-11,523.3984985351562,839.0,854.0,835.0,853.0,230000
2017-05-12,521.5269165039062,836.0,839.0,828.0,834.0,194200
2017-05-15,523.3984985351562,839.0,842.0,823.0,825.0,210100
2017-05-16,522.1506958007812,837.0,844.0,828.0,843.0,112700
2017-05-17,511.5455322265625,820.0,830.0,819.0,827.0,83000
2017-05-18,518.4077758789062,831.0,844.0,806.0,806.0,337700
2017-05-19,511.5455322265625,820.0,835.0,817.0,834.0,73400
2017-05-22,512.7932739257812,822.0,826.0,818.0,823.0,57200
2017-05-23,502.811767578125,806.0,823.0,806.0,819.0,165500
2017-05-24,511.5455322265625,820.0,822.0,815.0,816.0,97700
2017-05-25,510.92169189453125,819.0,832.0,818.0,825.0,135800
2017-05-26,512.7932739257812,822.0,830.0,819.0,825.0,155600
2017-05-29,507.17864990234375,813.0,824.0,813.0,818.0,61300
2017-05-30,511.5455322265625,820.0,823.0,802.0,819.0,154200
2017-05-31,508.4263000488281,815.0,830.0,812.0,822.0,170300
2017-06-01,504.0595397949219,808.0,819.0,807.0,819.0,122200
2017-06-02,519.0315551757812,832.0,839.0,822.0,822.0,243700
2017-06-05,523.3984985351562,839.0,850.0,833.0,836.0,259800
2017-06-06,515.9124145507812,827.0,841.0,827.0,836.0,153700
2017-06-07,525.2698974609375,842.0,844.0,822.0,822.0,134400
2017-06-08,536.4989624023438,860.0,868.0,844.0,845.0,437600
2017-06-09,531.5082397460938,852.0,869.0,850.0,865.0,225800
2017-06-12,534.0035400390625,856.0,859.0,846.0,853.0,156500
2017-06-13,546.4802856445312,876.0,879.0,854.0,857.0,408500
2017-06-14,536.4989624023438,860.0,880.0,860.0,880.0,128200
2017-06-15,534.6275024414062,857.0,871.0,855.0,859.0,144600
2017-06-16,537.122802734375,861.0,870.0,857.0,865.0,70600
2017-06-19,529.6367797851562,849.0,858.0,849.0,858.0,106100
2017-06-20,542.7373046875,870.0,873.0,859.0,860.0,137100
2017-06-21,533.3798217773438,855.0,873.0,855.0,869.0,85900
2017-06-22,533.3798217773438,855.0,864.0,852.0,854.0,131400
2017-06-23,552.0948486328125,885.0,897.0,864.0,865.0,525900
2017-06-26,542.7373046875,870.0,892.0,870.0,886.0,124000
2017-06-27,548.351806640625,879.0,879.0,870.0,871.0,86500
2017-06-28,543.9849853515625,872.0,885.0,871.0,879.0,150100
2017-06-29,548.9757080078125,880.0,887.0,874.0,875.0,142500
2017-06-30,538.3704833984375,863.0,871.0,855.0,871.0,144300
2017-07-03,553.3424682617188,887.0,890.0,863.0,864.0,269700
2017-07-04,551.4710693359375,884.0,903.0,881.0,895.0,416100
2017-07-05,560.2047729492188,898.0,900.0,880.0,884.0,249200
2017-07-06,579.543701171875,929.0,933.0,900.0,903.0,657900
2017-07-07,566.4431762695312,908.0,920.0,906.0,919.0,243300
2017-07-10,569.5623168945312,913.0,926.0,912.0,918.0,236100
2017-07-11,573.9291381835938,920.0,923.0,913.0,920.0,162700
2017-07-12,568.9384155273438,912.0,929.0,912.0,920.0,156100
2017-07-13,567.6907348632812,910.0,916.0,904.0,913.0,106500
2017-07-14,570.1861572265625,914.0,918.0,908.0,913.0,119500
2017-07-17,570.1861572265625,914.0,914.0,914.0,914.0,0
2017-07-18,572.6814575195312,918.0,922.0,910.0,911.0,132200
2017-07-19,580.7913208007812,931.0,939.0,919.0,920.0,224400
2017-07-20,582.6629028320312,934.0,943.0,930.0,939.0,165500
2017-07-21,583.2867431640625,935.0,943.0,928.0,928.0,165500
2017-07-24,580.7913208007812,931.0,934.0,917.0,926.0,97800
2017-07-25,590.1488647460938,946.0,953.0,935.0,938.0,251700
2017-07-26,592.0204467773438,949.0,958.0,942.0,958.0,177900
2017-07-27,592.0204467773438,949.0,957.0,946.0,949.0,155700
2017-07-28,592.0204467773438,949.0,953.0,943.0,950.0,183600
2017-07-31,586.4058227539062,940.0,952.0,936.0,947.0,113600
2017-08-01,583.9105224609375,936.0,950.0,922.0,950.0,183700
2017-08-02,597.010986328125,957.0,957.0,922.0,922.0,255800
2017-08-03,588.2774047851562,943.0,962.0,931.0,956.0,289300
2017-08-04,625.70751953125,1003.0,1033.0,985.0,985.0,1648700
2017-08-07,612.60693359375,982.0,1007.0,982.0,1006.0,382000
2017-08-08,601.3778686523438,964.0,985.0,958.0,982.0,274600
2017-08-09,590.1488647460938,946.0,967.0,941.0,963.0,247900
2017-08-10,594.5156860351562,953.0,961.0,940.0,948.0,324000
2017-08-11,594.5156860351562,953.0,953.0,953.0,953.0,0
2017-08-14,585.781982421875,939.0,949.0,933.0,938.0,188200
2017-08-15,589.5250854492188,945.0,957.0,940.0,947.0,197200
2017-08-16,600.7540893554688,963.0,968.0,947.0,949.0,234000
2017-08-17,629.4505615234375,1009.0,1010.0,971.0,973.0,650000
2017-08-18,630.0744018554688,1010.0,1012.0,982.0,991.0,460300
2017-08-21,628.8267211914062,1008.0,1032.0,1002.0,1020.0,327900
2017-08-22,633.8173217773438,1016.0,1021.0,1001.0,1012.0,297000
2017-08-23,635.0650024414062,1018.0,1038.0,1016.0,1025.0,313600
2017-08-24,642.5511474609375,1030.0,1043.0,1017.0,1021.0,409300
2017-08-25,646.2941284179688,1036.0,1045.0,1024.0,1033.0,258900
2017-08-28,646.91796875,1037.0,1049.0,1031.0,1045.0,278600
2017-08-29,648.1655883789062,1039.0,1041.0,1011.0,1016.0,267600
2017-08-30,638.1842651367188,1023.0,1043.0,1019.0,1041.0,200900
2017-08-31,626.9552612304688,1005.0,1020.0,988.0,1018.0,456400
2017-09-01,643.7987060546875,1032.0,1038.0,1005.0,1017.0,382400
2017-09-04,634.4412231445312,1017.0,1032.0,1014.0,1021.0,218800
2017-09-05,615.102294921875,986.0,1022.0,986.0,1017.0,239500
2017-09-06,611.3593139648438,980.0,985.0,953.0,964.0,192700
2017-09-07,615.7261352539062,987.0,997.0,982.0,995.0,161500
2017-09-08,621.9645385742188,997.0,1004.0,988.0,993.0,190600
2017-09-11,630.0744018554688,1010.0,1021.0,1002.0,1011.0,149000
2017-09-12,638.1842651367188,1023.0,1032.0,1018.0,1018.0,222200
2017-09-13,635.0650024414062,1018.0,1033.0,1018.0,1028.0,142300
2017-09-14,630.6982421875,1011.0,1024.0,1005.0,1019.0,145500
2017-09-15,643.1748657226562,1031.0,1038.0,1011.0,1013.0,288700
2017-09-18,643.1748657226562,1031.0,1031.0,1031.0,1031.0,0
2017-09-19,643.7987060546875,1032.0,1042.0,1031.0,1042.0,155200
2017-09-20,643.1748657226562,1031.0,1054.0,1028.0,1033.0,297900
2017-09-21,622.5883178710938,998.0,1039.0,996.0,1035.0,377700
2017-09-22,618.8453369140625,992.0,1007.0,987.0,998.0,199800
2017-09-25,618.8453369140625,992.0,1008.0,990.0,1000.0,119300
2017-09-26,619.4691772460938,993.0,994.0,982.0,991.0,132100
2017-09-27,626.9552612304688,1005.0,1005.0,986.0,986.0,196300
2017-09-28,629.4505615234375,1009.0,1011.0,998.0,1006.0,268500
2017-09-29,626.9552612304688,1005.0,1014.0,1003.0,1009.0,84000
2017-10-02,643.7987060546875,1032.0,1034.0,1007.0,1012.0,266600
2017-10-03,653.780029296875,1048.0,1050.0,1036.0,1036.0,307900
2017-10-04,651.9085083007812,1045.0,1063.0,1044.0,1051.0,261400
2017-10-05,641.92724609375,1029.0,1057.0,1028.0,1050.0,163500
2017-10-06,638.1842651367188,1023.0,1039.0,1020.0,1031.0,141800
2017-10-09,638.1842651367188,1023.0,1023.0,1023.0,1023.0,0
2017-10-10,647.541748046875,1038.0,1040.0,1026.0,1030.0,148600
2017-10-11,636.9365844726562,1021.0,1044.0,1021.0,1040.0,148100
2017-10-12,638.80810546875,1024.0,1030.0,1016.0,1021.0,147500
2017-10-13,631.322021484375,1012.0,1022.0,1003.0,1020.0,214100
2017-10-16,628.8267211914062,1008.0,1028.0,1005.0,1021.0,180100
2017-10-17,626.331298828125,1004.0,1013.0,999.0,1011.0,130700
2017-10-18,620.093017578125,994.0,1003.0,990.0,1000.0,201000
2017-10-19,621.3406982421875,996.0,1002.0,989.0,991.0,201000
2017-10-20,613.8546142578125,984.0,999.0,979.0,993.0,206400
2017-10-23,631.9459228515625,1013.0,1016.0,991.0,994.0,216800
2017-10-24,649.4132690429688,1041.0,1042.0,1017.0,1018.0,301100
2017-10-25,638.80810546875,1024.0,1045.0,1021.0,1042.0,240400
2017-10-26,630.0744018554688,1010.0,1017.0,993.0,1010.0,359400
2017-10-27,632.5697021484375,1014.0,1019.0,1002.0,1014.0,211100
2017-10-30,633.1935424804688,1015.0,1019.0,1009.0,1011.0,270200
2017-10-31,640.0558471679688,1026.0,1029.0,1004.0,1006.0,154700
2017-11-01,640.679443359375,1027.0,1042.0,1023.0,1034.0,252400
2017-11-02,627.5790405273438,1006.0,1029.0,1005.0,1029.0,227300
2017-11-03,627.5790405273438,1006.0,1006.0,1006.0,1006.0,0
2017-11-06,621.9645385742188,997.0,1008.0,993.0,1006.0,254900
2017-11-07,630.6982421875,1011.0,1015.0,987.0,995.0,301300
2017-11-08,625.70751953125,1003.0,1011.0,999.0,1006.0,213400
2017-11-09,635.6888427734375,1019.0,1034.0,1006.0,1009.0,375900
2017-11-10,718.6589965820312,1152.0,1155.0,1090.0,1100.0,1802700
2017-11-13,763.5751953125,1224.0,1245.0,1167.0,1174.0,1406100
2017-11-14,767.9421997070312,1231.0,1241.0,1200.0,1213.0,787200
2017-11-15,731.1357421875,1172.0,1222.0,1168.0,1218.0,633800
2017-11-16,751.7222900390625,1205.0,1221.0,1162.0,1170.0,642100
2017-11-17,757.3370361328125,1214.0,1227.0,1205.0,1213.0,464400
2017-11-20,766.0706176757812,1228.0,1235.0,1194.0,1208.0,392700
2017-11-21,767.3181762695312,1230.0,1265.0,1228.0,1232.0,413500
2017-11-22,798.5099487304688,1280.0,1292.0,1231.0,1244.0,628000
2017-11-23,798.5099487304688,1280.0,1280.0,1280.0,1280.0,0
2017-11-24,816.601318359375,1309.0,1318.0,1281.0,1282.0,561900
2017-11-27,796.0146484375,1276.0,1319.0,1254.0,1316.0,436500
2017-11-28,796.6385498046875,1277.0,1302.0,1267.0,1286.0,353700
2017-11-29,808.491455078125,1296.0,1302.0,1272.0,1288.0,386400
2017-11-30,786.0333251953125,1260.0,1295.0,1244.0,1285.0,444200
2017-12-01,792.2718505859375,1270.0,1278.0,1240.0,1255.0,375000
2017-12-04,766.0706176757812,1228.0,1274.0,1227.0,1270.0,214700
2017-12-05,767.9421997070312,1231.0,1241.0,1206.0,1221.0,252900
2017-12-06,766.6944580078125,1229.0,1257.0,1228.0,1230.0,349700
2017-12-07,782.9141235351562,1255.0,1259.0,1239.0,1250.0,214000
2017-12-08,796.6385498046875,1277.0,1277.0,1242.0,1242.0,317600
2017-12-11,777.9234619140625,1247.0,1277.0,1243.0,1277.0,246100
2017-12-12,825.3351440429688,1323.0,1329.0,1239.0,1249.0,867900
2017-12-13,746.10791015625,1196.0,1315.0,1195.0,1315.0,1327400
2017-12-14,766.0706176757812,1228.0,1229.0,1189.0,1195.0,512700
2017-12-15,769.1898193359375,1233.0,1244.0,1213.0,1228.0,320000
2017-12-18,801.00537109375,1284.0,1294.0,1244.0,1244.0,491900
2017-12-19,812.2344360351562,1302.0,1309.0,1274.0,1288.0,460700
2017-12-20,804.1245727539062,1289.0,1303.0,1268.0,1281.0,490200
2017-12-21,841.5547485351562,1349.0,1349.0,1283.0,1285.0,596400
2017-12-22,817.2251586914062,1310.0,1342.0,1292.0,1342.0,547600
2017-12-25,800.381591796875,1283.0,1313.0,1276.0,1310.0,204900
2017-12-26,784.161865234375,1257.0,1295.0,1256.0,1280.0,298900
2017-12-27,789.152587890625,1265.0,1275.0,1231.0,1240.0,296300
2017-12-28,778.5473022460938,1248.0,1262.0,1246.0,1259.0,205800
2017-12-29,769.813720703125,1234.0,1262.0,1229.0,1244.0,240300
2018-01-01,769.813720703125,1234.0,1234.0,1234.0,1234.0,0
2018-01-02,769.813720703125,1234.0,1234.0,1234.0,1234.0,0
2018-01-03,769.813720703125,1234.0,1234.0,1234.0,1234.0,0
2018-01-04,784.7857055664062,1258.0,1270.0,1245.0,1256.0,267500
2018-01-05,772.3090209960938,1238.0,1258.0,1234.0,1255.0,236900
2018-01-08,772.3090209960938,1238.0,1238.0,1238.0,1238.0,0
2018-01-09,794.7669677734375,1274.0,1284.0,1253.0,1265.0,327900
2018-01-10,784.161865234375,1257.0,1269.0,1240.0,1265.0,234300
2018-01-11,788.52880859375,1264.0,1265.0,1236.0,1252.0,231900
2018-01-12,774.8043823242188,1242.0,1269.0,1234.0,1260.0,343600
2018-01-15,779.1712646484375,1249.0,1266.0,1243.0,1251.0,137400
2018-01-16,794.1431274414062,1273.0,1273.0,1247.0,1248.0,258700
2018-01-17,769.813720703125,1234.0,1273.0,1230.0,1273.0,286000
2018-01-18,754.8416137695312,1210.0,1257.0,1209.0,1245.0,247400
2018-01-19,769.1898193359375,1233.0,1240.0,1216.0,1221.0,239800
2018-01-22,765.4468383789062,1227.0,1237.0,1214.0,1237.0,190000
2018-01-23,764.1990966796875,1225.0,1229.0,1203.0,1228.0,379500
2018-01-24,748.6032104492188,1200.0,1218.0,1193.0,1214.0,386600
2018-01-25,755.4653930664062,1211.0,1216.0,1177.0,1191.0,361700
2018-01-26,746.10791015625,1196.0,1218.0,1195.0,1212.0,210700
2018-01-29,761.0798950195312,1220.0,1229.0,1179.0,1192.0,520700
2018-01-30,733.0072631835938,1175.0,1237.0,1169.0,1228.0,421000
2018-01-31,718.6589965820312,1152.0,1182.0,1152.0,1159.0,293000
2018-02-01,751.7222900390625,1205.0,1205.0,1168.0,1172.0,252900
2018-02-02,741.740966796875,1189.0,1205.0,1177.0,1204.0,266200
2018-02-05,698.0723876953125,1119.0,1143.0,1104.0,1135.0,718100
2018-02-06,650.6610107421875,1043.0,1069.0,1007.0,1007.0,528600
2018-02-07,644.422607421875,1033.0,1087.0,1032.0,1077.0,334500
2018-02-08,663.1376953125,1063.0,1075.0,1036.0,1036.0,632400
2018-02-09,583.2867431640625,935.0,966.0,926.0,951.0,1135000
2018-02-12,583.2867431640625,935.0,935.0,935.0,935.0,0
2018-02-13,585.1581420898438,938.0,969.0,937.0,964.0,628100
2018-02-14,563.3238525390625,903.0,950.0,895.0,944.0,466500
2018-02-15,575.8005981445312,923.0,944.0,908.0,915.0,333000
2018-02-16,573.305419921875,919.0,932.0,908.0,927.0,499700
2018-02-19,590.1488647460938,946.0,947.0,919.0,934.0,385600
2018-02-20,590.1488647460938,946.0,954.0,928.0,947.0,383300
2018-02-21,603.2493286132812,967.0,972.0,936.0,946.0,491100
2018-02-22,597.010986328125,957.0,963.0,943.0,952.0,281500
2018-02-23,669.3760375976562,1073.0,1077.0,976.0,980.0,1672500
2018-02-26,686.2195434570312,1100.0,1104.0,1051.0,1078.0,976900
2018-02-27,681.8526611328125,1093.0,1103.0,1080.0,1100.0,542800
2018-02-28,675.6143798828125,1083.0,1098.0,1082.0,1086.0,227800
2018-03-01,667.504638671875,1070.0,1087.0,1057.0,1087.0,434900
2018-03-02,640.0558471679688,1026.0,1055.0,1022.0,1030.0,391800
2018-03-05,612.60693359375,982.0,1025.0,976.0,1014.0,263700
2018-03-06,635.0650024414062,1018.0,1048.0,1005.0,1010.0,334600
2018-03-07,621.9645385742188,997.0,1016.0,981.0,1005.0,252300
2018-03-08,630.6982421875,1011.0,1019.0,1002.0,1012.0,179000
2018-03-09,635.0650024414062,1018.0,1033.0,1009.0,1026.0,225200
2018-03-12,649.4132690429688,1041.0,1056.0,1028.0,1035.0,241500
2018-03-13,663.761474609375,1064.0,1064.0,1037.0,1041.0,239000
2018-03-14,656.8992919921875,1053.0,1067.0,1040.0,1052.0,227300
2018-03-15,651.9085083007812,1045.0,1051.0,1025.0,1044.0,163300
2018-03-16,647.541748046875,1038.0,1055.0,1027.0,1055.0,159400
2018-03-19,630.6982421875,1011.0,1030.0,996.0,1027.0,154600
2018-03-20,623.8360595703125,1000.0,1004.0,978.0,988.0,199000
2018-03-21,623.8360595703125,1000.0,1000.0,1000.0,1000.0,0
2018-03-22,620.7168579101562,995.0,1012.0,988.0,1000.0,233500
2018-03-23,592.0204467773438,949.0,970.0,946.0,960.0,264900
2018-03-26,572.0576171875,917.0,934.0,902.0,933.0,671800
2018-03-27,610.1114501953125,978.0,979.0,936.0,936.0,353800
2018-03-28,623.0376586914062,964.0,966.0,943.0,943.0,224400
2018-03-29,630.1470947265625,975.0,990.0,963.0,986.0,226700
2018-03-30,637.2564086914062,986.0,1001.0,981.0,983.0,195100
2018-04-02,655.9992065429688,1015.0,1028.0,984.0,986.0,278200
2018-04-03,648.2435913085938,1003.0,1011.0,986.0,989.0,296900
2018-04-04,643.719482421875,996.0,1017.0,992.0,1015.0,182800
2018-04-05,641.13427734375,992.0,1006.0,984.0,1002.0,214400
2018-04-06,641.13427734375,992.0,1004.0,987.0,999.0,192500
2018-04-09,624.9765625,967.0,985.0,958.0,985.0,193500
2018-04-10,645.6583862304688,999.0,1003.0,959.0,965.0,204400
2018-04-11,654.7066650390625,1013.0,1023.0,999.0,1003.0,206800
2018-04-12,648.2435913085938,1003.0,1011.0,996.0,1000.0,130200
2018-04-13,665.69384765625,1030.0,1035.0,999.0,1006.0,230800
2018-04-16,666.3401489257812,1031.0,1035.0,1018.0,1030.0,108300
2018-04-17,658.58447265625,1019.0,1050.0,1014.0,1038.0,138000
2018-04-18,661.8160400390625,1024.0,1032.0,1005.0,1016.0,128900
2018-04-19,685.729248046875,1061.0,1066.0,1030.0,1030.0,253000
2018-04-20,665.69384765625,1030.0,1056.0,1023.0,1056.0,165000
2018-04-23,673.449462890625,1042.0,1049.0,1030.0,1034.0,154500
2018-04-24,683.7903442382812,1058.0,1060.0,1046.0,1052.0,112500
2018-04-25,676.680908203125,1047.0,1053.0,1037.0,1045.0,235900
2018-04-26,680.558837890625,1053.0,1062.0,1050.0,1054.0,217200
2018-04-27,676.03466796875,1046.0,1065.0,1042.0,1061.0,180700
2018-04-30,676.03466796875,1046.0,1046.0,1046.0,1046.0,0
2018-05-01,656.6454467773438,1016.0,1041.0,1016.0,1041.0,157900
2018-05-02,657.9381103515625,1018.0,1019.0,1004.0,1006.0,166500
2018-05-03,657.9381103515625,1018.0,1018.0,1018.0,1018.0,0
2018-05-04,657.9381103515625,1018.0,1018.0,1018.0,1018.0,0
2018-05-07,648.889892578125,1004.0,1035.0,999.0,1024.0,199000
2018-05-08,654.060302734375,1012.0,1021.0,993.0,993.0,226500
2018-05-09,646.9509887695312,1001.0,1019.0,998.0,1015.0,225100
2018-05-10,803.3567504882812,1243.0,1301.0,1175.0,1181.0,4084200
2018-05-11,801.4179077148438,1240.0,1285.0,1223.0,1237.0,1216700
2018-05-14,817.5755004882812,1265.0,1276.0,1246.0,1246.0,567200
2018-05-15,803.3567504882812,1243.0,1268.0,1239.0,1260.0,330900
2018-05-16,809.8197631835938,1253.0,1264.0,1230.0,1230.0,268100
2018-05-17,829.2088623046875,1283.0,1309.0,1256.0,1271.0,719200
2018-05-18,839.5497436523438,1299.0,1344.0,1287.0,1300.0,525400
2018-05-21,835.671875,1293.0,1305.0,1283.0,1286.0,176400
2018-05-22,825.9773559570312,1278.0,1298.0,1267.0,1288.0,156400
2018-05-23,793.0158081054688,1227.0,1265.0,1224.0,1253.0,391400
2018-05-24,780.7361450195312,1208.0,1237.0,1206.0,1227.0,247500
2018-05-25,783.3212280273438,1212.0,1237.0,1195.0,1201.0,308900
2018-05-28,789.7843017578125,1222.0,1262.0,1217.0,1218.0,314500
2018-05-29,768.4561157226562,1189.0,1227.0,1174.0,1222.0,243700
2018-05-30,777.5044555664062,1203.0,1211.0,1163.0,1165.0,418700
2018-05-31,760.7005615234375,1177.0,1218.0,1172.0,1211.0,391000
2018-06-01,814.9901733398438,1261.0,1268.0,1171.0,1180.0,651200
2018-06-04,830.50146484375,1285.0,1307.0,1263.0,1280.0,387200
2018-06-05,833.7330322265625,1290.0,1350.0,1280.0,1307.0,637400
2018-06-06,818.2218627929688,1266.0,1307.0,1261.0,1292.0,294200
2018-06-07,816.2828979492188,1263.0,1278.0,1252.0,1258.0,207000
2018-06-08,805.2957153320312,1246.0,1267.0,1233.0,1251.0,336800
2018-06-11,794.3084106445312,1229.0,1244.0,1222.0,1244.0,154000
2018-06-12,809.1734619140625,1252.0,1252.0,1226.0,1235.0,249800
2018-06-13,796.8937377929688,1233.0,1288.0,1219.0,1260.0,264000
2018-06-14,796.2474365234375,1232.0,1275.0,1229.0,1248.0,251600
2018-06-15,790.4306640625,1223.0,1254.0,1220.0,1243.0,163100
2018-06-18,774.91943359375,1199.0,1226.0,1191.0,1223.0,190400
2018-06-19,747.1282348632812,1156.0,1203.0,1153.0,1188.0,253000
2018-06-20,752.2987670898438,1164.0,1168.0,1123.0,1158.0,309300
2018-06-21,741.9576416015625,1148.0,1171.0,1146.0,1162.0,166600
2018-06-22,739.37255859375,1144.0,1147.0,1105.0,1125.0,179100
2018-06-25,723.8612060546875,1120.0,1157.0,1116.0,1157.0,129800
2018-06-26,725.1537475585938,1122.0,1123.0,1096.0,1103.0,168000
2018-06-27,717.3981323242188,1110.0,1122.0,1095.0,1116.0,163700
2018-06-28,715.4592895507812,1107.0,1121.0,1096.0,1110.0,129400
2018-06-29,723.8612060546875,1120.0,1121.0,1072.0,1102.0,264600
2018-07-02,705.7648315429688,1092.0,1133.0,1088.0,1112.0,222700
2018-07-03,692.1923217773438,1071.0,1097.0,1058.0,1093.0,172400
2018-07-04,689.6071166992188,1067.0,1073.0,1058.0,1064.0,165200
2018-07-05,671.5105590820312,1039.0,1074.0,1031.0,1061.0,121000
2018-07-06,707.057373046875,1094.0,1098.0,1046.0,1049.0,258300
2018-07-09,723.8612060546875,1120.0,1120.0,1081.0,1105.0,177900
2018-07-10,747.7745971679688,1157.0,1163.0,1135.0,1147.0,215200
2018-07-11,732.2631225585938,1133.0,1146.0,1108.0,1134.0,197800
2018-07-12,736.1409912109375,1139.0,1155.0,1126.0,1155.0,133300
2018-07-13,754.8839111328125,1168.0,1173.0,1148.0,1154.0,199600
2018-07-16,754.8839111328125,1168.0,1168.0,1168.0,1168.0,0
2018-07-17,747.1282348632812,1156.0,1168.0,1143.0,1165.0,114700
2018-07-18,738.7261962890625,1143.0,1170.0,1141.0,1166.0,128500
2018-07-19,767.8099975585938,1188.0,1195.0,1153.0,1153.0,223100
2018-07-20,743.2503051757812,1150.0,1188.0,1138.0,1188.0,197500
2018-07-23,741.3114624023438,1147.0,1170.0,1143.0,1164.0,153400
2018-07-24,754.2374877929688,1167.0,1168.0,1147.0,1150.0,142300
2018-07-25,771.0414428710938,1193.0,1194.0,1170.0,1176.0,132300
2018-07-26,776.2117919921875,1201.0,1215.0,1192.0,1200.0,129700
2018-07-27,779.4434204101562,1206.0,1210.0,1195.0,1205.0,138300
2018-07-30,774.27294921875,1198.0,1214.0,1193.0,1200.0,143600
2018-07-31,765.8709716796875,1185.0,1195.0,1173.0,1192.0,119200
2018-08-01,782.0287475585938,1210.0,1213.0,1191.0,1195.0,302000
2018-08-02,798.1863403320312,1235.0,1249.0,1224.0,1230.0,520100
2018-08-03,740.6652221679688,1146.0,1184.0,1101.0,1181.0,810400
2018-08-06,729.6780395507812,1129.0,1153.0,1127.0,1146.0,233800
2018-08-07,712.8741455078125,1103.0,1120.0,1079.0,1120.0,281800
2018-08-08,728.3854370117188,1127.0,1129.0,1093.0,1105.0,266300
2018-08-09,713.5204467773438,1104.0,1130.0,1098.0,1123.0,272900
2018-08-10,677.9734497070312,1049.0,1090.0,1041.0,1090.0,340500
2018-08-13,668.279052734375,1034.0,1043.0,1016.0,1029.0,332400
2018-08-14,676.680908203125,1047.0,1050.0,1023.0,1034.0,235000
2018-08-15,654.060302734375,1012.0,1045.0,1007.0,1040.0,256300
2018-08-16,635.9637451171875,984.0,1002.0,963.0,986.0,395900
2018-08-17,641.13427734375,992.0,1004.0,988.0,999.0,151800
2018-08-20,639.1953735351562,989.0,1001.0,989.0,997.0,194400
2018-08-21,635.3174438476562,983.0,991.0,973.0,982.0,153400
2018-08-22,646.9509887695312,1001.0,1003.0,969.0,978.0,208300
2018-08-23,639.1953735351562,989.0,996.0,981.0,996.0,223300
2018-08-24,653.4140625,1011.0,1015.0,994.0,996.0,226500
2018-08-27,676.03466796875,1046.0,1052.0,1018.0,1019.0,204100
2018-08-28,670.2179565429688,1037.0,1065.0,1027.0,1063.0,196700
2018-08-29,679.91259765625,1052.0,1056.0,1036.0,1037.0,103300
2018-08-30,685.0829467773438,1060.0,1061.0,1046.0,1061.0,152600
2018-08-31,682.497802734375,1056.0,1062.0,1043.0,1048.0,145400
2018-09-03,659.8770751953125,1021.0,1060.0,1018.0,1060.0,263700
2018-09-04,657.9381103515625,1018.0,1031.0,1010.0,1017.0,96100
2018-09-05,646.3047485351562,1000.0,1028.0,993.0,1021.0,189900
2018-09-06,635.3174438476562,983.0,1001.0,980.0,992.0,171300
2018-09-07,619.80615234375,959.0,976.0,952.0,975.0,200500
2018-09-10,618.5135498046875,957.0,966.0,954.0,957.0,161000
2018-09-11,606.2337646484375,938.0,959.0,933.0,959.0,411100
2018-09-12,590.076171875,913.0,951.0,910.0,947.0,185900
2018-09-13,597.1854858398438,924.0,932.0,910.0,910.0,139200
2018-09-14,616.5746459960938,954.0,958.0,935.0,938.0,233300
2018-09-17,616.5746459960938,954.0,954.0,954.0,954.0,0
2018-09-18,616.5746459960938,954.0,961.0,933.0,953.0,351500
2018-09-19,633.3785400390625,980.0,988.0,966.0,975.0,305400
2018-09-20,619.80615234375,959.0,976.0,953.0,976.0,260200
2018-09-21,636.610107421875,985.0,986.0,969.0,974.0,244100
2018-09-24,636.610107421875,985.0,985.0,985.0,985.0,0
2018-09-25,643.0731811523438,995.0,997.0,973.0,988.0,326700
2018-09-26,661.1697387695312,1023.0,1024.0,998.0,1000.0,263000
2018-09-27,621.7451782226562,962.0,1008.0,961.0,1002.0,834100
2018-09-28,629.5008544921875,974.0,980.0,955.0,978.0,566800
2018-10-01,645.0121459960938,998.0,1006.0,975.0,979.0,487700
2018-10-02,647.5972900390625,1002.0,1019.0,993.0,1010.0,317100
2018-10-03,641.13427734375,992.0,1004.0,991.0,1000.0,217800
2018-10-04,645.0121459960938,998.0,1017.0,988.0,1002.0,205000
2018-10-05,628.8544311523438,973.0,987.0,967.0,979.0,298700
2018-10-08,628.8544311523438,973.0,973.0,973.0,973.0,0
2018-10-09,603.002197265625,933.0,965.0,932.0,964.0,335400
2018-10-10,608.1727294921875,941.0,949.0,934.0,943.0,199800
2018-10-11,586.8446655273438,908.0,911.0,878.0,885.0,384600
2018-10-12,597.8319091796875,925.0,929.0,896.0,901.0,199100
2018-10-15,595.2466430664062,921.0,937.0,920.0,931.0,234200
2018-10-16,597.8319091796875,925.0,927.0,910.0,920.0,166100
2018-10-17,613.9894409179688,950.0,955.0,938.0,938.0,184000
2018-10-18,599.12451171875,927.0,948.0,923.0,945.0,219500
2018-10-19,594.6002807617188,920.0,926.0,897.0,913.0,266100
2018-10-22,595.2466430664062,921.0,927.0,896.0,912.0,215800
2018-10-23,579.7352905273438,897.0,925.0,897.0,921.0,203700
2018-10-24,576.5037231445312,892.0,912.0,887.0,906.0,151800
2018-10-25,544.8347778320312,843.0,866.0,841.0,865.0,271500
2018-10-26,528.6773071289062,818.0,860.0,815.0,858.0,431100
2018-10-29,531.2625122070312,822.0,848.0,817.0,824.0,264100
2018-10-30,548.06640625,848.0,856.0,810.0,818.0,379200
2018-10-31,578.4427490234375,895.0,895.0,854.0,863.0,183500
2018-11-01,593.3077392578125,918.0,932.0,899.0,901.0,300500
2018-11-02,612.6968383789062,948.0,951.0,919.0,922.0,291000
2018-11-05,605.5874633789062,937.0,957.0,933.0,943.0,243700
2018-11-06,613.9894409179688,950.0,957.0,933.0,939.0,187400
2018-11-07,604.9412231445312,936.0,956.0,930.0,952.0,201600
2018-11-08,615.2821044921875,952.0,975.0,943.0,966.0,227300
2018-11-09,570.6871337890625,883.0,895.0,868.0,892.0,782900
2018-11-12,562.2850952148438,870.0,893.0,862.0,870.0,362500
2018-11-13,539.0181274414062,834.0,849.0,813.0,848.0,584800
2018-11-14,540.95703125,837.0,851.0,833.0,836.0,270400
2018-11-15,540.95703125,837.0,839.0,819.0,822.0,259600
2018-11-16,517.6900024414062,801.0,840.0,797.0,835.0,525600
2018-11-19,527.3845825195312,816.0,823.0,801.0,801.0,297100
2018-11-20,517.043701171875,800.0,806.0,788.0,804.0,210400
2018-11-21,518.982666015625,803.0,805.0,776.0,787.0,264300
2018-11-22,519.6289672851562,804.0,809.0,790.0,805.0,202100
2018-11-23,519.6289672851562,804.0,804.0,804.0,804.0,0
2018-11-26,517.043701171875,800.0,813.0,799.0,808.0,236700
2018-11-27,522.2141723632812,808.0,809.0,799.0,806.0,314700
2018-11-28,537.0792846679688,831.0,831.0,809.0,814.0,231200
2018-11-29,528.6773071289062,818.0,847.0,816.0,843.0,390200
2018-11-30,530.6161499023438,821.0,823.0,804.0,812.0,348300
2018-12-03,544.1884765625,842.0,860.0,823.0,827.0,410500
2018-12-04,533.2013549804688,825.0,845.0,824.0,845.0,332200
2018-12-05,525.4456787109375,813.0,820.0,800.0,811.0,288900
2018-12-06,518.982666015625,803.0,809.0,788.0,805.0,572900
2018-12-07,516.3974609375,799.0,808.0,776.0,802.0,467600
2018-12-10,509.9344177246094,789.0,793.0,769.0,784.0,329600
2018-12-11,503.4713439941406,779.0,795.0,772.0,790.0,534700
2018-12-12,515.104736328125,797.0,805.0,783.0,788.0,345800
2018-12-13,526.7382202148438,815.0,816.0,800.0,800.0,319500
2018-12-14,514.45849609375,796.0,815.0,795.0,813.0,243000
2018-12-17,509.9344177246094,789.0,802.0,785.0,788.0,337100
2018-12-18,497.65460205078125,770.0,780.0,764.0,779.0,393100
2018-12-19,507.3492431640625,785.0,790.0,765.0,770.0,350600
2018-12-20,488.6064147949219,756.0,794.0,754.0,777.0,380100
2018-12-21,469.21710205078125,726.0,751.0,722.0,750.0,426700
2018-12-24,469.21710205078125,726.0,726.0,726.0,726.0,0
2018-12-25,423.32952880859375,655.0,682.0,655.0,670.0,544300
2018-12-26,437.5482482910156,677.0,679.0,661.0,674.0,496000
2018-12-27,465.9856872558594,721.0,722.0,699.0,709.0,352900
2018-12-28,476.9727783203125,738.0,739.0,711.0,711.0,253700
2018-12-31,476.9727783203125,738.0,738.0,738.0,738.0,0
2019-01-04,469.8634948730469,727.0,728.0,697.0,718.0,362700
2019-01-07,486.6673583984375,753.0,764.0,745.0,754.0,264100
2019-01-08,496.3620300292969,768.0,772.0,750.0,753.0,256800
2019-01-09,506.70281982421875,784.0,786.0,766.0,772.0,289400
2019-01-10,497.0082702636719,769.0,781.0,767.0,780.0,260000
2019-01-11,489.8989562988281,758.0,774.0,754.0,772.0,239100
2019-01-15,514.45849609375,796.0,798.0,753.0,756.0,259900
2019-01-16,507.3492431640625,785.0,805.0,785.0,798.0,242000
2019-01-17,512.5195922851562,793.0,804.0,784.0,789.0,147300
2019-01-18,509.9344177246094,789.0,802.0,787.0,797.0,307000
2019-01-21,514.45849609375,796.0,810.0,792.0,799.0,372800
2019-01-22,505.4102783203125,782.0,800.0,780.0,796.0,158600
2019-01-23,504.1175842285156,780.0,788.0,760.0,769.0,250400
2019-01-24,515.7510986328125,798.0,798.0,775.0,780.0,219300
2019-01-25,526.0919189453125,814.0,833.0,799.0,799.0,429100
2019-01-28,528.6773071289062,818.0,831.0,817.0,823.0,184000
2019-01-29,527.3845825195312,816.0,818.0,804.0,814.0,229400
2019-01-30,526.0919189453125,814.0,833.0,814.0,831.0,336800
2019-01-31,533.2013549804688,825.0,831.0,817.0,823.0,222900
2019-02-01,530.6161499023438,821.0,826.0,811.0,820.0,406200
2019-02-04,540.95703125,837.0,846.0,823.0,825.0,338600
2019-02-05,540.310791015625,836.0,850.0,833.0,839.0,332500
2019-02-06,543.5421752929688,841.0,847.0,833.0,840.0,215000
2019-02-07,538.371826171875,833.0,844.0,821.0,841.0,444800
2019-02-08,497.0082702636719,769.0,784.0,761.0,770.0,675700
2019-02-12,502.8249816894531,778.0,793.0,769.0,772.0,425200
2019-02-13,528.0309448242188,817.0,820.0,781.0,785.0,302200
2019-02-14,531.90869140625,823.0,827.0,810.0,822.0,211600
2019-02-15,520.9215087890625,806.0,818.0,803.0,811.0,123200
2019-02-18,533.2013549804688,825.0,826.0,818.0,824.0,132000
2019-02-19,533.84765625,826.0,828.0,810.0,819.0,167500
2019-02-20,527.3845825195312,816.0,827.0,813.0,826.0,163400
2019-02-21,530.6161499023438,821.0,823.0,813.0,819.0,188200
2019-02-22,528.6773071289062,818.0,819.0,804.0,815.0,156700
2019-02-25,540.95703125,837.0,838.0,820.0,833.0,253500
2019-02-26,535.1401977539062,828.0,841.0,821.0,837.0,201900
2019-02-27,539.6644897460938,835.0,841.0,827.0,835.0,184200
2019-02-28,535.1401977539062,828.0,835.0,817.0,835.0,271600
2019-03-01,546.12744140625,845.0,848.0,825.0,826.0,298400
2019-03-04,560.3461303710938,867.0,869.0,856.0,856.0,296500
2019-03-05,542.8959350585938,840.0,854.0,838.0,852.0,340500
2019-03-06,553.8831787109375,857.0,862.0,843.0,850.0,349500
2019-03-07,534.4939575195312,827.0,845.0,822.0,843.0,301200
2019-03-08,506.70281982421875,784.0,812.0,777.0,807.0,469000
2019-03-11,507.3492431640625,785.0,790.0,774.0,786.0,128900
2019-03-12,522.8604736328125,809.0,815.0,795.0,796.0,111500
2019-03-13,515.7510986328125,798.0,809.0,796.0,802.0,91000
2019-03-14,511.8733215332031,792.0,805.0,792.0,800.0,126500
2019-03-15,509.2880554199219,788.0,801.0,785.0,785.0,154000
2019-03-18,520.2752685546875,805.0,808.0,795.0,795.0,128800
2019-03-19,520.2752685546875,805.0,809.0,796.0,808.0,104100
2019-03-20,529.3235473632812,819.0,819.0,803.0,806.0,146500
2019-03-22,532.5550537109375,824.0,827.0,815.0,822.0,184300
2019-03-25,522.2141723632812,808.0,814.0,795.0,811.0,244300
2019-03-26,532.5550537109375,824.0,829.0,811.0,814.0,418900
2019-03-27,556.701171875,830.0,831.0,802.0,802.0,371100
2019-03-28,521.8234252929688,778.0,817.0,777.0,817.0,272400
2019-03-29,531.8843383789062,793.0,798.0,782.0,782.0,289700
2019-04-01,556.701171875,830.0,840.0,815.0,815.0,484600
2019-04-02,566.761962890625,845.0,847.0,832.0,838.0,280000
2019-04-03,576.152099609375,859.0,859.0,833.0,836.0,311800
2019-04-04,570.786376953125,851.0,873.0,850.0,855.0,199500
2019-04-05,587.5543823242188,876.0,876.0,857.0,865.0,220500
2019-04-08,573.4691772460938,855.0,880.0,853.0,880.0,79000
2019-04-09,575.4813232421875,858.0,863.0,841.0,850.0,115800
2019-04-10,575.4813232421875,858.0,860.0,840.0,844.0,106100
2019-04-11,575.4813232421875,858.0,864.0,850.0,850.0,157500
2019-04-12,572.7984619140625,854.0,868.0,853.0,861.0,207300
2019-04-15,584.2008056640625,871.0,875.0,860.0,862.0,280500
2019-04-16,586.8836669921875,875.0,881.0,867.0,872.0,212200
2019-04-17,591.578857421875,882.0,889.0,875.0,875.0,138500
2019-04-18,588.8958740234375,878.0,891.0,872.0,886.0,241600
2019-04-19,601.6396484375,897.0,903.0,887.0,887.0,252800
2019-04-22,599.62744140625,894.0,898.0,878.0,897.0,127500
2019-04-23,592.9202880859375,884.0,899.0,877.0,889.0,157200
2019-04-24,584.2008056640625,871.0,889.0,869.0,887.0,154500
2019-04-25,584.2008056640625,871.0,876.0,863.0,867.0,158200
2019-04-26,569.44482421875,849.0,853.0,836.0,853.0,162100
2019-05-07,554.6889038085938,827.0,847.0,826.0,840.0,216000
2019-05-08,553.347412109375,825.0,833.0,809.0,815.0,208400
2019-05-09,554.6889038085938,827.0,841.0,820.0,820.0,254300
2019-05-10,549.3231201171875,819.0,843.0,813.0,819.0,340700
2019-05-13,502.3724670410156,749.0,786.0,746.0,786.0,475000
2019-05-14,515.1162109375,768.0,768.0,705.0,719.0,376500
2019-05-15,505.05535888671875,753.0,768.0,739.0,768.0,220500
2019-05-16,497.0067138671875,741.0,757.0,735.0,753.0,103100
2019-05-17,499.68951416015625,745.0,752.0,739.0,752.0,98400
2019-05-20,489.6286926269531,730.0,745.0,722.0,743.0,104200
2019-05-21,490.2994079589844,731.0,737.0,716.0,718.0,131500
2019-05-22,497.677490234375,742.0,751.0,738.0,743.0,169000
2019-05-23,495.6652526855469,739.0,746.0,731.0,734.0,211700
2019-05-24,497.677490234375,742.0,748.0,723.0,726.0,135000
2019-05-27,499.68951416015625,745.0,750.0,736.0,743.0,221300
2019-05-28,509.07977294921875,759.0,760.0,739.0,743.0,162400
2019-05-29,503.7138977050781,751.0,758.0,742.0,746.0,147200
2019-05-30,510.4212646484375,761.0,764.0,738.0,738.0,142600
2019-05-31,513.7747192382812,766.0,772.0,755.0,761.0,229200
2019-06-03,491.64093017578125,733.0,752.0,729.0,752.0,208200
2019-06-04,530.5428466796875,791.0,795.0,737.0,738.0,489600
2019-06-05,543.9574584960938,811.0,821.0,805.0,810.0,358300
2019-06-06,542.615966796875,809.0,830.0,809.0,812.0,238900
2019-06-07,559.384033203125,834.0,835.0,813.0,813.0,224600
2019-06-10,565.4205932617188,843.0,851.0,835.0,835.0,195500
2019-06-11,564.0790405273438,841.0,846.0,825.0,837.0,203300
2019-06-12,560.7254638671875,836.0,846.0,831.0,836.0,242900
2019-06-13,552.6767578125,824.0,834.0,821.0,829.0,166100
2019-06-14,554.6889038085938,827.0,836.0,818.0,820.0,182800
2019-06-17,548.65234375,818.0,828.0,811.0,819.0,181100
2019-06-18,545.2988891601562,813.0,830.0,811.0,821.0,112900
2019-06-19,562.06689453125,838.0,842.0,825.0,828.0,156000
2019-06-20,563.408447265625,840.0,843.0,831.0,840.0,142600
2019-06-21,573.4691772460938,855.0,860.0,844.0,847.0,223200
2019-06-24,575.4813232421875,858.0,864.0,852.0,853.0,140500
2019-06-25,572.7984619140625,854.0,872.0,853.0,864.0,188000
2019-06-26,574.8106689453125,857.0,863.0,839.0,841.0,119100
2019-06-27,588.8958740234375,878.0,882.0,861.0,861.0,137100
2019-06-28,594.2616577148438,886.0,891.0,873.0,875.0,184600
2019-07-01,604.9932861328125,902.0,905.0,893.0,898.0,196100
2019-07-02,610.359130859375,910.0,910.0,898.0,898.0,167800
2019-07-03,609.017578125,908.0,911.0,901.0,909.0,162100
2019-07-04,611.700439453125,912.0,917.0,906.0,910.0,107900
2019-07-05,607.0054321289062,905.0,914.0,901.0,911.0,98900
2019-07-08,602.9811401367188,899.0,907.0,890.0,892.0,113000
2019-07-09,598.2860107421875,892.0,900.0,889.0,897.0,98600
2019-07-10,596.2738647460938,889.0,894.0,879.0,883.0,117800
2019-07-11,600.2981567382812,895.0,899.0,886.0,887.0,129000
2019-07-12,590.9080810546875,881.0,897.0,880.0,893.0,174100
2019-07-16,596.944580078125,890.0,895.0,872.0,875.0,114300
2019-07-17,592.2495727539062,883.0,895.0,873.0,881.0,100100
2019-07-18,576.82275390625,860.0,879.0,859.0,873.0,102200
2019-07-19,590.9080810546875,881.0,888.0,860.0,861.0,124600
2019-07-22,600.9689331054688,896.0,897.0,889.0,889.0,149700
2019-07-23,602.310302734375,898.0,906.0,882.0,889.0,205900
2019-07-24,620.419921875,925.0,928.0,906.0,906.0,260400
2019-07-25,623.7735595703125,930.0,938.0,925.0,935.0,162400
2019-07-26,617.737060546875,921.0,926.0,911.0,915.0,183500
2019-07-29,604.9932861328125,902.0,921.0,902.0,916.0,180500
2019-07-30,607.6761474609375,906.0,918.0,902.0,902.0,153800
2019-07-31,609.6883544921875,909.0,912.0,899.0,900.0,168400
2019-08-01,613.0418701171875,914.0,923.0,900.0,910.0,326200
2019-08-02,601.6396484375,897.0,910.0,884.0,890.0,553700
2019-08-05,597.6152954101562,891.0,919.0,878.0,902.0,344400
2019-08-06,595.6031494140625,888.0,888.0,863.0,871.0,222700
2019-08-07,582.1886596679688,868.0,888.0,868.0,883.0,170500
2019-08-08,581.5179443359375,867.0,876.0,863.0,865.0,155000
2019-08-09,587.5543823242188,876.0,877.0,869.0,873.0,110500
2019-08-13,584.8715209960938,872.0,876.0,855.0,861.0,194000
2019-08-14,601.6396484375,897.0,898.0,876.0,876.0,236600
2019-08-15,589.5665893554688,879.0,883.0,866.0,870.0,91400
2019-08-16,593.5908813476562,885.0,891.0,875.0,878.0,109600
2019-08-19,602.9811401367188,899.0,916.0,896.0,897.0,199900
2019-08-20,606.3346557617188,904.0,904.0,895.0,899.0,155500
2019-08-21,598.2860107421875,892.0,896.0,883.0,883.0,122000
2019-08-22,596.944580078125,890.0,898.0,888.0,894.0,126300
2019-08-23,596.944580078125,890.0,894.0,886.0,890.0,73800
2019-08-26,578.1643676757812,862.0,878.0,860.0,875.0,205800
2019-08-27,584.8715209960938,872.0,878.0,868.0,873.0,101500
2019-08-28,659.3218994140625,983.0,983.0,945.0,947.0,2116700
2019-08-29,657.98046875,981.0,1002.0,968.0,980.0,923100
2019-08-30,664.0169677734375,990.0,1008.0,979.0,982.0,697300
2019-09-02,646.5780639648438,964.0,981.0,955.0,981.0,654800
2019-09-03,640.5416870117188,955.0,966.0,943.0,957.0,592100
2019-09-04,638.5294189453125,952.0,964.0,951.0,955.0,357900
2019-09-05,650.6025390625,970.0,977.0,956.0,961.0,735700
2019-09-06,659.3218994140625,983.0,987.0,967.0,970.0,588800
2019-09-09,696.2117919921875,1038.0,1041.0,983.0,983.0,601400
2019-09-10,690.8460693359375,1030.0,1052.0,1025.0,1042.0,525400
2019-09-11,690.1752319335938,1029.0,1032.0,1021.0,1030.0,429600
2019-09-12,700.9068603515625,1045.0,1052.0,1022.0,1028.0,518100
2019-09-13,711.6384887695312,1061.0,1070.0,1048.0,1050.0,331500
2019-09-17,714.9920654296875,1066.0,1089.0,1055.0,1060.0,335700
2019-09-18,688.8338012695312,1027.0,1075.0,1018.0,1069.0,343800
2019-09-19,687.492431640625,1025.0,1056.0,1023.0,1037.0,295000
2019-09-20,688.1631469726562,1026.0,1037.0,1018.0,1028.0,259800
2019-09-24,680.1144409179688,1014.0,1034.0,1011.0,1029.0,194600
2019-09-25,674.7485961914062,1006.0,1015.0,998.0,1012.0,207100
2019-09-26,696.8825073242188,1039.0,1050.0,1020.0,1025.0,303200
2019-09-27,698.2239990234375,1041.0,1045.0,1031.0,1041.0,157400
2019-09-30,681.455810546875,1016.0,1043.0,1006.0,1024.0,262400
2019-10-01,708.2848510742188,1056.0,1059.0,1019.0,1023.0,322000
2019-10-02,694.1995849609375,1035.0,1043.0,1028.0,1039.0,225700
2019-10-03,667.3706665039062,995.0,1009.0,992.0,1005.0,290700
2019-10-04,669.3828125,998.0,1000.0,984.0,1000.0,304800
2019-10-07,662.0048217773438,987.0,1003.0,987.0,1003.0,185900
2019-10-08,678.102294921875,1011.0,1018.0,991.0,991.0,246500
2019-10-09,677.4315185546875,1010.0,1017.0,995.0,999.0,221500
2019-10-10,696.2117919921875,1038.0,1041.0,1004.0,1021.0,350500
2019-10-11,701.5775146484375,1046.0,1047.0,1018.0,1035.0,231500
2019-10-15,706.9432983398438,1054.0,1064.0,1045.0,1058.0,214600
2019-10-16,721.6992797851562,1076.0,1088.0,1060.0,1060.0,369500
2019-10-17,714.9920654296875,1066.0,1081.0,1066.0,1078.0,121600
2019-10-18,721.0285034179688,1075.0,1096.0,1069.0,1072.0,206400
2019-10-21,720.3577880859375,1074.0,1093.0,1070.0,1075.0,144300
2019-10-23,733.1016235351562,1093.0,1095.0,1051.0,1069.0,230500
2019-10-24,729.7479858398438,1088.0,1095.0,1082.0,1093.0,140400
2019-10-25,745.8455200195312,1112.0,1117.0,1088.0,1095.0,313200
2019-10-28,746.51611328125,1113.0,1118.0,1100.0,1113.0,206700
2019-10-29,759.9305419921875,1133.0,1148.0,1120.0,1120.0,240700
2019-10-30,761.9427490234375,1136.0,1137.0,1111.0,1133.0,236200
2019-10-31,729.0772705078125,1087.0,1110.0,1079.0,1110.0,408400
2019-11-01,721.6992797851562,1076.0,1083.0,1065.0,1076.0,253400
2019-11-05,729.7479858398438,1088.0,1094.0,1078.0,1090.0,249700
2019-11-06,738.4674072265625,1101.0,1101.0,1070.0,1088.0,287800
2019-11-07,740.4796142578125,1104.0,1106.0,1078.0,1094.0,235200
2019-11-08,720.3577880859375,1074.0,1108.0,1064.0,1083.0,305800
2019-11-11,712.3092041015625,1062.0,1101.0,1061.0,1078.0,206100
2019-11-12,704.93115234375,1051.0,1076.0,1043.0,1060.0,131800
2019-11-13,695.541015625,1037.0,1055.0,1032.0,1052.0,97300
2019-11-14,680.1144409179688,1014.0,1039.0,1013.0,1033.0,121200
2019-11-15,680.1144409179688,1014.0,1020.0,1000.0,1001.0,171600
2019-11-18,675.4193115234375,1007.0,1023.0,1005.0,1014.0,113100
2019-11-19,668.0413208007812,996.0,1008.0,987.0,1008.0,145900
2019-11-20,660.663330078125,985.0,998.0,982.0,986.0,155500
2019-11-21,654.6268310546875,976.0,984.0,962.0,984.0,209700
2019-11-22,654.6268310546875,976.0,981.0,950.0,961.0,220000
2019-11-25,659.3218994140625,983.0,993.0,980.0,982.0,136400
2019-11-26,659.3218994140625,983.0,994.0,976.0,985.0,189900
2019-11-27,673.4071655273438,1004.0,1009.0,985.0,990.0,248100
2019-11-28,678.102294921875,1011.0,1020.0,1008.0,1013.0,169900
2019-11-29,678.7730102539062,1012.0,1027.0,1000.0,1018.0,149800
2019-12-02,669.3828125,998.0,1004.0,992.0,996.0,195500
2019-12-03,668.7120971679688,997.0,1000.0,975.0,983.0,130500
2019-12-04,661.3341064453125,986.0,991.0,974.0,974.0,134800
2019-12-05,665.3584594726562,992.0,996.0,986.0,989.0,118300
2019-12-06,665.3584594726562,992.0,992.0,985.0,989.0,110000
2019-12-09,673.4071655273438,1004.0,1004.0,992.0,995.0,128400
2019-12-10,674.7485961914062,1006.0,1018.0,1000.0,1003.0,134800
2019-12-11,667.3706665039062,995.0,1006.0,990.0,1005.0,87300
2019-12-12,664.0169677734375,990.0,997.0,985.0,995.0,89300
2019-12-13,678.102294921875,1011.0,1021.0,1003.0,1010.0,152000
2019-12-16,688.1631469726562,1026.0,1030.0,1009.0,1010.0,114400
2019-12-17,686.1509399414062,1023.0,1038.0,1017.0,1038.0,76800
2019-12-18,684.1387329101562,1020.0,1034.0,1012.0,1025.0,81000
2019-12-19,677.4315185546875,1010.0,1021.0,1002.0,1020.0,53800
2019-12-20,674.077880859375,1005.0,1013.0,997.0,1011.0,54500
2019-12-23,664.687744140625,991.0,1006.0,989.0,1006.0,53200
2019-12-24,666.0291748046875,993.0,996.0,988.0,992.0,44400
2019-12-25,660.663330078125,985.0,995.0,981.0,993.0,76800
2019-12-26,674.7485961914062,1006.0,1006.0,982.0,982.0,100100
2019-12-27,684.1387329101562,1020.0,1020.0,1002.0,1006.0,142800
2019-12-30,678.7730102539062,1012.0,1020.0,998.0,1020.0,63500
2020-01-06,656.6390380859375,979.0,993.0,979.0,983.0,164300
2020-01-07,669.3828125,998.0,998.0,979.0,980.0,94500
2020-01-08,651.9440307617188,972.0,983.0,961.0,983.0,155300
2020-01-09,669.3828125,998.0,1004.0,991.0,996.0,96400
2020-01-10,674.077880859375,1005.0,1006.0,998.0,1000.0,89500
2020-01-14,686.8216552734375,1024.0,1024.0,1005.0,1005.0,76700
2020-01-15,694.8703002929688,1036.0,1036.0,1020.0,1024.0,115800
2020-01-16,690.1752319335938,1029.0,1039.0,1024.0,1039.0,90900
2020-01-17,702.9190063476562,1048.0,1048.0,1027.0,1030.0,107700
2020-01-20,716.3336181640625,1068.0,1072.0,1048.0,1048.0,104300
2020-01-21,725.0530395507812,1081.0,1089.0,1073.0,1076.0,92400
2020-01-22,743.8331909179688,1109.0,1119.0,1075.0,1081.0,171400
2020-01-23,730.418701171875,1089.0,1111.0,1089.0,1102.0,104100
2020-01-24,710.2970581054688,1059.0,1088.0,1057.0,1084.0,157800
2020-01-27,687.492431640625,1025.0,1053.0,1025.0,1046.0,149200
2020-01-28,678.7730102539062,1012.0,1015.0,999.0,1006.0,156100
2020-01-29,685.4802856445312,1022.0,1031.0,1010.0,1022.0,99500
2020-01-30,658.6511840820312,982.0,1018.0,977.0,1010.0,140100
2020-01-31,667.3706665039062,995.0,997.0,976.0,994.0,115200
2020-02-03,661.3341064453125,986.0,989.0,965.0,970.0,84600
2020-02-04,679.4436645507812,1013.0,1015.0,985.0,987.0,129900
2020-02-05,675.4193115234375,1007.0,1034.0,1007.0,1030.0,54200
2020-02-06,694.8703002929688,1036.0,1042.0,1022.0,1030.0,134300
2020-02-07,688.1631469726562,1026.0,1036.0,1000.0,1030.0,151700
2020-02-10,685.4802856445312,1022.0,1024.0,1013.0,1017.0,51100
2020-02-12,676.0901489257812,1008.0,1027.0,1005.0,1025.0,52300
2020-02-13,668.7120971679688,997.0,1010.0,990.0,1008.0,40000
2020-02-14,657.98046875,981.0,989.0,973.0,988.0,99200
2020-02-17,641.2123413085938,956.0,975.0,947.0,970.0,110900
2020-02-18,618.4077758789062,922.0,950.0,912.0,950.0,107800
2020-02-19,616.3955688476562,919.0,931.0,914.0,929.0,71500
2020-02-20,610.359130859375,910.0,932.0,904.0,922.0,116700
2020-02-21,612.3712768554688,913.0,922.0,906.0,910.0,65400
2020-02-25,592.2495727539062,883.0,883.0,869.0,883.0,131400
2020-02-26,586.8836669921875,875.0,876.0,855.0,864.0,87700
2020-02-27,571.45703125,852.0,871.0,842.0,871.0,148600
2020-02-28,542.615966796875,809.0,825.0,800.0,812.0,157000
2020-03-02,566.0912475585938,844.0,860.0,798.0,800.0,166800
2020-03-03,543.28662109375,810.0,880.0,810.0,880.0,267700
2020-03-04,566.0912475585938,844.0,851.0,795.0,800.0,331300
2020-03-05,564.0790405273438,841.0,857.0,837.0,853.0,186800
2020-03-06,541.9451293945312,808.0,841.0,806.0,826.0,174600
2020-03-09,510.4212646484375,761.0,795.0,752.0,785.0,185900
2020-03-10,530.5428466796875,791.0,796.0,727.0,744.0,228300
2020-03-11,514.4454956054688,767.0,804.0,767.0,784.0,199000
2020-03-12,492.98236083984375,735.0,774.0,730.0,750.0,271200
2020-03-13,476.8849792480469,711.0,733.0,680.0,700.0,320200
2020-03-16,475.54351806640625,709.0,752.0,709.0,734.0,211000
2020-03-17,519.140625,774.0,784.0,680.0,698.0,226500
2020-03-18,513.7747192382812,766.0,813.0,766.0,789.0,184200
2020-03-19,516.4576416015625,770.0,793.0,756.0,793.0,149700
2020-03-23,521.1527099609375,777.0,786.0,746.0,780.0,222900
2020-03-24,529.201416015625,789.0,806.0,773.0,805.0,167800
2020-03-25,548.65234375,818.0,824.0,777.0,819.0,184500
2020-03-26,540.6036987304688,806.0,811.0,769.0,782.0,153100
2020-03-27,578.1643676757812,862.0,862.0,820.0,821.0,260800
2020-03-30,569.1305541992188,819.0,829.0,793.0,828.0,186000
2020-03-31,557.3170776367188,802.0,831.0,795.0,815.0,91000
2020-04-01,537.1646728515625,773.0,814.0,767.0,800.0,75000
2020-04-02,521.1817626953125,750.0,776.0,747.0,766.0,107800
2020-04-03,524.6563720703125,755.0,765.0,739.0,750.0,69900
2020-04-06,539.2494506835938,776.0,786.0,738.0,747.0,177200
2020-04-07,565.6559448242188,814.0,814.0,781.0,791.0,79200
2020-04-08,567.7406616210938,817.0,833.0,813.0,816.0,168400
2020-04-09,579.5541381835938,834.0,837.0,803.0,820.0,92200
2020-04-10,580.9439086914062,836.0,846.0,821.0,846.0,80500
2020-04-13,560.0966186523438,806.0,823.0,802.0,823.0,61200
2020-04-14,559.4017944335938,805.0,815.0,794.0,804.0,116000
2020-04-15,542.0289916992188,780.0,806.0,776.0,806.0,113700
2020-04-16,551.7576904296875,794.0,794.0,765.0,765.0,105600
2020-04-17,551.7576904296875,794.0,815.0,790.0,799.0,86100
2020-04-20,548.9782104492188,790.0,799.0,781.0,789.0,63700
2020-04-21,540.63916015625,778.0,790.0,773.0,783.0,53600
2020-04-22,533.690185546875,768.0,771.0,753.0,766.0,104900
2020-04-23,559.4017944335938,805.0,805.0,780.0,780.0,86500
2020-04-24,558.011962890625,803.0,815.0,798.0,815.0,104200
2020-04-27,582.3338623046875,838.0,838.0,813.0,818.0,112400
2020-04-28,582.3338623046875,838.0,848.0,834.0,840.0,76700
2020-04-30,593.4523315429688,854.0,869.0,851.0,862.0,74100
2020-05-01,564.9609985351562,813.0,841.0,811.0,839.0,132400
2020-05-07,539.9442749023438,777.0,806.0,770.0,798.0,229100
2020-05-08,529.5206298828125,762.0,775.0,761.0,773.0,228700
2020-05-11,553.1475830078125,796.0,796.0,762.0,763.0,124600
2020-05-12,551.0628051757812,793.0,803.0,792.0,800.0,90800
2020-05-13,534.3850708007812,769.0,776.0,759.0,776.0,107900
2020-05-14,529.5206298828125,762.0,766.0,755.0,766.0,103800
2020-05-15,547.5883178710938,788.0,788.0,767.0,772.0,81300
2020-05-18,544.80859375,784.0,791.0,775.0,785.0,75100
2020-05-19,546.8933715820312,787.0,804.0,784.0,800.0,87300
2020-05-20,555.92724609375,800.0,805.0,786.0,792.0,71700
2020-05-21,553.8424682617188,797.0,803.0,791.0,797.0,35100
2020-05-22,540.63916015625,778.0,795.0,775.0,794.0,33200
2020-05-25,544.1137084960938,783.0,791.0,776.0,791.0,34300
2020-05-26,564.2661743164062,812.0,812.0,784.0,792.0,64100
2020-05-27,580.9439086914062,836.0,840.0,805.0,815.0,89800
2020-05-28,584.41845703125,841.0,850.0,826.0,850.0,83000
2020-05-29,563.5711669921875,811.0,839.0,811.0,835.0,69100
2020-06-01,567.7406616210938,817.0,821.0,802.0,813.0,37500
2020-06-02,573.2999877929688,825.0,828.0,812.0,820.0,61800
2020-06-03,565.6559448242188,814.0,840.0,805.0,840.0,83100
2020-06-04,561.4865112304688,808.0,827.0,804.0,824.0,57800
2020-06-05,569.825439453125,820.0,820.0,801.0,808.0,49100
2020-06-08,568.4356079101562,818.0,835.0,813.0,835.0,58100
2020-06-09,561.4865112304688,808.0,825.0,801.0,825.0,59400
2020-06-10,579.5541381835938,834.0,838.0,809.0,816.0,115800
2020-06-11,567.0457763671875,816.0,834.0,812.0,830.0,108600
2020-06-12,562.8762817382812,810.0,819.0,800.0,813.0,135400
2020-06-15,545.503662109375,785.0,820.0,785.0,806.0,94800
2020-06-16,559.4017944335938,805.0,813.0,799.0,809.0,66400
2020-06-17,562.181396484375,809.0,813.0,800.0,810.0,91100
2020-06-18,562.8762817382812,810.0,810.0,796.0,801.0,51300
2020-06-19,572.6051635742188,824.0,826.0,806.0,812.0,80500
2020-06-22,564.9609985351562,813.0,817.0,803.0,813.0,42300
2020-06-23,553.8424682617188,797.0,816.0,797.0,814.0,69000
2020-06-24,552.45263671875,795.0,807.0,792.0,807.0,52400
2020-06-25,563.5711669921875,811.0,812.0,789.0,798.0,89000
2020-06-26,574.689697265625,827.0,827.0,811.0,811.0,61300
2020-06-29,550.367919921875,792.0,818.0,792.0,815.0,74300
2020-06-30,557.3170776367188,802.0,813.0,800.0,809.0,28100
2020-07-01,552.45263671875,795.0,806.0,792.0,805.0,56500
2020-07-02,553.8424682617188,797.0,806.0,793.0,803.0,68500
2020-07-03,564.9609985351562,813.0,813.0,799.0,800.0,24000
2020-07-06,576.7744750976562,830.0,833.0,814.0,814.0,51600
2020-07-07,582.3338623046875,838.0,839.0,822.0,831.0,56900
2020-07-08,573.2999877929688,825.0,841.0,824.0,834.0,45600
2020-07-09,575.3846435546875,828.0,834.0,816.0,828.0,53800
2020-07-10,558.011962890625,803.0,827.0,798.0,823.0,97700
2020-07-13,578.8591918945312,833.0,833.0,816.0,820.0,34300
2020-07-14,565.6559448242188,814.0,827.0,807.0,824.0,78200
2020-07-15,574.689697265625,827.0,828.0,808.0,815.0,50700
2020-07-16,562.8762817382812,810.0,826.0,807.0,826.0,55500
2020-07-17,555.92724609375,800.0,817.0,796.0,810.0,58500
2020-07-20,565.6559448242188,814.0,814.0,795.0,810.0,48900
2020-07-21,564.2661743164062,812.0,818.0,803.0,812.0,60400
2020-07-22,555.92724609375,800.0,821.0,800.0,821.0,62800
2020-07-27,553.1475830078125,796.0,800.0,786.0,800.0,82400
2020-07-28,544.80859375,784.0,800.0,782.0,796.0,68600
2020-07-29,531.6053466796875,765.0,780.0,764.0,775.0,54400
2020-07-30,523.2664794921875,753.0,775.0,747.0,775.0,89100
2020-07-31,549.673095703125,791.0,815.0,785.0,813.0,279300
2020-08-03,578.164306640625,832.0,833.0,800.0,800.0,129100
2020-08-04,578.8591918945312,833.0,838.0,817.0,817.0,64200
2020-08-05,581.638916015625,837.0,843.0,812.0,826.0,87100
2020-08-06,566.3508911132812,815.0,855.0,813.0,835.0,108200
2020-08-07,566.3508911132812,815.0,830.0,806.0,818.0,150200
2020-08-11,585.1134033203125,842.0,842.0,815.0,815.0,69300
2020-08-12,595.5369873046875,857.0,857.0,839.0,842.0,81900
2020-08-13,605.2656860351562,871.0,872.0,847.0,872.0,87300
2020-08-14,606.6556396484375,873.0,877.0,857.0,870.0,62000
2020-08-17,593.4523315429688,854.0,873.0,853.0,867.0,80400
2020-08-18,594.147216796875,855.0,866.0,852.0,860.0,54100
2020-08-19,596.23193359375,858.0,863.0,849.0,852.0,26400
2020-08-20,585.1134033203125,842.0,856.0,840.0,851.0,57200
2020-08-21,601.7911987304688,866.0,866.0,848.0,849.0,49300
2020-08-24,600.4014282226562,864.0,877.0,853.0,877.0,30900
2020-08-25,609.4352416992188,877.0,897.0,877.0,887.0,63700
2020-08-26,608.0453491210938,875.0,881.0,864.0,868.0,25000
2020-08-27,612.21484375,881.0,882.0,868.0,878.0,32600
2020-08-28,633.757080078125,912.0,912.0,885.0,885.0,192800
2020-08-31,651.1297607421875,937.0,943.0,913.0,915.0,147400
2020-09-01,646.265380859375,930.0,950.0,916.0,950.0,131700
2020-09-02,642.095947265625,924.0,937.0,922.0,932.0,37200
2020-09-03,632.3671875,910.0,940.0,910.0,935.0,96300
2020-09-04,640.0111694335938,921.0,925.0,890.0,895.0,81900
2020-09-07,646.9603271484375,931.0,941.0,919.0,921.0,123800
2020-09-08,655.2991943359375,943.0,943.0,929.0,938.0,88000
2020-09-09,649.0450439453125,934.0,942.0,925.0,928.0,86500
2020-09-10,662.9432373046875,954.0,962.0,944.0,945.0,138400
2020-09-11,664.3330078125,956.0,965.0,939.0,958.0,148300
2020-09-14,687.2649536132812,989.0,990.0,964.0,969.0,162500
2020-09-15,690.0446166992188,993.0,1004.0,980.0,981.0,207400
2020-09-16,688.6548461914062,991.0,1002.0,976.0,994.0,125900
2020-09-17,694.9089965820312,1000.0,1010.0,985.0,1000.0,143200
2020-09-18,687.9600219726562,990.0,1005.0,984.0,995.0,122100
2020-09-23,671.2821655273438,966.0,978.0,963.0,971.0,143400
2020-09-24,664.3330078125,956.0,961.0,946.0,960.0,120200
2020-09-25,669.892333984375,964.0,984.0,957.0,962.0,187900
2020-09-28,695.60400390625,1001.0,1005.0,960.0,973.0,130400
2020-09-29,686.5700073242188,988.0,1004.0,986.0,1004.0,53300
2020-09-30,669.892333984375,964.0,994.0,964.0,994.0,75000
2020-10-02,649.0450439453125,934.0,960.0,931.0,957.0,82300
2020-10-05,649.7399291992188,935.0,952.0,928.0,935.0,75100
2020-10-06,659.4686279296875,949.0,963.0,939.0,949.0,58300
2020-10-07,660.16357421875,950.0,953.0,935.0,944.0,59300
2020-10-08,674.7566528320312,971.0,977.0,953.0,958.0,58600
2020-10-09,660.8585205078125,951.0,974.0,948.0,974.0,52500
2020-10-12,655.9940185546875,944.0,955.0,931.0,953.0,63100
2020-10-13,659.4686279296875,949.0,953.0,933.0,950.0,47400
2020-10-14,643.4857177734375,926.0,940.0,924.0,940.0,50800
2020-10-15,637.9265747070312,918.0,925.0,912.0,923.0,64000
2020-10-16,640.7061157226562,922.0,935.0,918.0,927.0,34500
2020-10-19,665.0279541015625,957.0,957.0,921.0,921.0,76800
2020-10-20,649.0450439453125,934.0,955.0,934.0,950.0,62200
2020-10-21,663.6381225585938,955.0,958.0,946.0,950.0,74800
2020-10-22,663.6381225585938,955.0,964.0,950.0,962.0,59500
2020-10-23,651.82470703125,938.0,955.0,934.0,955.0,44800
2020-10-26,666.4177856445312,959.0,959.0,948.0,950.0,28100
2020-10-27,674.7566528320312,971.0,973.0,952.0,962.0,57000
2020-10-28,665.7227783203125,958.0,969.0,950.0,969.0,38600
2020-10-29,665.0279541015625,957.0,963.0,940.0,943.0,76400
2020-10-30,631.6722412109375,909.0,961.0,899.0,961.0,249100
2020-11-02,647.6552124023438,932.0,936.0,905.0,924.0,91900
2020-11-04,650.4348754882812,936.0,958.0,924.0,944.0,78600
2020-11-05,646.9603271484375,931.0,934.0,901.0,929.0,137400
2020-11-06,662.9432373046875,954.0,961.0,935.0,939.0,95300
2020-11-09,671.97705078125,967.0,968.0,947.0,965.0,69300
2020-11-10,671.97705078125,967.0,983.0,956.0,974.0,82100
2020-11-11,672.6720581054688,968.0,980.0,963.0,980.0,71200
2020-11-12,664.3330078125,956.0,966.0,950.0,963.0,33700
2020-11-13,656.6890258789062,945.0,955.0,940.0,948.0,58200
2020-11-16,680.3159790039062,979.0,981.0,958.0,964.0,87500
2020-11-17,661.553466796875,952.0,979.0,949.0,979.0,87500
2020-11-18,649.7399291992188,935.0,950.0,933.0,937.0,51500
2020-11-19,646.9603271484375,931.0,950.0,928.0,933.0,54000
2020-11-20,649.7399291992188,935.0,939.0,919.0,919.0,42800
2020-11-24,662.2482299804688,953.0,967.0,950.0,959.0,60600
2020-11-25,665.0279541015625,957.0,979.0,957.0,972.0,59700
2020-11-26,675.4515991210938,972.0,979.0,949.0,950.0,53500
2020-11-27,669.1974487304688,963.0,976.0,961.0,973.0,59700
2020-11-30,637.2315063476562,917.0,963.0,917.0,963.0,54800
2020-12-01,666.4177856445312,959.0,959.0,920.0,920.0,76100
2020-12-02,658.7737426757812,948.0,972.0,947.0,972.0,80200
2020-12-03,669.1974487304688,963.0,965.0,942.0,953.0,70900
2020-12-04,667.1126098632812,960.0,961.0,946.0,950.0,50700
2020-12-07,651.1297607421875,937.0,969.0,935.0,969.0,36800
2020-12-08,669.892333984375,964.0,970.0,943.0,945.0,53000
2020-12-09,674.0617065429688,970.0,970.0,960.0,964.0,40500
2020-12-10,664.3330078125,956.0,969.0,956.0,969.0,32000
2020-12-11,666.4177856445312,959.0,963.0,953.0,960.0,33700
2020-12-14,668.5025024414062,962.0,984.0,962.0,969.0,84200
2020-12-15,701.1632080078125,1009.0,1090.0,962.0,965.0,404400
2020-12-16,698.3836059570312,1005.0,1007.0,973.0,999.0,108100
2020-12-17,685.8751831054688,987.0,1005.0,977.0,1000.0,55100
2020-12-18,676.146484375,973.0,989.0,972.0,986.0,43000
2020-12-21,676.84130859375,974.0,985.0,966.0,976.0,39300
2020-12-22,655.2991943359375,943.0,965.0,943.0,965.0,52600
2020-12-23,682.4006958007812,982.0,1000.0,959.0,971.0,216600
2020-12-24,681.0109252929688,980.0,994.0,973.0,980.0,91000
2020-12-25,696.9937133789062,1003.0,1016.0,984.0,993.0,89000
2020-12-28,677.5363159179688,975.0,997.0,969.0,990.0,75200
2020-12-29,678.9261474609375,977.0,985.0,959.0,985.0,156900
2020-12-30,667.1126098632812,960.0,976.0,955.0,976.0,105700
2021-01-04,660.16357421875,950.0,958.0,934.0,958.0,42600
2021-01-05,678.9261474609375,977.0,980.0,939.0,947.0,63600
2021-01-06,674.7566528320312,971.0,983.0,967.0,977.0,29800
2021-01-07,685.1802978515625,986.0,999.0,981.0,985.0,47800
2021-01-08,685.8751831054688,987.0,996.0,980.0,982.0,48000
2021-01-12,697.6885986328125,1004.0,1010.0,974.0,981.0,73500
2021-01-13,701.1632080078125,1009.0,1009.0,991.0,1000.0,50900
2021-01-14,703.94287109375,1013.0,1024.0,996.0,1000.0,95600
2021-01-15,687.9600219726562,990.0,1017.0,987.0,1017.0,160200
2021-01-18,681.705810546875,981.0,988.0,972.0,980.0,44600
2021-01-19,677.5363159179688,975.0,985.0,970.0,981.0,66500
2021-01-20,675.4515991210938,972.0,981.0,965.0,972.0,86500
2021-01-21,678.9261474609375,977.0,985.0,967.0,970.0,66000
2021-01-22,678.231201171875,976.0,984.0,965.0,970.0,67400
2021-01-25,687.2649536132812,989.0,993.0,973.0,982.0,58900
2021-01-26,696.2987670898438,1002.0,1004.0,984.0,986.0,81000
2021-01-27,706.722412109375,1017.0,1021.0,996.0,1007.0,112800
2021-01-28,708.1123046875,1019.0,1039.0,997.0,1006.0,276400
2021-01-29,668.5025024414062,962.0,1042.0,962.0,1042.0,279200
2021-02-01,674.7566528320312,971.0,985.0,942.0,962.0,125000
2021-02-02,678.231201171875,976.0,981.0,953.0,972.0,98300
2021-02-03,674.7566528320312,971.0,978.0,962.0,976.0,108800
2021-02-04,679.6209716796875,978.0,980.0,963.0,965.0,52800
2021-02-05,685.1802978515625,986.0,996.0,977.0,986.0,63200
2021-02-08,701.858154296875,1010.0,1011.0,985.0,986.0,101000
2021-02-09,694.9089965820312,1000.0,1005.0,985.0,1005.0,76700
2021-02-10,688.6548461914062,991.0,1000.0,983.0,1000.0,67500
2021-02-12,689.3497314453125,992.0,998.0,985.0,998.0,46500
2021-02-15,693.5192260742188,998.0,998.0,989.0,994.0,37900
2021-02-16,686.5700073242188,988.0,998.0,983.0,998.0,53900
2021-02-17,690.7396240234375,994.0,996.0,983.0,988.0,51000
2021-02-18,685.8751831054688,987.0,998.0,982.0,998.0,70100
2021-02-19,678.231201171875,976.0,987.0,971.0,987.0,40100
2021-02-22,682.4006958007812,982.0,993.0,978.0,990.0,42100
2021-02-24,678.9261474609375,977.0,988.0,972.0,980.0,46600
2021-02-25,699.0784912109375,1006.0,1017.0,975.0,984.0,154200
2021-02-26,670.587158203125,965.0,990.0,965.0,986.0,99600
2021-03-01,683.0955810546875,983.0,983.0,963.0,976.0,61200
2021-03-02,685.8751831054688,987.0,997.0,975.0,980.0,68800
2021-03-03,698.3836059570312,1005.0,1008.0,981.0,987.0,89900
2021-03-04,692.8242797851562,997.0,1000.0,980.0,1000.0,52400
2021-03-05,703.2479248046875,1012.0,1012.0,986.0,1000.0,94100
2021-03-08,703.94287109375,1013.0,1020.0,1002.0,1019.0,68600
2021-03-09,715.7562866210938,1030.0,1049.0,1019.0,1031.0,222600
2021-03-10,735.9087524414062,1059.0,1070.0,1036.0,1050.0,178400
2021-03-11,744.2474975585938,1071.0,1091.0,1061.0,1063.0,138600
2021-03-12,741.4679565429688,1067.0,1074.0,1061.0,1074.0,108700
2021-03-15,751.8915405273438,1082.0,1086.0,1067.0,1070.0,113000
2021-03-16,772.0439453125,1111.0,1118.0,1087.0,1090.0,148300
2021-03-17,747.72216796875,1076.0,1090.0,1071.0,1085.0,139700
2021-03-18,754.6712036132812,1086.0,1093.0,1070.0,1093.0,98700
2021-03-19,755.3660888671875,1087.0,1099.0,1067.0,1085.0,210000
2021-03-22,756.0609741210938,1088.0,1097.0,1080.0,1094.0,119800
2021-03-23,755.3660888671875,1087.0,1106.0,1086.0,1099.0,102500
2021-03-24,736.6035766601562,1060.0,1083.0,1046.0,1083.0,132600
2021-03-25,740.0780639648438,1065.0,1076.0,1051.0,1051.0,71600
2021-03-26,739.3832397460938,1064.0,1078.0,1062.0,1076.0,91400
2021-03-29,756.0609741210938,1088.0,1111.0,1068.0,1072.0,476300
2021-03-30,756.7914428710938,1036.0,1077.0,1031.0,1077.0,162000
2021-03-31,730.49365234375,1000.0,1030.0,997.0,1028.0,101100
2021-04-01,723.1887817382812,990.0,1014.0,987.0,1004.0,84700
2021-04-02,733.4156494140625,1004.0,1004.0,990.0,992.0,56400
2021-04-05,742.181640625,1016.0,1022.0,999.0,1000.0,67700
2021-04-06,729.7632446289062,999.0,1016.0,984.0,1015.0,62800
2021-04-07,736.337646484375,1008.0,1008.0,983.0,984.0,115300
2021-04-08,718.8058471679688,984.0,1002.0,980.0,1000.0,71500
2021-04-09,720.9972534179688,987.0,998.0,983.0,987.0,62800
2021-04-12,718.0752563476562,983.0,989.0,974.0,987.0,41500
2021-04-13,720.9972534179688,987.0,996.0,975.0,983.0,61200
2021-04-14,718.0752563476562,983.0,987.0,973.0,984.0,63500
2021-04-15,722.4583129882812,989.0,992.0,978.0,980.0,46400
2021-04-16,730.49365234375,1000.0,1009.0,986.0,989.0,78900
2021-04-19,732.6852416992188,1003.0,1012.0,998.0,1001.0,43800
2021-04-20,725.3801879882812,993.0,1005.0,988.0,997.0,56100
2021-04-21,715.1532592773438,979.0,989.0,975.0,985.0,79400
2021-04-22,726.84130859375,995.0,1002.0,990.0,994.0,35700
2021-04-23,718.0752563476562,983.0,995.0,983.0,994.0,37900
2021-04-26,719.5362548828125,985.0,999.0,985.0,995.0,45400
2021-04-27,719.5362548828125,985.0,997.0,985.0,990.0,85300
2021-04-28,712.2313232421875,975.0,992.0,975.0,986.0,47700
2021-04-30,707.848388671875,969.0,981.0,967.0,975.0,61300
2021-05-06,732.6852416992188,1003.0,1012.0,980.0,990.0,159000
2021-05-07,706.3873901367188,967.0,979.0,946.0,950.0,225400
2021-05-10,708.5789184570312,970.0,983.0,962.0,974.0,123400
2021-05-11,699.81298828125,958.0,980.0,958.0,970.0,91800
2021-05-12,671.3236694335938,919.0,960.0,916.0,955.0,123600
2021-05-13,668.4016723632812,915.0,931.0,905.0,910.0,107200
2021-05-14,682.2811279296875,934.0,949.0,928.0,930.0,81300
2021-05-17,686.6641235351562,940.0,955.0,933.0,948.0,89300
2021-05-18,691.7775268554688,947.0,949.0,931.0,940.0,97900
2021-05-19,677.898193359375,928.0,940.0,926.0,932.0,62300
2021-05-20,699.81298828125,958.0,960.0,932.0,932.0,84600
2021-05-21,702.0044555664062,961.0,968.0,948.0,958.0,114500
2021-05-24,698.3519897460938,956.0,967.0,952.0,961.0,78200
2021-05-25,689.5860595703125,944.0,963.0,942.0,962.0,53700
2021-05-26,686.6641235351562,940.0,945.0,934.0,940.0,79800
2021-05-27,672.0542602539062,920.0,938.0,920.0,937.0,95200
2021-05-28,674.9761962890625,924.0,932.0,920.0,928.0,100500
2021-05-31,665.4797973632812,911.0,919.0,903.0,919.0,126800
2021-06-01,672.7847290039062,921.0,927.0,906.0,911.0,112900
2021-06-02,683.7421264648438,936.0,942.0,915.0,921.0,106700
2021-06-03,682.2811279296875,934.0,946.0,929.0,941.0,69700
2021-06-04,679.3591918945312,930.0,937.0,925.0,932.0,67100
2021-06-07,676.4371337890625,926.0,941.0,924.0,930.0,39000
2021-06-08,674.2456665039062,923.0,932.0,923.0,924.0,29800
2021-06-09,672.7847290039062,921.0,930.0,921.0,926.0,37500
2021-06-10,667.6712646484375,914.0,922.0,912.0,920.0,46400
2021-06-11,666.2102661132812,912.0,917.0,909.0,912.0,65000
2021-06-14,664.0187377929688,909.0,916.0,908.0,915.0,26000
2021-06-15,666.2102661132812,912.0,916.0,905.0,913.0,50300
2021-06-16,672.0542602539062,920.0,920.0,906.0,910.0,60800
2021-06-17,663.2882690429688,908.0,923.0,906.0,923.0,49500
2021-06-18,650.139404296875,890.0,914.0,890.0,912.0,107100
2021-06-21,626.7635498046875,858.0,880.0,858.0,880.0,124500
2021-06-22,639.91259765625,876.0,890.0,870.0,875.0,117500
2021-06-23,655.2528686523438,897.0,901.0,889.0,889.0,62600
2021-06-24,654.5223388671875,896.0,898.0,885.0,889.0,60700
2021-06-25,664.0187377929688,909.0,916.0,904.0,909.0,78800
2021-06-28,665.4797973632812,911.0,913.0,905.0,909.0,48000
2021-06-29,657.4443359375,900.0,909.0,894.0,906.0,64500
2021-06-30,654.5223388671875,896.0,912.0,894.0,900.0,67700
2021-07-01,650.869873046875,891.0,903.0,891.0,901.0,28100
2021-07-02,654.5223388671875,896.0,900.0,892.0,893.0,27300
2021-07-05,646.4869384765625,885.0,891.0,883.0,889.0,51300
2021-07-06,647.9479370117188,887.0,888.0,880.0,881.0,21600
2021-07-07,638.4514770507812,874.0,889.0,873.0,875.0,31700
2021-07-08,634.0685424804688,868.0,883.0,868.0,873.0,48200
2021-07-09,636.9906005859375,872.0,876.0,860.0,860.0,119000
2021-07-12,650.869873046875,891.0,900.0,882.0,886.0,65700
2021-07-13,656.7138671875,899.0,903.0,894.0,896.0,48400
2021-07-14,658.9052734375,902.0,905.0,892.0,894.0,25800
2021-07-15,645.0259399414062,883.0,902.0,883.0,900.0,58500
2021-07-16,646.4869384765625,885.0,886.0,877.0,881.0,34200
2021-07-19,637.7210083007812,873.0,878.0,866.0,878.0,48800
2021-07-20,634.7990112304688,869.0,876.0,859.0,865.0,91300
2021-07-21,639.91259765625,876.0,885.0,874.0,884.0,51300
2021-07-26,650.139404296875,890.0,896.0,884.0,890.0,80200
2021-07-27,661.8273315429688,906.0,909.0,894.0,898.0,92500
2021-07-28,647.9479370117188,887.0,902.0,883.0,891.0,48800
2021-07-29,654.5223388671875,896.0,898.0,886.0,890.0,65800
2021-07-30,650.869873046875,891.0,942.0,891.0,930.0,269200
2021-08-02,658.9052734375,902.0,907.0,886.0,906.0,143800
2021-08-03,668.4016723632812,915.0,915.0,899.0,900.0,65600
2021-08-04,656.7138671875,899.0,915.0,897.0,915.0,40900
2021-08-05,650.139404296875,890.0,894.0,884.0,892.0,29000
2021-08-06,655.2528686523438,897.0,902.0,890.0,890.0,29900
2021-08-10,664.7492065429688,910.0,916.0,897.0,898.0,63700
2021-08-11,674.9761962890625,924.0,926.0,913.0,914.0,64400
2021-08-12,687.3945922851562,941.0,943.0,925.0,928.0,107900
2021-08-13,693.238525390625,949.0,950.0,932.0,942.0,75800
2021-08-16,672.7847290039062,921.0,944.0,921.0,944.0,66400
2021-08-17,660.3663940429688,904.0,925.0,901.0,921.0,38600
2021-08-18,657.4443359375,900.0,911.0,893.0,904.0,45800
2021-08-19,644.29541015625,882.0,900.0,882.0,898.0,52300
2021-08-20,641.3734741210938,878.0,889.0,877.0,882.0,62300
2021-08-23,661.8273315429688,906.0,913.0,889.0,889.0,74300
2021-08-24,679.3591918945312,930.0,940.0,906.0,906.0,112600
2021-08-25,676.4371337890625,926.0,937.0,922.0,931.0,36400
2021-08-26,669.1322631835938,916.0,927.0,912.0,926.0,67900
2021-08-27,668.4016723632812,915.0,915.0,905.0,911.0,67600
2021-08-30,677.1676635742188,927.0,927.0,917.0,917.0,25100
2021-08-31,669.1322631835938,916.0,922.0,912.0,922.0,51100
2021-09-01,686.6641235351562,940.0,940.0,915.0,916.0,49500
2021-09-02,680.8201904296875,932.0,939.0,928.0,939.0,38600
2021-09-03,693.238525390625,949.0,955.0,934.0,935.0,72800
2021-09-06,693.238525390625,949.0,955.0,944.0,948.0,54700
2021-09-07,691.0470581054688,946.0,955.0,944.0,955.0,56500
2021-09-08,693.238525390625,949.0,954.0,935.0,948.0,99600
2021-09-09,680.089599609375,931.0,943.0,927.0,941.0,51200
2021-09-10,687.3945922851562,941.0,941.0,921.0,930.0,202500
2021-09-13,688.8555908203125,943.0,953.0,937.0,939.0,65100
2021-09-14,696.8910522460938,954.0,954.0,937.0,941.0,76400
2021-09-15,678.6286010742188,929.0,941.0,924.0,941.0,69100
2021-09-16,658.9052734375,902.0,926.0,897.0,925.0,324500
2021-09-17,677.898193359375,928.0,928.0,902.0,905.0,187000
2021-09-21,662.5578002929688,907.0,913.0,898.0,910.0,89600
2021-09-22,661.0968627929688,905.0,909.0,898.0,907.0,90500
2021-09-24,677.1676635742188,927.0,931.0,918.0,922.0,77400
2021-09-27,666.2102661132812,912.0,927.0,910.0,925.0,71600
2021-09-28,665.4797973632812,911.0,914.0,896.0,910.0,167300
2021-09-29,658.8690795898438,897.0,902.0,892.0,900.0,135100
2021-09-30,656.6654663085938,894.0,902.0,894.0,897.0,67100
2021-10-01,646.382080078125,880.0,892.0,873.0,892.0,146300
2021-10-04,639.036865234375,870.0,884.0,865.0,881.0,83300
2021-10-05,623.6118774414062,849.0,861.0,844.0,860.0,121100
2021-10-06,626.5499877929688,853.0,864.0,849.0,851.0,89300
2021-10-07,626.5499877929688,853.0,859.0,848.0,856.0,80500
2021-10-08,642.7095336914062,875.0,883.0,871.0,871.0,88800
2021-10-11,656.6654663085938,894.0,894.0,877.0,883.0,53800
2021-10-12,642.7095336914062,875.0,890.0,875.0,890.0,60000
2021-10-13,642.7095336914062,875.0,881.0,871.0,876.0,39800
2021-10-14,641.2404174804688,873.0,877.0,871.0,876.0,35200
2021-10-15,661.0726318359375,900.0,901.0,880.0,881.0,97000
2021-10-18,661.0726318359375,900.0,901.0,891.0,899.0,59100
2021-10-19,661.0726318359375,900.0,904.0,897.0,900.0,36500
2021-10-20,657.4000244140625,895.0,901.0,893.0,900.0,45800
2021-10-21,652.9928588867188,889.0,898.0,888.0,895.0,55900
2021-10-22,656.6654663085938,894.0,898.0,882.0,885.0,54100
2021-10-25,643.4440307617188,876.0,886.0,875.0,883.0,54700
2021-10-26,651.5238037109375,887.0,887.0,876.0,879.0,51000
2021-10-27,652.2583618164062,888.0,890.0,879.0,887.0,62200
2021-10-28,648.5857543945312,883.0,899.0,880.0,885.0,332700
2021-10-29,711.7548217773438,969.0,970.0,917.0,933.0,584300
2021-11-01,713.9584350585938,972.0,994.0,951.0,990.0,328200
2021-11-02,700.0023803710938,953.0,988.0,953.0,972.0,221100
2021-11-04,713.223876953125,971.0,992.0,961.0,966.0,233300
2021-11-05,707.3477172851562,963.0,980.0,959.0,980.0,169000
2021-11-08,700.7369995117188,954.0,967.0,953.0,965.0,214200
2021-11-09,692.6572875976562,943.0,952.0,939.0,951.0,167900
2021-11-10,694.1262817382812,945.0,961.0,941.0,949.0,113500
2021-11-11,697.0643310546875,949.0,956.0,940.0,942.0,95700
2021-11-12,702.9404907226562,957.0,957.0,947.0,950.0,105800
2021-11-15,708.8167114257812,965.0,965.0,959.0,963.0,78900
2021-11-16,702.9404907226562,957.0,960.0,951.0,960.0,118200
2021-11-17,698.5333862304688,951.0,960.0,948.0,957.0,71900
2021-11-18,705.8786010742188,961.0,970.0,950.0,954.0,108900
2021-11-19,698.5333862304688,951.0,960.0,946.0,960.0,143000
2021-11-22,708.8167114257812,965.0,965.0,949.0,950.0,107800
2021-11-24,704.4095458984375,959.0,965.0,953.0,964.0,98700
2021-11-25,702.9404907226562,957.0,963.0,950.0,961.0,62800
2021-11-26,696.3297729492188,948.0,952.0,937.0,950.0,102600
2021-11-29,677.232177734375,922.0,946.0,922.0,940.0,110600
2021-11-30,679.4357299804688,925.0,950.0,925.0,942.0,113200
2021-12-01,690.4536743164062,940.0,947.0,914.0,920.0,86800
2021-12-02,683.1083374023438,930.0,941.0,927.0,927.0,79200
2021-12-03,697.7988891601562,950.0,950.0,937.0,938.0,75200
2021-12-06,697.0643310546875,949.0,955.0,942.0,953.0,161100
2021-12-07,705.8786010742188,961.0,964.0,947.0,954.0,137900
2021-12-08,708.8167114257812,965.0,967.0,949.0,962.0,133000
2021-12-09,708.0821533203125,964.0,965.0,955.0,965.0,74800
2021-12-10,700.0023803710938,953.0,964.0,952.0,962.0,164900
2021-12-13,694.1262817382812,945.0,962.0,945.0,960.0,95500
2021-12-14,695.5952758789062,947.0,952.0,939.0,947.0,121200
2021-12-15,696.3297729492188,948.0,954.0,944.0,947.0,65800
2021-12-16,706.6132202148438,962.0,965.0,955.0,958.0,121000
2021-12-17,703.675048828125,958.0,961.0,952.0,957.0,63700
2021-12-20,688.25,937.0,958.0,937.0,952.0,114200
2021-12-21,700.7369995117188,954.0,963.0,944.0,950.0,132400
2021-12-22,697.0643310546875,949.0,961.0,947.0,950.0,86800
2021-12-23,708.0821533203125,964.0,965.0,953.0,958.0,70800
2021-12-24,700.0023803710938,953.0,972.0,934.0,967.0,278000
2021-12-27,708.0821533203125,964.0,967.0,958.0,962.0,87500
2021-12-28,714.6929321289062,973.0,973.0,960.0,965.0,127800
2021-12-29,721.3037109375,982.0,986.0,969.0,976.0,129700
2021-12-30,724.9762573242188,987.0,992.0,974.0,981.0,80400
2022-01-04,745.5430297851562,1015.0,1016.0,991.0,998.0,134100
2022-01-05,736.7286987304688,1003.0,1017.0,1001.0,1013.0,187200
2022-01-06,738.9323120117188,1006.0,1020.0,996.0,998.0,167400
2022-01-07,741.1358642578125,1009.0,1019.0,1001.0,1002.0,176700
2022-01-11,740.4013061523438,1008.0,1022.0,1005.0,1014.0,180600
2022-01-12,760.2335815429688,1035.0,1036.0,1020.0,1025.0,233300
2022-01-13,778.5966796875,1060.0,1065.0,1036.0,1036.0,270600
2022-01-14,774.189453125,1054.0,1068.0,1051.0,1061.0,179400
2022-01-17,775.6585693359375,1056.0,1072.0,1050.0,1068.0,106900
2022-01-18,775.6585693359375,1056.0,1067.0,1048.0,1066.0,116800
2022-01-19,755.0918579101562,1028.0,1052.0,1026.0,1033.0,164700
2022-01-20,755.8263549804688,1029.0,1042.0,1017.0,1023.0,133700
2022-01-21,751.419189453125,1023.0,1023.0,1005.0,1016.0,124400
2022-01-24,756.5609130859375,1030.0,1035.0,1011.0,1018.0,65500
2022-01-25,742.6049194335938,1011.0,1038.0,1001.0,1038.0,118200
2022-01-26,735.2597045898438,1001.0,1008.0,985.0,1005.0,230000
2022-01-27,725.7108154296875,988.0,1012.0,982.0,1004.0,155700
2022-01-28,735.9942626953125,1002.0,1013.0,967.0,1008.0,242000
2022-01-31,728.6488647460938,992.0,1015.0,986.0,1002.0,187900
2022-02-01,716.8966064453125,976.0,998.0,970.0,994.0,190600
2022-02-02,735.2597045898438,1001.0,1006.0,969.0,976.0,177700
2022-02-03,732.3215942382812,997.0,1017.0,995.0,1013.0,143200
2022-02-04,737.4631958007812,1004.0,1007.0,991.0,997.0,124600
2022-02-07,731.5870971679688,996.0,1010.0,993.0,1000.0,105300
2022-02-08,730.117919921875,994.0,1008.0,991.0,1000.0,124700
2022-02-09,746.2775268554688,1016.0,1020.0,999.0,1000.0,87400
2022-02-10,744.073974609375,1013.0,1026.0,1005.0,1021.0,117500
2022-02-14,734.525146484375,1000.0,1007.0,992.0,1000.0,104100
2022-02-15,738.9323120117188,1006.0,1015.0,1000.0,1008.0,102200
2022-02-16,749.215576171875,1020.0,1026.0,1016.0,1019.0,52100
2022-02-17,738.19775390625,1005.0,1023.0,1003.0,1023.0,59200
2022-02-18,736.7286987304688,1003.0,1007.0,995.0,1000.0,49100
2022-02-21,729.3834838867188,993.0,998.0,986.0,998.0,66400
2022-02-22,722.7727661132812,984.0,990.0,978.0,986.0,124600
2022-02-24,722.0382080078125,983.0,992.0,972.0,980.0,143600
2022-02-25,726.4454345703125,989.0,989.0,978.0,984.0,78500
2022-02-28,741.1358642578125,1009.0,1014.0,987.0,995.0,85900
2022-03-01,738.9323120117188,1006.0,1019.0,1005.0,1014.0,75500
2022-03-02,730.8525390625,995.0,1006.0,995.0,995.0,79800
2022-03-03,739.6668090820312,1007.0,1015.0,1002.0,1005.0,65800
2022-03-04,731.5870971679688,996.0,1014.0,996.0,1003.0,109800
2022-03-07,720.5691528320312,981.0,992.0,980.0,989.0,140300
2022-03-08,699.2678833007812,952.0,982.0,950.0,975.0,200800
2022-03-09,706.6132202148438,962.0,973.0,956.0,958.0,73900
2022-03-10,727.914306640625,991.0,992.0,975.0,986.0,86900
2022-03-11,725.7108154296875,988.0,992.0,981.0,983.0,65000
2022-03-14,730.117919921875,994.0,1003.0,992.0,995.0,55000
2022-03-15,738.9323120117188,1006.0,1010.0,994.0,1000.0,63500
2022-03-16,734.525146484375,1000.0,1010.0,996.0,1007.0,147300
2022-03-17,730.8525390625,995.0,1011.0,994.0,1010.0,170400
2022-03-18,728.6488647460938,992.0,996.0,985.0,991.0,170200
2022-03-22,739.6668090820312,1007.0,1007.0,993.0,1002.0,145600
2022-03-23,751.419189453125,1023.0,1024.0,1010.0,1010.0,134500
2022-03-24,748.4810791015625,1019.0,1021.0,1008.0,1010.0,82700
2022-03-25,749.9501342773438,1021.0,1030.0,1015.0,1021.0,143700
2022-03-28,752.1536865234375,1024.0,1030.0,1018.0,1025.0,127600
2022-03-29,744.8084716796875,1014.0,1024.0,1011.0,1024.0,176200
2022-03-30,774.6329956054688,961.0,974.0,954.0,965.0,194100
2022-03-31,771.4087524414062,957.0,965.0,953.0,958.0,145400
2022-04-01,768.1844482421875,953.0,960.0,936.0,955.0,126700
2022-04-04,761.7359619140625,945.0,949.0,941.0,946.0,99700
2022-04-05,772.21484375,958.0,959.0,950.0,955.0,133500
2022-04-06,753.67529296875,935.0,949.0,934.0,947.0,143900
2022-04-07,735.1355590820312,912.0,925.0,909.0,925.0,148500
2022-04-08,733.5233764648438,910.0,916.0,903.0,914.0,108500
2022-04-11,724.65673828125,899.0,910.0,893.0,906.0,156700
2022-04-12,722.2385864257812,896.0,905.0,895.0,898.0,93500
2022-04-13,724.65673828125,899.0,902.0,892.0,901.0,83400
2022-04-14,729.4931640625,905.0,907.0,897.0,900.0,69200
2022-04-15,727.8810424804688,903.0,906.0,897.0,904.0,49400
2022-04-18,724.65673828125,899.0,900.0,889.0,898.0,103900
2022-04-19,731.9113159179688,908.0,909.0,900.0,901.0,63200
2022-04-20,730.2991943359375,906.0,915.0,901.0,915.0,71000
2022-04-21,739.166015625,917.0,918.0,902.0,906.0,89100
2022-04-22,735.1355590820312,912.0,915.0,904.0,905.0,102900
2022-04-25,721.432373046875,895.0,905.0,895.0,905.0,98500
2022-04-26,723.8507080078125,898.0,903.0,893.0,900.0,84500
2022-04-27,714.98388671875,887.0,891.0,885.0,890.0,129400
2022-04-28,733.5233764648438,910.0,910.0,895.0,899.0,118700
2022-05-02,737.5538940429688,915.0,915.0,909.0,915.0,58800
2022-05-06,749.6448364257812,930.0,930.0,913.0,917.0,108000
2022-05-09,738.3599243164062,916.0,925.0,913.0,915.0,83000
2022-05-10,738.3599243164062,916.0,918.0,902.0,908.0,79100
2022-05-11,729.4931640625,905.0,911.0,900.0,900.0,67500
2022-05-12,726.2688598632812,901.0,916.0,896.0,900.0,135800
2022-05-13,822.1911010742188,1020.0,1022.0,955.0,970.0,913900
2022-05-16,814.9365234375,1011.0,1030.0,1006.0,1023.0,425800
2022-05-17,849.5975341796875,1054.0,1056.0,1010.0,1011.0,335500
2022-05-18,854.4340209960938,1060.0,1076.0,1055.0,1064.0,292400
2022-05-19,868.943115234375,1078.0,1079.0,1036.0,1039.0,249500
2022-05-20,881.84033203125,1094.0,1095.0,1061.0,1076.0,212500
2022-05-23,866.5250244140625,1075.0,1098.0,1066.0,1098.0,162100
2022-05-24,866.5250244140625,1075.0,1093.0,1072.0,1079.0,125900
2022-05-25,851.209716796875,1056.0,1075.0,1053.0,1071.0,172100
2022-05-26,850.4036254882812,1055.0,1063.0,1044.0,1050.0,131900
2022-05-27,868.943115234375,1078.0,1082.0,1066.0,1075.0,121800
2022-05-30,878.6160888671875,1090.0,1095.0,1081.0,1091.0,160200
2022-05-31,881.84033203125,1094.0,1107.0,1086.0,1090.0,150100
2022-06-01,892.3192749023438,1107.0,1120.0,1093.0,1095.0,148600
2022-06-02,890.7070922851562,1105.0,1110.0,1093.0,1105.0,96300
2022-06-03,887.4827880859375,1101.0,1117.0,1100.0,1110.0,69300
2022-06-06,890.7070922851562,1105.0,1108.0,1091.0,1098.0,57300
2022-06-07,901.18603515625,1118.0,1123.0,1104.0,1105.0,91100
2022-06-08,903.6041870117188,1121.0,1126.0,1113.0,1119.0,68500
2022-06-09,895.5435180664062,1111.0,1130.0,1111.0,1121.0,83600
2022-06-10,885.064697265625,1098.0,1110.0,1094.0,1103.0,85400
2022-06-13,884.2586059570312,1097.0,1106.0,1085.0,1085.0,78900
2022-06-14,881.84033203125,1094.0,1098.0,1085.0,1085.0,69500
2022-06-15,873.7796630859375,1084.0,1101.0,1084.0,1093.0,72100
2022-06-16,876.1979370117188,1087.0,1106.0,1084.0,1084.0,52900
2022-06-17,850.4036254882812,1055.0,1071.0,1052.0,1068.0,143200
2022-06-20,829.44580078125,1029.0,1067.0,1023.0,1065.0,118600
2022-06-21,839.1185913085938,1041.0,1051.0,1031.0,1047.0,238100
2022-06-22,825.4154052734375,1024.0,1052.0,1024.0,1048.0,90700
2022-06-23,811.7122802734375,1007.0,1026.0,1002.0,1018.0,76600
2022-06-24,829.44580078125,1029.0,1029.0,1002.0,1013.0,140600
2022-06-27,824.6094360351562,1023.0,1037.0,1017.0,1037.0,62600
2022-06-28,825.4154052734375,1024.0,1024.0,1011.0,1018.0,68000
2022-06-29,819.7730102539062,1017.0,1037.0,1010.0,1028.0,283300
2022-06-30,806.06982421875,1000.0,1017.0,999.0,1017.0,67900
2022-07-01,797.2030029296875,989.0,1020.0,983.0,1000.0,227400
2022-07-04,806.06982421875,1000.0,1006.0,996.0,1003.0,54300
2022-07-05,805.2637329101562,999.0,1008.0,997.0,1000.0,55100
2022-07-06,802.8453979492188,996.0,1002.0,989.0,999.0,162300
2022-07-07,807.6819458007812,1002.0,1007.0,990.0,998.0,71500
2022-07-08,806.06982421875,1000.0,1014.0,996.0,1005.0,81500
2022-07-11,816.5486450195312,1013.0,1017.0,1007.0,1014.0,77100
2022-07-12,806.06982421875,1000.0,1013.0,994.0,1013.0,70700
2022-07-13,804.4575805664062,998.0,1004.0,996.0,1001.0,48400
2022-07-14,808.488037109375,1003.0,1004.0,995.0,996.0,44500
2022-07-15,806.06982421875,1000.0,1013.0,998.0,1013.0,59600
2022-07-19,812.5183715820312,1008.0,1010.0,1002.0,1009.0,31000
2022-07-20,823.8032836914062,1022.0,1022.0,1015.0,1015.0,77500
2022-07-21,817.3547973632812,1014.0,1016.0,1006.0,1014.0,57400
2022-07-22,814.1304931640625,1010.0,1019.0,1010.0,1014.0,49300
2022-07-25,820.5790405273438,1018.0,1019.0,1010.0,1019.0,75400
2022-07-26,833.4761962890625,1034.0,1035.0,1018.0,1018.0,72000
2022-07-27,838.3125610351562,1040.0,1043.0,1031.0,1039.0,58600
2022-07-28,846.3732299804688,1050.0,1053.0,1039.0,1045.0,102900
2022-07-29,848.7914428710938,1053.0,1061.0,1045.0,1060.0,109100
2022-08-01,860.0764770507812,1067.0,1068.0,1059.0,1063.0,80900
2022-08-02,847.9854125976562,1052.0,1069.0,1047.0,1066.0,116600
2022-08-03,851.209716796875,1056.0,1058.0,1047.0,1053.0,85200
2022-08-04,848.7914428710938,1053.0,1059.0,1050.0,1059.0,153000
2022-08-05,980.9869384765625,1217.0,1244.0,1156.0,1173.0,1182600
2022-08-08,976.9566040039062,1212.0,1236.0,1196.0,1227.0,330900
2022-08-09,980.180908203125,1216.0,1233.0,1212.0,1212.0,167800
2022-08-10,981.7930908203125,1218.0,1227.0,1211.0,1218.0,113800
2022-08-12,989.8536376953125,1228.0,1236.0,1221.0,1225.0,120600
2022-08-15,997.1082153320312,1237.0,1253.0,1234.0,1245.0,104000
2022-08-16,1005.9750366210938,1248.0,1257.0,1235.0,1250.0,129200
2022-08-17,1011.6177368164062,1255.0,1270.0,1252.0,1255.0,131900
2022-08-18,1027.7388916015625,1275.0,1275.0,1246.0,1251.0,143300
2022-08-19,1038.2178955078125,1288.0,1300.0,1278.0,1286.0,159300
2022-08-22,1030.963134765625,1279.0,1284.0,1263.0,1275.0,140600
2022-08-23,1038.2178955078125,1288.0,1297.0,1274.0,1280.0,88300
2022-08-24,1038.2178955078125,1288.0,1296.0,1283.0,1284.0,59400
2022-08-25,1032.5753173828125,1281.0,1294.0,1280.0,1294.0,97300
2022-08-26,1054.33935546875,1308.0,1308.0,1288.0,1294.0,189300
2022-08-29,1054.33935546875,1308.0,1315.0,1271.0,1271.0,173500
2022-08-30,1080.133544921875,1340.0,1343.0,1316.0,1316.0,146700
2022-08-31,1073.6849365234375,1332.0,1349.0,1328.0,1334.0,127600
2022-09-01,1057.5635986328125,1312.0,1332.0,1309.0,1325.0,120800
2022-09-02,1046.2784423828125,1298.0,1312.0,1286.0,1308.0,218300
2022-09-05,1049.5028076171875,1302.0,1310.0,1282.0,1295.0,128600
2022-09-06,1046.2784423828125,1298.0,1314.0,1294.0,1308.0,127300
2022-09-07,1047.0848388671875,1299.0,1300.0,1285.0,1294.0,87300
2022-09-08,1059.1756591796875,1314.0,1323.0,1303.0,1315.0,106600
2022-09-09,1069.654541015625,1327.0,1332.0,1310.0,1310.0,118100
2022-09-12,1091.41845703125,1354.0,1363.0,1342.0,1348.0,184100
2022-09-13,1083.3577880859375,1344.0,1360.0,1343.0,1357.0,89400
2022-09-14,1080.9395751953125,1341.0,1351.0,1332.0,1338.0,102100
2022-09-15,1079.3272705078125,1339.0,1345.0,1333.0,1341.0,68200
2022-09-16,1052.7271728515625,1306.0,1344.0,1306.0,1339.0,134500
2022-09-20,1065.624267578125,1322.0,1338.0,1311.0,1321.0,118400
2022-09-21,1047.8907470703125,1300.0,1318.0,1296.0,1317.0,180100
2022-09-22,1064.8182373046875,1321.0,1328.0,1294.0,1296.0,138300
2022-09-26,1025.32080078125,1272.0,1315.0,1272.0,1310.0,290100
2022-09-27,1045.4725341796875,1297.0,1304.0,1283.0,1283.0,168700
2022-09-28,1012.4235229492188,1256.0,1292.0,1242.0,1291.0,284700
2022-09-29,1006.7810668945312,1249.0,1276.0,1236.0,1266.0,212700
2022-09-30,989.8536376953125,1228.0,1243.0,1215.0,1236.0,155600
2022-10-03,1005.1690673828125,1247.0,1253.0,1218.0,1218.0,143700
2022-10-04,1033.3814697265625,1282.0,1289.0,1269.0,1275.0,122900
2022-10-05,1026.1268310546875,1273.0,1297.0,1270.0,1290.0,76200
2022-10-06,1033.3814697265625,1282.0,1285.0,1273.0,1275.0,108000
2022-10-07,1031.7694091796875,1280.0,1292.0,1264.0,1270.0,97200
2022-10-11,1023.7086791992188,1270.0,1285.0,1265.0,1274.0,130600
2022-10-12,1011.6177368164062,1255.0,1276.0,1252.0,1267.0,96000
2022-10-13,1001.94482421875,1243.0,1257.0,1243.0,1250.0,87800
2022-10-14,1025.32080078125,1272.0,1284.0,1263.0,1278.0,99100
2022-10-17,1026.1268310546875,1273.0,1279.0,1262.0,1270.0,129100
2022-10-18,1029.35107421875,1277.0,1281.0,1268.0,1276.0,63700
2022-10-19,1033.3814697265625,1282.0,1284.0,1274.0,1277.0,63800
2022-10-20,1029.35107421875,1277.0,1285.0,1275.0,1278.0,105300
2022-10-21,1020.484375,1266.0,1281.0,1266.0,1274.0,78000
2022-10-24,1010.0055541992188,1253.0,1279.0,1253.0,1277.0,117800
2022-10-25,1017.260009765625,1262.0,1272.0,1259.0,1262.0,114400
2022-10-26,1007.5872802734375,1250.0,1264.0,1250.0,1262.0,174500
2022-10-27,1002.7507934570312,1244.0,1252.0,1237.0,1252.0,189900
2022-10-28,1001.138671875,1242.0,1256.0,1236.0,1245.0,269600
2022-10-31,1013.229736328125,1257.0,1264.0,1247.0,1248.0,100100
2022-11-01,1018.8721313476562,1264.0,1279.0,1259.0,1264.0,135400
2022-11-02,1018.8721313476562,1264.0,1276.0,1260.0,1261.0,103800
2022-11-04,1026.1268310546875,1273.0,1276.0,1262.0,1264.0,153100
2022-11-07,981.7930908203125,1218.0,1241.0,1157.0,1183.0,1245200
2022-11-08,976.9566040039062,1212.0,1237.0,1208.0,1213.0,307000
2022-11-09,996.3023681640625,1236.0,1237.0,1215.0,1217.0,170500
2022-11-10,1003.5568237304688,1245.0,1245.0,1221.0,1225.0,148700
2022-11-11,1001.138671875,1242.0,1257.0,1237.0,1257.0,133200
2022-11-14,983.4051513671875,1220.0,1247.0,1219.0,1246.0,210500
2022-11-15,995.49609375,1235.0,1236.0,1212.0,1214.0,83900
2022-11-16,1005.9750366210938,1248.0,1254.0,1224.0,1240.0,127200
2022-11-17,1022.0964965820312,1268.0,1270.0,1254.0,1258.0,113300
2022-11-18,1017.260009765625,1262.0,1274.0,1260.0,1271.0,103100
2022-11-21,1033.3814697265625,1282.0,1282.0,1262.0,1269.0,107600
2022-11-22,1048.69677734375,1301.0,1310.0,1282.0,1284.0,156600
2022-11-24,1054.33935546875,1308.0,1323.0,1303.0,1310.0,185600
2022-11-25,1055.951416015625,1310.0,1314.0,1299.0,1306.0,186100
2022-11-28,1054.33935546875,1308.0,1315.0,1301.0,1310.0,261800
2022-11-29,1043.05419921875,1294.0,1309.0,1291.0,1308.0,151400
2022-11-30,1034.99365234375,1284.0,1294.0,1282.0,1290.0,118000
2022-12-01,1037.411865234375,1287.0,1304.0,1284.0,1303.0,109900
2022-12-02,1026.9329833984375,1274.0,1285.0,1263.0,1285.0,202100
2022-12-05,1027.7388916015625,1275.0,1279.0,1268.0,1277.0,92400
2022-12-06,1036.6055908203125,1286.0,1286.0,1265.0,1270.0,104600
2022-12-07,1040.6361083984375,1291.0,1302.0,1279.0,1279.0,137900
2022-12-08,1045.4725341796875,1297.0,1303.0,1281.0,1300.0,112000
2022-12-09,1043.8604736328125,1295.0,1307.0,1293.0,1293.0,196500
2022-12-12,1061.5938720703125,1317.0,1317.0,1297.0,1299.0,137500
2022-12-13,1057.5635986328125,1312.0,1324.0,1304.0,1320.0,117400
2022-12-14,1078.521484375,1338.0,1338.0,1313.0,1315.0,225900
2022-12-15,1079.3272705078125,1339.0,1343.0,1328.0,1337.0,182000
2022-12-16,1056.7574462890625,1311.0,1330.0,1310.0,1320.0,144700
2022-12-19,1054.33935546875,1308.0,1318.0,1306.0,1310.0,148500
2022-12-20,1042.2481689453125,1293.0,1323.0,1283.0,1308.0,285700
2022-12-21,1027.7388916015625,1275.0,1296.0,1275.0,1289.0,199600
2022-12-22,1040.6361083984375,1291.0,1296.0,1279.0,1283.0,116300
2022-12-23,1046.2784423828125,1298.0,1303.0,1285.0,1290.0,144900
2022-12-26,1032.5753173828125,1281.0,1301.0,1271.0,1300.0,221600
2022-12-27,1035.7996826171875,1285.0,1296.0,1279.0,1289.0,82000
2022-12-28,1038.2178955078125,1288.0,1290.0,1277.0,1289.0,114300
2022-12-29,1047.0848388671875,1299.0,1301.0,1275.0,1283.0,149600
2022-12-30,1047.0848388671875,1299.0,1311.0,1297.0,1308.0,130100
2023-01-04,1027.7388916015625,1275.0,1290.0,1273.0,1289.0,175400
2023-01-05,1026.1268310546875,1273.0,1281.0,1270.0,1275.0,135600
2023-01-06,1035.7996826171875,1285.0,1296.0,1269.0,1270.0,168500
2023-01-10,1043.8604736328125,1295.0,1302.0,1287.0,1290.0,118400
2023-01-11,1048.69677734375,1301.0,1308.0,1296.0,1300.0,197100
2023-01-12,1047.0848388671875,1299.0,1307.0,1295.0,1305.0,65100
2023-01-13,1047.0848388671875,1299.0,1308.0,1296.0,1300.0,111700
2023-01-16,1046.2784423828125,1298.0,1305.0,1293.0,1298.0,140700
2023-01-17,1059.9818115234375,1315.0,1317.0,1298.0,1298.0,141000
2023-01-18,1069.654541015625,1327.0,1338.0,1316.0,1319.0,192100
2023-01-19,1083.3577880859375,1344.0,1347.0,1327.0,1327.0,194000
2023-01-20,1089.806396484375,1352.0,1355.0,1340.0,1344.0,142100
2023-01-23,1085.77587890625,1347.0,1362.0,1343.0,1359.0,143300
2023-01-24,1109.15185546875,1376.0,1376.0,1354.0,1354.0,168100
2023-01-25,1115.6005859375,1384.0,1386.0,1370.0,1375.0,123800
2023-01-26,1111.5701904296875,1379.0,1388.0,1370.0,1384.0,236100
2023-01-27,1115.6005859375,1384.0,1390.0,1379.0,1382.0,119900
2023-01-30,1119.6309814453125,1389.0,1392.0,1379.0,1384.0,125200
2023-01-31,1130.10986328125,1402.0,1414.0,1386.0,1389.0,267300
2023-02-01,1128.4976806640625,1400.0,1407.0,1395.0,1402.0,139800
2023-02-02,1118.8248291015625,1388.0,1399.0,1385.0,1395.0,94700
2023-02-03,1124.46728515625,1395.0,1395.0,1382.0,1392.0,110600
2023-02-06,1126.0794677734375,1397.0,1409.0,1395.0,1405.0,117400
2023-02-07,1125.2734375,1396.0,1401.0,1392.0,1395.0,113100
2023-02-08,1128.4976806640625,1400.0,1405.0,1395.0,1401.0,200500
2023-02-09,1129.3037109375,1401.0,1407.0,1397.0,1398.0,230200
2023-02-10,1095.448974609375,1359.0,1373.0,1325.0,1350.0,604000
2023-02-13,1107.5399169921875,1374.0,1390.0,1363.0,1372.0,313000
2023-02-14,1127.6915283203125,1399.0,1399.0,1384.0,1386.0,174200
2023-02-15,1126.885498046875,1398.0,1408.0,1394.0,1401.0,248900
2023-02-16,1134.1402587890625,1407.0,1409.0,1396.0,1402.0,182900
2023-02-17,1128.4976806640625,1400.0,1424.0,1398.0,1403.0,303600
2023-02-20,1128.4976806640625,1400.0,1406.0,1387.0,1400.0,295700
2023-02-21,1120.43701171875,1390.0,1400.0,1385.0,1400.0,333300
2023-02-22,1125.2734375,1396.0,1398.0,1388.0,1397.0,246000
2023-02-24,1129.3037109375,1401.0,1408.0,1393.0,1407.0,266100
2023-02-27,1145.4251708984375,1421.0,1438.0,1402.0,1405.0,511800
2023-02-28,1128.4976806640625,1400.0,1425.0,1395.0,1421.0,625200
2023-03-01,1125.2734375,1396.0,1401.0,1385.0,1400.0,315900
2023-03-02,1127.6915283203125,1399.0,1406.0,1395.0,1404.0,266400
2023-03-03,1128.4976806640625,1400.0,1407.0,1394.0,1400.0,288100
2023-03-06,1134.1402587890625,1407.0,1409.0,1394.0,1403.0,367300
2023-03-07,1127.6915283203125,1399.0,1405.0,1395.0,1404.0,495600
2023-03-08,1110.76416015625,1378.0,1401.0,1377.0,1400.0,734700
2023-03-09,1129.3037109375,1401.0,1404.0,1380.0,1382.0,494500
2023-03-10,1114.79443359375,1383.0,1400.0,1383.0,1392.0,377700
2023-03-13,1101.09130859375,1366.0,1374.0,1354.0,1374.0,352700
2023-03-14,1068.8486328125,1326.0,1350.0,1319.0,1350.0,844500
2023-03-15,1082.5516357421875,1343.0,1353.0,1335.0,1348.0,349400
2023-03-16,1051.9210205078125,1305.0,1322.0,1298.0,1313.0,511400
2023-03-17,1031.7694091796875,1280.0,1315.0,1280.0,1309.0,1219200
2023-03-20,1027.7388916015625,1275.0,1292.0,1271.0,1283.0,437700
2023-03-22,1051.114990234375,1304.0,1312.0,1291.0,1292.0,320500
2023-03-23,1067.2364501953125,1324.0,1325.0,1288.0,1303.0,425300
2023-03-24,1080.133544921875,1340.0,1344.0,1315.0,1322.0,405000
2023-03-27,1076.909423828125,1336.0,1354.0,1331.0,1353.0,399600
2023-03-28,1074.4910888671875,1333.0,1345.0,1331.0,1343.0,397300
2023-03-29,1084.9698486328125,1346.0,1353.0,1330.0,1335.0,951500
2023-03-30,1089.2890625,1261.0,1271.0,1241.0,1250.0,702600
2023-03-31,1083.2423095703125,1254.0,1271.0,1251.0,1261.0,371300
2023-04-03,1081.5146484375,1252.0,1267.0,1247.0,1267.0,370500
2023-04-04,1082.37841796875,1253.0,1267.0,1249.0,1250.0,274800
2023-04-05,1059.0550537109375,1226.0,1245.0,1224.0,1245.0,306900
2023-04-06,1040.05078125,1204.0,1219.0,1201.0,1217.0,253300
2023-04-07,1037.4593505859375,1201.0,1210.0,1199.0,1204.0,177500
2023-04-10,1034.00390625,1197.0,1210.0,1194.0,1205.0,206600
2023-04-11,1047.8253173828125,1213.0,1213.0,1199.0,1205.0,187700
2023-04-12,1053.00830078125,1219.0,1223.0,1212.0,1218.0,201000
2023-04-13,1053.00830078125,1219.0,1219.0,1205.0,1214.0,196500
2023-04-14,1053.8720703125,1220.0,1223.0,1213.0,1220.0,198000
2023-04-17,1065.101806640625,1233.0,1235.0,1224.0,1226.0,124200
2023-04-18,1077.1953125,1247.0,1253.0,1238.0,1241.0,197000
2023-04-19,1073.740234375,1243.0,1259.0,1239.0,1255.0,191600
2023-04-20,1079.786865234375,1250.0,1251.0,1237.0,1242.0,145300
2023-04-21,1072.012451171875,1241.0,1253.0,1240.0,1250.0,160300
2023-04-24,1072.012451171875,1241.0,1250.0,1241.0,1250.0,93500
2023-04-25,1071.148681640625,1240.0,1259.0,1238.0,1252.0,114300
2023-04-26,1061.646484375,1229.0,1244.0,1226.0,1243.0,164700
2023-04-27,1067.693359375,1236.0,1236.0,1227.0,1228.0,104000
2023-04-28,1078.923095703125,1249.0,1252.0,1244.0,1248.0,160900
2023-05-01,1079.786865234375,1250.0,1254.0,1247.0,1251.0,190600
2023-05-02,1091.0167236328125,1263.0,1265.0,1253.0,1255.0,191300
2023-05-08,1098.791259765625,1272.0,1277.0,1267.0,1267.0,161500
2023-05-09,1096.19970703125,1269.0,1277.0,1264.0,1273.0,172400
2023-05-10,1109.1572265625,1284.0,1289.0,1271.0,1274.0,182700
2023-05-11,1099.6549072265625,1273.0,1282.0,1270.0,1280.0,149800
2023-05-12,1086.6976318359375,1258.0,1273.0,1256.0,1273.0,163300
2023-05-15,941.57421875,1090.0,1132.0,1090.0,1121.0,914200
2023-05-16,956.2593383789062,1107.0,1108.0,1086.0,1098.0,362700
2023-05-17,960.5784301757812,1112.0,1115.0,1094.0,1107.0,278200
2023-05-18,952.803955078125,1103.0,1122.0,1095.0,1115.0,266600
2023-05-19,952.803955078125,1103.0,1115.0,1100.0,1109.0,181300
2023-05-22,948.4848022460938,1098.0,1102.0,1090.0,1098.0,279000
2023-05-23,944.165771484375,1093.0,1100.0,1091.0,1094.0,294700
2023-05-24,956.2593383789062,1107.0,1108.0,1092.0,1093.0,269600
2023-05-25,956.2593383789062,1107.0,1114.0,1102.0,1102.0,182900
2023-05-26,955.3955078125,1106.0,1119.0,1106.0,1114.0,197300
2023-05-29,957.1231079101562,1108.0,1119.0,1106.0,1115.0,167900
2023-05-30,958.8507690429688,1110.0,1115.0,1105.0,1108.0,169700
2023-05-31,931.2083129882812,1078.0,1108.0,1078.0,1106.0,225300
2023-06-01,922.5700073242188,1068.0,1082.0,1067.0,1080.0,132500
2023-06-02,932.0720825195312,1079.0,1079.0,1058.0,1067.0,179400
2023-06-05,938.1188354492188,1086.0,1094.0,1082.0,1093.0,140600
2023-06-06,932.0720825195312,1079.0,1081.0,1068.0,1080.0,198100
2023-06-07,926.0252685546875,1072.0,1092.0,1070.0,1090.0,206600
2023-06-08,930.3444213867188,1077.0,1098.0,1076.0,1098.0,158400
2023-06-09,932.9359741210938,1080.0,1084.0,1075.0,1078.0,179900
2023-06-12,945.893310546875,1095.0,1098.0,1086.0,1090.0,162500
2023-06-13,956.2593383789062,1107.0,1112.0,1094.0,1095.0,190700
2023-06-14,957.1231079101562,1108.0,1114.0,1108.0,1112.0,130400
2023-06-15,957.1231079101562,1108.0,1113.0,1106.0,1107.0,114000
2023-06-16,968.3529663085938,1121.0,1121.0,1103.0,1109.0,252100
2023-06-19,964.03369140625,1116.0,1123.0,1110.0,1123.0,113600
2023-06-20,965.761474609375,1118.0,1119.0,1110.0,1116.0,73200
2023-06-21,966.6253051757812,1119.0,1125.0,1113.0,1117.0,95000
2023-06-22,962.3060913085938,1114.0,1127.0,1114.0,1125.0,209600
2023-06-23,956.2593383789062,1107.0,1121.0,1102.0,1116.0,121400
2023-06-26,950.2124633789062,1100.0,1108.0,1096.0,1100.0,132300
2023-06-27,945.029541015625,1094.0,1102.0,1088.0,1102.0,106400
2023-06-28,957.9869384765625,1109.0,1109.0,1098.0,1100.0,81400
2023-06-29,956.2593383789062,1107.0,1114.0,1102.0,1111.0,130600
2023-06-30,958.8507690429688,1110.0,1110.0,1098.0,1107.0,105400
2023-07-03,967.4891357421875,1120.0,1125.0,1115.0,1115.0,123600
2023-07-04,972.6719970703125,1126.0,1128.0,1118.0,1120.0,154600
2023-07-05,970.0805053710938,1123.0,1129.0,1116.0,1129.0,92600
2023-07-06,959.714599609375,1111.0,1121.0,1111.0,1121.0,88800
2023-07-07,955.3955078125,1106.0,1116.0,1101.0,1110.0,95500
2023-07-10,953.667724609375,1104.0,1114.0,1103.0,1111.0,134500
2023-07-11,944.165771484375,1093.0,1111.0,1093.0,1110.0,129500
2023-07-12,940.7103271484375,1089.0,1100.0,1087.0,1100.0,106000
2023-07-13,932.9359741210938,1080.0,1088.0,1074.0,1088.0,129300
2023-07-14,930.3444213867188,1077.0,1082.0,1066.0,1081.0,135500
2023-07-18,938.982666015625,1087.0,1087.0,1077.0,1077.0,94500
2023-07-19,946.7572021484375,1096.0,1096.0,1087.0,1091.0,98200
2023-07-20,937.2550659179688,1085.0,1094.0,1082.0,1093.0,150500
2023-07-21,935.5274047851562,1083.0,1089.0,1075.0,1087.0,130900
2023-07-24,938.1188354492188,1086.0,1090.0,1083.0,1086.0,76400
2023-07-25,934.66357421875,1082.0,1091.0,1078.0,1091.0,78300
2023-07-26,934.66357421875,1082.0,1086.0,1074.0,1082.0,100900
2023-07-27,933.7998046875,1081.0,1082.0,1072.0,1080.0,108500
2023-07-28,932.9359741210938,1080.0,1080.0,1070.0,1075.0,234100
2023-07-31,938.982666015625,1087.0,1087.0,1076.0,1085.0,187600
2023-08-01,937.2550659179688,1085.0,1089.0,1080.0,1088.0,122700
2023-08-02,924.297607421875,1070.0,1086.0,1070.0,1082.0,221000
2023-08-03,903.5657348632812,1046.0,1070.0,1045.0,1070.0,347500
2023-08-04,872.4678344726562,1010.0,1020.0,995.0,1020.0,497600
2023-08-07,866.4210205078125,1003.0,1007.0,997.0,1005.0,278400
2023-08-08,872.4678344726562,1010.0,1022.0,1007.0,1007.0,121000
2023-08-09,869.8762817382812,1007.0,1011.0,1001.0,1009.0,117900
2023-08-10,877.6508178710938,1016.0,1017.0,997.0,1007.0,159900
2023-08-14,871.60400390625,1009.0,1020.0,1009.0,1018.0,109900
2023-08-15,868.148681640625,1005.0,1011.0,1000.0,1009.0,104300
2023-08-16,863.8295288085938,1000.0,1007.0,999.0,1005.0,88300
2023-08-17,874.1954956054688,1012.0,1012.0,995.0,1000.0,227100
2023-08-18,874.1954956054688,1012.0,1016.0,1007.0,1011.0,98300
2023-08-21,868.148681640625,1005.0,1012.0,1004.0,1012.0,108300
2023-08-22,868.148681640625,1005.0,1010.0,1002.0,1010.0,77900
2023-08-23,877.6508178710938,1016.0,1016.0,1003.0,1003.0,90000
2023-08-24,881.106201171875,1020.0,1022.0,1013.0,1018.0,99400
2023-08-25,879.37841796875,1018.0,1024.0,1011.0,1016.0,65100
2023-08-28,883.6976318359375,1023.0,1026.0,1019.0,1025.0,84100
2023-08-29,882.8338012695312,1022.0,1025.0,1018.0,1025.0,96700
2023-08-30,884.5615234375,1024.0,1029.0,1022.0,1028.0,114400
2023-08-31,881.9700927734375,1021.0,1027.0,1021.0,1025.0,85900
2023-09-01,887.1529541015625,1027.0,1028.0,1020.0,1025.0,84700
2023-09-04,895.791259765625,1037.0,1037.0,1026.0,1028.0,139900
2023-09-05,911.3402709960938,1055.0,1055.0,1039.0,1040.0,146700
2023-09-06,917.3870239257812,1062.0,1065.0,1056.0,1059.0,152900
2023-09-07,912.2039794921875,1056.0,1062.0,1053.0,1059.0,187300
2023-09-08,910.476318359375,1054.0,1055.0,1046.0,1050.0,166800
2023-09-11,907.8848876953125,1051.0,1059.0,1048.0,1056.0,225600
2023-09-12,913.9317016601562,1058.0,1059.0,1048.0,1055.0,168400
2023-09-13,911.3402709960938,1055.0,1058.0,1052.0,1055.0,148800
2023-09-14,912.2039794921875,1056.0,1059.0,1050.0,1055.0,168200
2023-09-15,920.8423461914062,1066.0,1071.0,1058.0,1060.0,219200
2023-09-19,932.0720825195312,1079.0,1079.0,1063.0,1065.0,211200
2023-09-20,919.978515625,1065.0,1082.0,1065.0,1080.0,220200
2023-09-21,920.8423461914062,1066.0,1075.0,1062.0,1064.0,185200
2023-09-22,926.8890991210938,1073.0,1075.0,1061.0,1062.0,188500
2023-09-25,933.7998046875,1081.0,1082.0,1073.0,1073.0,177400
2023-09-26,930.3444213867188,1077.0,1083.0,1069.0,1082.0,160300
2023-09-27,952.803955078125,1103.0,1103.0,1074.0,1077.0,604400
2023-09-28,942.2466430664062,1071.0,1085.0,1070.0,1078.0,315200
2023-09-29,932.5690307617188,1060.0,1073.0,1055.0,1070.0,226200
2023-10-02,943.1264038085938,1072.0,1083.0,1061.0,1062.0,179500
2023-10-03,922.0116577148438,1048.0,1071.0,1048.0,1071.0,196700
2023-10-04,910.5745239257812,1035.0,1056.0,1029.0,1040.0,340500
2023-10-05,932.5690307617188,1060.0,1061.0,1040.0,1040.0,187700
2023-10-06,936.9679565429688,1065.0,1070.0,1053.0,1060.0,152700
2023-10-10,957.202880859375,1088.0,1094.0,1080.0,1080.0,217100
2023-10-11,947.5253295898438,1077.0,1088.0,1075.0,1088.0,88400
2023-10-12,948.4051513671875,1078.0,1085.0,1074.0,1085.0,78600
2023-10-13,939.6073608398438,1068.0,1084.0,1068.0,1080.0,86900
2023-10-16,952.8040161132812,1083.0,1088.0,1061.0,1068.0,149400
2023-10-17,945.7657470703125,1075.0,1084.0,1071.0,1077.0,124200
2023-10-18,955.4434204101562,1086.0,1088.0,1076.0,1079.0,98600
2023-10-19,941.3668212890625,1070.0,1082.0,1069.0,1080.0,80400
2023-10-20,943.1264038085938,1072.0,1078.0,1064.0,1068.0,69600
2023-10-23,935.2083740234375,1063.0,1075.0,1061.0,1074.0,73900
2023-10-24,935.2083740234375,1063.0,1067.0,1041.0,1066.0,187600
2023-10-25,938.7276000976562,1067.0,1077.0,1066.0,1070.0,72800
2023-10-26,926.4105224609375,1053.0,1069.0,1051.0,1057.0,81000
2023-10-27,940.487060546875,1069.0,1070.0,1061.0,1065.0,97600
2023-10-30,929.9296875,1057.0,1070.0,1055.0,1070.0,282700
2023-10-31,936.9679565429688,1065.0,1065.0,1048.0,1050.0,124500
2023-11-01,947.5253295898438,1077.0,1081.0,1069.0,1072.0,165700
2023-11-02,955.4434204101562,1086.0,1086.0,1078.0,1081.0,107700
2023-11-06,957.202880859375,1088.0,1093.0,1082.0,1090.0,137400
2023-11-07,957.202880859375,1088.0,1096.0,1083.0,1089.0,100700
2023-11-08,952.8040161132812,1083.0,1088.0,1072.0,1083.0,95800
2023-11-09,961.6019287109375,1093.0,1093.0,1079.0,1080.0,95400
2023-11-10,918.4924926757812,1044.0,1054.0,1003.0,1003.0,252500
2023-11-13,913.2138061523438,1038.0,1051.0,1032.0,1037.0,98000
2023-11-14,922.0116577148438,1048.0,1055.0,1038.0,1040.0,98800
2023-11-15,917.6127319335938,1043.0,1052.0,1037.0,1048.0,116300
2023-11-16,915.853271484375,1041.0,1051.0,1039.0,1044.0,56300
2023-11-17,936.0880737304688,1064.0,1064.0,1044.0,1044.0,72700
2023-11-20,922.0116577148438,1048.0,1068.0,1046.0,1064.0,101500
2023-11-21,929.9296875,1057.0,1058.0,1045.0,1047.0,94400
2023-11-22,944.8859252929688,1074.0,1075.0,1056.0,1057.0,104400
2023-11-24,948.4051513671875,1078.0,1089.0,1076.0,1079.0,105700
2023-11-27,950.1646728515625,1080.0,1086.0,1076.0,1084.0,57200
2023-11-28,953.683837890625,1084.0,1085.0,1077.0,1081.0,73000
2023-11-29,960.72216796875,1092.0,1092.0,1080.0,1085.0,97900
2023-11-30,963.3613891601562,1095.0,1096.0,1085.0,1092.0,96100
2023-12-01,969.5198974609375,1102.0,1113.0,1096.0,1099.0,176000
2023-12-04,966.8805541992188,1099.0,1109.0,1093.0,1103.0,80100
2023-12-05,952.8040161132812,1083.0,1105.0,1083.0,1099.0,86700
2023-12-06,963.3613891601562,1095.0,1104.0,1087.0,1087.0,72800
2023-12-07,951.0444946289062,1081.0,1088.0,1080.0,1085.0,63300
2023-12-08,937.8477783203125,1066.0,1078.0,1062.0,1075.0,112600
2023-12-11,939.6073608398438,1068.0,1080.0,1067.0,1080.0,63200
2023-12-12,932.5690307617188,1060.0,1076.0,1060.0,1076.0,82200
2023-12-13,936.0880737304688,1064.0,1066.0,1051.0,1062.0,123100
2023-12-14,925.53076171875,1052.0,1069.0,1046.0,1067.0,113300
2023-12-15,928.170166015625,1055.0,1061.0,1051.0,1051.0,109000
2023-12-18,907.9351806640625,1032.0,1043.0,1023.0,1042.0,135900
2023-12-19,910.5745239257812,1035.0,1042.0,1027.0,1038.0,121100
2023-12-20,907.0553588867188,1031.0,1041.0,1029.0,1035.0,111800
2023-12-21,900.8969116210938,1024.0,1030.0,1020.0,1029.0,93600
2023-12-22,901.7766723632812,1025.0,1033.0,1020.0,1033.0,160800
2023-12-25,898.257568359375,1021.0,1032.0,1020.0,1030.0,99300
2023-12-26,897.3777465820312,1020.0,1025.0,1017.0,1020.0,117400
2023-12-27,912.3340454101562,1037.0,1037.0,1020.0,1020.0,192600
2023-12-28,920.2520751953125,1046.0,1047.0,1033.0,1033.0,72800
2023-12-29,923.7713012695312,1050.0,1055.0,1043.0,1050.0,77900
2024-01-04,930.8095092773438,1058.0,1058.0,1036.0,1050.0,109900
2024-01-05,933.4488525390625,1061.0,1063.0,1057.0,1061.0,66600
2024-01-09,944.0061645507812,1073.0,1075.0,1065.0,1065.0,90400
2024-01-10,951.0444946289062,1081.0,1086.0,1074.0,1075.0,80100
2024-01-11,954.5635986328125,1085.0,1091.0,1082.0,1089.0,94500
2024-01-12,951.0444946289062,1081.0,1090.0,1074.0,1085.0,115600
2024-01-15,953.683837890625,1084.0,1084.0,1078.0,1079.0,10900
2024-01-16,951.0444946289062,1081.0,1087.0,1078.0,1087.0,69600
2024-01-17,939.6073608398438,1068.0,1087.0,1068.0,1081.0,88600
2024-01-18,943.1264038085938,1072.0,1076.0,1066.0,1068.0,62900
2024-01-19,947.5253295898438,1077.0,1079.0,1072.0,1078.0,60000
2024-01-22,953.683837890625,1084.0,1087.0,1078.0,1078.0,71800
2024-01-23,946.6455688476562,1076.0,1088.0,1076.0,1087.0,70000
2024-01-24,945.7657470703125,1075.0,1083.0,1071.0,1080.0,65500
2024-01-25,962.481689453125,1094.0,1094.0,1078.0,1080.0,89200
2024-01-26,972.1592407226562,1105.0,1108.0,1094.0,1095.0,172700
2024-01-29,975.6784057617188,1109.0,1113.0,1103.0,1110.0,92500
2024-01-30,980.9569702148438,1115.0,1116.0,1107.0,1111.0,88000
2024-01-31,989.7548217773438,1125.0,1125.0,1114.0,1118.0,117700
2024-02-01,991.514404296875,1127.0,1132.0,1121.0,1128.0,154000
2024-02-02,996.793212890625,1133.0,1136.0,1121.0,1123.0,121300
2024-02-05,987.9953002929688,1123.0,1135.0,1122.0,1135.0,110100
2024-02-06,984.476318359375,1119.0,1126.0,1115.0,1122.0,63300
2024-02-07,987.9953002929688,1123.0,1124.0,1115.0,1115.0,79300
2024-02-08,987.1155395507812,1122.0,1123.0,1107.0,1120.0,145900
2024-02-09,992.3941650390625,1128.0,1136.0,1115.0,1117.0,129800
2024-02-13,1010.8697509765625,1149.0,1153.0,1124.0,1133.0,190800
2024-02-14,992.3941650390625,1128.0,1156.0,1124.0,1155.0,140800
2024-02-15,990.6346435546875,1126.0,1140.0,1116.0,1140.0,98800
2024-02-16,1007.3505859375,1145.0,1151.0,1130.0,1130.0,124300
2024-02-19,1018.7876586914062,1158.0,1158.0,1144.0,1145.0,105700
2024-02-20,1019.6675415039062,1159.0,1164.0,1154.0,1159.0,105300
2024-02-21,1002.9515991210938,1140.0,1157.0,1135.0,1154.0,55800
2024-02-22,1011.74951171875,1150.0,1153.0,1141.0,1150.0,59000
2024-02-26,1013.5090942382812,1152.0,1168.0,1152.0,1160.0,105800
2024-02-27,1018.7876586914062,1158.0,1163.0,1152.0,1155.0,77400
2024-02-28,1017.9077758789062,1157.0,1164.0,1154.0,1155.0,56500
2024-02-29,1014.3887329101562,1153.0,1161.0,1148.0,1161.0,68100
2024-03-01,1014.3887329101562,1153.0,1157.0,1145.0,1151.0,58900
2024-03-04,1012.6292724609375,1151.0,1159.0,1143.0,1153.0,92300
2024-03-05,1017.9077758789062,1157.0,1157.0,1141.0,1151.0,51900
2024-03-06,1015.2684936523438,1154.0,1168.0,1150.0,1153.0,140700
2024-03-07,1011.74951171875,1150.0,1163.0,1148.0,1156.0,80400
2024-03-08,1015.2684936523438,1154.0,1158.0,1143.0,1144.0,95900
2024-03-11,995.9134521484375,1132.0,1152.0,1128.0,1148.0,87600
2024-03-12,1002.0718383789062,1139.0,1139.0,1118.0,1127.0,84300
2024-03-13,1004.7111206054688,1142.0,1151.0,1136.0,1143.0,88800
2024-03-14,1009.110107421875,1147.0,1149.0,1138.0,1149.0,72300
2024-03-15,1016.1482543945312,1155.0,1159.0,1147.0,1159.0,145200
2024-03-18,1019.6675415039062,1159.0,1173.0,1159.0,1163.0,86500
2024-03-19,1035.5035400390625,1177.0,1184.0,1164.0,1168.0,125000
2024-03-21,1038.1429443359375,1180.0,1187.0,1180.0,1184.0,77600
2024-03-22,1039.9024658203125,1182.0,1185.0,1173.0,1184.0,85400
2024-03-25,1024.06640625,1164.0,1178.0,1161.0,1178.0,124500
2024-03-26,1035.5035400390625,1177.0,1185.0,1165.0,1168.0,86300
2024-03-27,1039.022705078125,1181.0,1184.0,1173.0,1177.0,120400
2024-03-28,1025.36328125,1126.0,1170.0,1122.0,1170.0,207100
2024-03-29,1034.4696044921875,1136.0,1139.0,1126.0,1131.0,54800
2024-04-01,1032.6483154296875,1134.0,1144.0,1129.0,1140.0,62400
2024-04-02,1018.9890747070312,1119.0,1134.0,1119.0,1131.0,71000
2024-04-03,1022.6314697265625,1123.0,1129.0,1109.0,1116.0,63000
2024-04-04,1023.5420532226562,1124.0,1131.0,1121.0,1125.0,65400
2024-04-05,1022.6314697265625,1123.0,1126.0,1111.0,1120.0,67200
2024-04-08,1030.8271484375,1132.0,1135.0,1122.0,1123.0,87000
2024-04-09,1033.5589599609375,1135.0,1137.0,1123.0,1130.0,51400
2024-04-10,1042.665283203125,1145.0,1149.0,1137.0,1138.0,69200
2024-04-11,1315.8526611328125,1445.0,1445.0,1444.0,1445.0,1278300
2024-04-12,1365.9368896484375,1500.0,1507.0,1422.0,1445.0,2360300
2024-04-15,1371.4007568359375,1506.0,1515.0,1490.0,1498.0,570900
2024-04-16,1375.9537353515625,1511.0,1542.0,1498.0,1500.0,629100
2024-04-17,1375.043212890625,1510.0,1519.0,1495.0,1507.0,279800
2024-04-18,1397.808837890625,1535.0,1536.0,1509.0,1510.0,327200
2024-04-19,1385.06005859375,1521.0,1537.0,1481.0,1531.0,406900
2024-04-22,1369.5794677734375,1504.0,1520.0,1494.0,1520.0,150700
2024-04-23,1363.205078125,1497.0,1516.0,1494.0,1510.0,117400
2024-04-24,1355.0093994140625,1488.0,1496.0,1472.0,1491.0,176900
2024-04-25,1379.5963134765625,1515.0,1521.0,1490.0,1491.0,240700
2024-04-26,1378.6856689453125,1514.0,1517.0,1492.0,1501.0,162800
2024-04-30,1387.7919921875,1524.0,1534.0,1507.0,1510.0,179400
2024-05-01,1398.719482421875,1536.0,1541.0,1517.0,1527.0,156200
2024-05-02,1394.166259765625,1531.0,1538.0,1511.0,1538.0,147300
2024-05-07,1396.8983154296875,1534.0,1553.0,1528.0,1534.0,258700
2024-05-08,1415.1107177734375,1554.0,1564.0,1522.0,1531.0,243700
2024-05-09,1437.8763427734375,1579.0,1587.0,1560.0,1560.0,389000
2024-05-10,1446.0718994140625,1588.0,1668.0,1574.0,1659.0,938000
2024-05-13,1420.574462890625,1560.0,1579.0,1526.0,1577.0,424800
2024-05-14,1397.808837890625,1535.0,1558.0,1522.0,1558.0,290300
2024-05-15,1387.7919921875,1524.0,1562.0,1520.0,1535.0,339100
2024-05-16,1375.9537353515625,1511.0,1531.0,1505.0,1526.0,262300
2024-05-17,1395.987548828125,1533.0,1539.0,1496.0,1506.0,238100
2024-05-20,1418.753173828125,1558.0,1580.0,1533.0,1540.0,218400
2024-05-21,1428.77001953125,1569.0,1591.0,1550.0,1551.0,199400
2024-05-22,1371.4007568359375,1506.0,1565.0,1503.0,1558.0,360900
2024-05-23,1380.5069580078125,1516.0,1522.0,1500.0,1513.0,206000
2024-05-24,1376.8643798828125,1512.0,1522.0,1492.0,1493.0,137600
2024-05-27,1390.5238037109375,1527.0,1545.0,1511.0,1519.0,216300
2024-05-28,1394.166259765625,1531.0,1547.0,1524.0,1526.0,133300
2024-05-29,1371.4007568359375,1506.0,1535.0,1500.0,1526.0,230200
2024-05-30,1386.88134765625,1523.0,1525.0,1495.0,1497.0,209000
2024-05-31,1414.199951171875,1553.0,1555.0,1521.0,1529.0,224300
2024-06-03,1387.7919921875,1524.0,1558.0,1520.0,1553.0,159500
2024-06-04,1381.41748046875,1517.0,1528.0,1513.0,1518.0,126800
2024-06-05,1367.758056640625,1502.0,1513.0,1498.0,1513.0,256100
2024-06-06,1371.4007568359375,1506.0,1512.0,1497.0,1512.0,167100
2024-06-07,1396.8983154296875,1534.0,1538.0,1501.0,1501.0,185900
2024-06-10,1420.574462890625,1560.0,1560.0,1530.0,1533.0,171800
2024-06-11,1417.842529296875,1557.0,1578.0,1556.0,1564.0,160600
2024-06-12,1408.736328125,1547.0,1567.0,1543.0,1543.0,133400
2024-06-13,1388.70263671875,1525.0,1559.0,1518.0,1554.0,164800
2024-06-14,1417.842529296875,1557.0,1572.0,1525.0,1526.0,193100
2024-06-17,1416.0213623046875,1555.0,1559.0,1528.0,1557.0,146600
2024-06-18,1436.0550537109375,1577.0,1592.0,1561.0,1570.0,162400
2024-06-19,1441.5186767578125,1583.0,1600.0,1568.0,1582.0,183000
2024-06-20,1424.217041015625,1564.0,1583.0,1548.0,1574.0,156000
2024-06-21,1441.5186767578125,1583.0,1588.0,1565.0,1573.0,187900
2024-06-24,1453.35693359375,1596.0,1605.0,1587.0,1591.0,156700
2024-06-25,1454.2674560546875,1597.0,1604.0,1587.0,1600.0,165500
2024-06-26,1457.9100341796875,1601.0,1603.0,1591.0,1602.0,125200
2024-06-27,1511.6368408203125,1660.0,1660.0,1595.0,1600.0,355800
2024-06-28,1481.5863037109375,1627.0,1665.0,1625.0,1662.0,280800
2024-07-01,1456.9993896484375,1600.0,1637.0,1587.0,1632.0,250900
2024-07-02,1443.340087890625,1585.0,1595.0,1575.0,1583.0,208900
2024-07-03,1462.463134765625,1606.0,1606.0,1583.0,1593.0,176300
2024-07-04,1477.0330810546875,1622.0,1622.0,1603.0,1610.0,117100
2024-07-05,1490.6925048828125,1637.0,1648.0,1621.0,1625.0,177300
2024-07-08,1485.228759765625,1631.0,1636.0,1608.0,1636.0,179600
2024-07-09,1527.1175537109375,1677.0,1687.0,1642.0,1642.0,247800
2024-07-10,1520.7431640625,1670.0,1675.0,1650.0,1673.0,175300
2024-07-11,1538.0450439453125,1689.0,1705.0,1677.0,1684.0,231800
2024-07-12,1538.0450439453125,1689.0,1698.0,1667.0,1671.0,159000
2024-07-16,1535.313232421875,1686.0,1706.0,1685.0,1689.0,149500
2024-07-17,1535.313232421875,1686.0,1704.0,1682.0,1696.0,107100
2024-07-18,1493.4244384765625,1640.0,1669.0,1640.0,1663.0,198000
2024-07-19,1501.6199951171875,1649.0,1655.0,1638.0,1655.0,95100
2024-07-22,1479.7650146484375,1625.0,1640.0,1620.0,1633.0,144400
2024-07-23,1490.6925048828125,1637.0,1646.0,1628.0,1629.0,114800
2024-07-24,1426.0382080078125,1566.0,1633.0,1561.0,1633.0,393600
2024-07-25,1419.6636962890625,1559.0,1565.0,1530.0,1552.0,209600
2024-07-26,1405.09375,1543.0,1555.0,1527.0,1555.0,213000
2024-07-29,1418.753173828125,1558.0,1569.0,1542.0,1562.0,122300
2024-07-30,1406.00439453125,1544.0,1571.0,1540.0,1570.0,117800
2024-07-31,1434.23388671875,1575.0,1578.0,1532.0,1545.0,135200
2024-08-01,1380.5069580078125,1516.0,1570.0,1516.0,1570.0,208800
2024-08-02,1345.9031982421875,1478.0,1501.0,1460.0,1476.0,330500
2024-08-05,1193.8289794921875,1311.0,1413.0,1297.0,1396.0,575100
2024-08-06,1324.04833984375,1454.0,1483.0,1371.0,1401.0,359300
2024-08-07,1306.746337890625,1435.0,1476.0,1412.0,1433.0,276100
2024-08-08,1304.0145263671875,1432.0,1464.0,1395.0,1413.0,310900
2024-08-09,1291.2657470703125,1418.0,1492.0,1388.0,1492.0,693600
2024-08-13,1338.6181640625,1470.0,1476.0,1424.0,1425.0,293000
2024-08-14,1342.2607421875,1474.0,1479.0,1456.0,1475.0,171300
2024-08-15,1365.9368896484375,1500.0,1502.0,1476.0,1483.0,153900
2024-08-16,1387.7919921875,1524.0,1531.0,1503.0,1531.0,239900
2024-08-19,1365.9368896484375,1500.0,1536.0,1500.0,1534.0,312700
2024-08-20,1381.41748046875,1517.0,1520.0,1501.0,1519.0,144200
2024-08-21,1377.775146484375,1513.0,1521.0,1502.0,1515.0,126900
2024-08-22,1375.043212890625,1510.0,1524.0,1504.0,1520.0,145300
2024-08-23,1379.5963134765625,1515.0,1516.0,1503.0,1508.0,115600
2024-08-26,1363.205078125,1497.0,1516.0,1491.0,1515.0,145300
2024-08-27,1377.775146484375,1513.0,1516.0,1495.0,1497.0,92300
2024-08-28,1380.5069580078125,1516.0,1516.0,1501.0,1509.0,101900
2024-08-29,1380.5069580078125,1516.0,1519.0,1504.0,1507.0,100400
2024-08-30,1386.88134765625,1523.0,1526.0,1511.0,1517.0,134100
2024-09-02,1380.5069580078125,1516.0,1538.0,1504.0,1535.0,228600
2024-09-03,1375.043212890625,1510.0,1520.0,1508.0,1516.0,134300
2024-09-04,1339.52880859375,1471.0,1495.0,1467.0,1481.0,339900
2024-09-05,1351.366943359375,1484.0,1501.0,1465.0,1465.0,189000
2024-09-06,1326.7801513671875,1457.0,1486.0,1450.0,1484.0,230600
2024-09-09,1328.601318359375,1459.0,1460.0,1425.0,1427.0,168300
2024-09-10,1325.8695068359375,1456.0,1467.0,1454.0,1459.0,118400
2024-09-11,1293.0869140625,1420.0,1456.0,1412.0,1456.0,260600
2024-09-12,1319.4949951171875,1449.0,1465.0,1440.0,1458.0,152400
2024-09-13,1318.58447265625,1448.0,1453.0,1439.0,1440.0,117200
2024-09-17,1307.656982421875,1436.0,1460.0,1418.0,1459.0,179300
2024-09-18,1311.2994384765625,1440.0,1449.0,1428.0,1444.0,134000
2024-09-19,1325.8695068359375,1456.0,1467.0,1453.0,1457.0,169000
2024-09-20,1343.17138671875,1475.0,1490.0,1466.0,1473.0,220300
2024-09-24,1344.0819091796875,1476.0,1494.0,1475.0,1493.0,180000
2024-09-25,1335.8863525390625,1467.0,1484.0,1460.0,1480.0,303800
2024-09-26,1344.9925537109375,1477.0,1477.0,1461.0,1468.0,401500
2024-09-27,1362.8009033203125,1454.0,1462.0,1436.0,1436.0,319600
2024-09-30,1332.8079833984375,1422.0,1425.0,1406.0,1415.0,239400
2024-10-01,1365.6126708984375,1457.0,1462.0,1431.0,1432.0,156600
2024-10-02,1352.4908447265625,1443.0,1461.0,1435.0,1441.0,106900
2024-10-03,1357.1771240234375,1448.0,1465.0,1448.0,1464.0,103900
2024-10-04,1371.236328125,1463.0,1465.0,1446.0,1450.0,76400
2024-10-07,1377.7972412109375,1470.0,1478.0,1465.0,1475.0,138500
2024-10-08,1327.184326171875,1416.0,1442.0,1411.0,1442.0,413800
2024-10-09,1336.55712890625,1426.0,1433.0,1416.0,1425.0,193100
2024-10-10,1329.99609375,1419.0,1431.0,1410.0,1430.0,196700
2024-10-11,1330.933349609375,1420.0,1426.0,1410.0,1416.0,117400
2024-10-15,1349.678955078125,1440.0,1445.0,1429.0,1430.0,192100
2024-10-16,1331.87060546875,1421.0,1436.0,1415.0,1420.0,122300
2024-10-17,1321.560546875,1410.0,1422.0,1410.0,1421.0,143100
2024-10-18,1317.8115234375,1406.0,1411.0,1402.0,1410.0,143200
2024-10-21,1312.1878662109375,1400.0,1406.0,1398.0,1402.0,126300
2024-10-22,1304.689697265625,1392.0,1402.0,1379.0,1401.0,242100
2024-10-23,1306.564208984375,1394.0,1407.0,1387.0,1390.0,135300
2024-10-24,1303.7523193359375,1391.0,1394.0,1378.0,1390.0,161500
2024-10-25,1283.1322021484375,1369.0,1395.0,1365.0,1390.0,173200
2024-10-28,1300.0032958984375,1387.0,1395.0,1367.0,1370.0,123700
2024-10-29,1305.626953125,1393.0,1397.0,1382.0,1387.0,146600
2024-10-30,1312.1878662109375,1400.0,1408.0,1393.0,1393.0,520100
2024-10-31,1316.874267578125,1405.0,1409.0,1395.0,1401.0,134500
2024-11-01,1297.19140625,1384.0,1399.0,1382.0,1396.0,159000
2024-11-05,1296.254150390625,1383.0,1395.0,1375.0,1388.0,136300
2024-11-06,1308.438720703125,1396.0,1413.0,1391.0,1397.0,201000
2024-11-07,1342.1807861328125,1432.0,1436.0,1414.0,1414.0,318100
2024-11-08,1405.91552734375,1500.0,1569.0,1492.0,1568.0,1224400
2024-11-11,1429.3475341796875,1525.0,1533.0,1494.0,1500.0,500900
2024-11-12,1420.9119873046875,1516.0,1525.0,1501.0,1525.0,294600
2024-11-13,1419.0374755859375,1514.0,1535.0,1511.0,1516.0,254700
2024-11-14,1404.978271484375,1499.0,1524.0,1498.0,1524.0,220700
2024-11-15,1428.4102783203125,1524.0,1535.0,1507.0,1511.0,371400
2024-11-18,1403.103759765625,1497.0,1503.0,1488.0,1502.0,249700
2024-11-19,1398.417236328125,1492.0,1500.0,1489.0,1495.0,158500
2024-11-20,1398.417236328125,1492.0,1500.0,1485.0,1491.0,127800
2024-11-21,1394.668212890625,1488.0,1498.0,1483.0,1492.0,92200
2024-11-22,1393.73095703125,1487.0,1493.0,1477.0,1485.0,168900
2024-11-25,1388.1072998046875,1481.0,1495.0,1478.0,1487.0,230000
2024-11-26,1389.98193359375,1483.0,1487.0,1462.0,1481.0,372900
2024-11-27,1359.0516357421875,1450.0,1473.0,1445.0,1471.0,230100
2024-11-28,1359.0516357421875,1450.0,1455.0,1439.0,1447.0,182700
2024-11-29,1362.8009033203125,1454.0,1467.0,1449.0,1450.0,235200
2024-12-02,1350.6162109375,1441.0,1459.0,1441.0,1453.0,205400
2024-12-03,1352.4908447265625,1443.0,1453.0,1439.0,1444.0,199300
2024-12-04,1330.933349609375,1420.0,1446.0,1420.0,1443.0,289500
2024-12-05,1337.494384765625,1427.0,1431.0,1419.0,1423.0,282700
2024-12-06,1336.55712890625,1426.0,1435.0,1422.0,1425.0,250700
2024-12-09,1359.9888916015625,1451.0,1458.0,1431.0,1432.0,308000
2024-12-10,1347.8043212890625,1438.0,1459.0,1437.0,1457.0,202700
2024-12-11,1345.9298095703125,1436.0,1449.0,1426.0,1439.0,199600
2024-12-12,1345.9298095703125,1436.0,1450.0,1434.0,1449.0,167200
2024-12-13,1322.497802734375,1411.0,1434.0,1411.0,1429.0,292200
2024-12-16,1329.99609375,1419.0,1429.0,1416.0,1420.0,171500
2024-12-17,1318.748779296875,1407.0,1423.0,1407.0,1419.0,191600
2024-12-18,1330.933349609375,1420.0,1426.0,1403.0,1407.0,184400
2024-12-19,1326.2470703125,1415.0,1419.0,1401.0,1402.0,221000
2024-12-20,1336.55712890625,1426.0,1433.0,1420.0,1420.0,112100
2024-12-23,1352.4908447265625,1443.0,1443.0,1420.0,1430.0,221700
2024-12-24,1379.6717529296875,1472.0,1472.0,1446.0,1449.0,211300
2024-12-25,1387.1700439453125,1480.0,1480.0,1457.0,1475.0,166600
2024-12-26,1399.354736328125,1493.0,1495.0,1476.0,1480.0,143900
2024-12-27,1410.6019287109375,1505.0,1505.0,1489.0,1495.0,253700
2024-12-30,1413.413818359375,1508.0,1526.0,1505.0,1508.0,177500
2025-01-06,1409.6646728515625,1504.0,1520.0,1503.0,1515.0,204700
2025-01-07,1401.229248046875,1495.0,1512.0,1490.0,1507.0,199800
2025-01-08,1384.358154296875,1477.0,1494.0,1476.0,1493.0,147000
2025-01-09,1376.8599853515625,1469.0,1476.0,1463.0,1476.0,147600
2025-01-10,1374.0482177734375,1466.0,1470.0,1460.0,1465.0,106800
2025-01-14,1356.2398681640625,1447.0,1466.0,1438.0,1460.0,260000
2025-01-15,1370.2989501953125,1462.0,1462.0,1440.0,1450.0,97900
2025-01-16,1357.1771240234375,1448.0,1466.0,1446.0,1463.0,152700
2025-01-17,1354.3653564453125,1445.0,1449.0,1429.0,1441.0,180000
2025-01-20,1358.1143798828125,1449.0,1457.0,1445.0,1448.0,141100
2025-01-21,1349.678955078125,1440.0,1452.0,1440.0,1449.0,144000
2025-01-22,1361.8636474609375,1453.0,1458.0,1442.0,1448.0,168200
2025-01-23,1360.92626953125,1452.0,1456.0,1442.0,1456.0,152100
2025-01-24,1365.6126708984375,1457.0,1465.0,1446.0,1450.0,136800
2025-01-27,1368.4244384765625,1460.0,1469.0,1457.0,1464.0,183500
2025-01-28,1360.92626953125,1452.0,1466.0,1446.0,1455.0,255200
2025-01-29,1359.0516357421875,1450.0,1460.0,1449.0,1454.0,193500
2025-01-30,1359.9888916015625,1451.0,1452.0,1438.0,1451.0,221600
2025-01-31,1359.0516357421875,1450.0,1454.0,1438.0,1453.0,233200
2025-02-03,1327.184326171875,1416.0,1450.0,1416.0,1450.0,503800
2025-02-04,1340.30615234375,1430.0,1442.0,1430.0,1434.0,258000
2025-02-05,1343.1180419921875,1433.0,1447.0,1428.0,1437.0,248600
2025-02-06,1363.7381591796875,1455.0,1461.0,1440.0,1445.0,410400
2025-02-07,1348.74169921875,1439.0,1444.0,1408.0,1429.0,886400
2025-02-10,1366.5499267578125,1458.0,1459.0,1437.0,1440.0,321900
2025-02-12,1346.8670654296875,1437.0,1457.0,1437.0,1457.0,277300
2025-02-13,1351.553466796875,1442.0,1450.0,1437.0,1445.0,186000
2025-02-14,1354.3653564453125,1445.0,1449.0,1437.0,1446.0,164700
2025-02-17,1351.553466796875,1442.0,1455.0,1442.0,1450.0,183200
2025-02-18,1349.678955078125,1440.0,1443.0,1435.0,1442.0,195200
2025-02-19,1347.8043212890625,1438.0,1451.0,1437.0,1440.0,149100
2025-02-20,1329.058837890625,1418.0,1437.0,1416.0,1437.0,327400
2025-02-21,1325.309814453125,1414.0,1426.0,1413.0,1419.0,241100
2025-02-25,1327.184326171875,1416.0,1420.0,1405.0,1410.0,241700
2025-02-26,1315.93701171875,1404.0,1416.0,1397.0,1416.0,406000
2025-02-27,1321.560546875,1410.0,1415.0,1403.0,1404.0,210700
2025-02-28,1314.0625,1402.0,1411.0,1395.0,1403.0,379900
2025-03-03,1329.99609375,1419.0,1422.0,1408.0,1408.0,192000
2025-03-04,1322.497802734375,1411.0,1418.0,1407.0,1418.0,179200
2025-03-05,1329.99609375,1419.0,1423.0,1409.0,1411.0,134200
2025-03-06,1329.99609375,1419.0,1432.0,1419.0,1427.0,157200
2025-03-07,1333.7452392578125,1423.0,1423.0,1409.0,1415.0,176600
2025-03-10,1325.309814453125,1414.0,1430.0,1414.0,1430.0,218100
2025-03-11,1322.497802734375,1411.0,1411.0,1388.0,1407.0,495500
2025-03-12,1329.99609375,1419.0,1421.0,1407.0,1408.0,199100
2025-03-13,1333.7452392578125,1423.0,1430.0,1419.0,1422.0,148400
2025-03-14,1338.431640625,1428.0,1430.0,1419.0,1423.0,142900
2025-03-17,1344.9925537109375,1435.0,1439.0,1432.0,1435.0,128500
2025-03-18,1341.243408203125,1431.0,1444.0,1431.0,1438.0,188400
2025-03-19,1360.92626953125,1452.0,1453.0,1430.0,1430.0,192200
2025-03-21,1359.0516357421875,1450.0,1461.0,1449.0,1452.0,160300
2025-03-24,1354.3653564453125,1445.0,1455.0,1443.0,1455.0,172900
2025-03-25,1349.678955078125,1440.0,1450.0,1437.0,1450.0,238100
2025-03-26,1353.4281005859375,1444.0,1448.0,1434.0,1440.0,256000
2025-03-27,1355.3026123046875,1446.0,1446.0,1435.0,1441.0,311700
2025-03-28,1373.8017578125,1411.0,1430.0,1385.0,1385.0,419700
2025-03-31,1347.5135498046875,1384.0,1395.0,1377.0,1386.0,302400
2025-04-01,1333.882568359375,1370.0,1397.0,1370.0,1395.0,296500
2025-04-02,1324.146240234375,1360.0,1375.0,1355.0,1375.0,280900
2025-04-03,1273.51708984375,1308.0,1330.0,1300.0,1305.0,514100
2025-04-04,1227.756103515625,1261.0,1286.0,1237.0,1278.0,673500
2025-04-07,1139.1551513671875,1170.0,1196.0,1135.0,1171.0,624400
2025-04-08,1200.494384765625,1233.0,1240.0,1207.0,1210.0,439100
2025-04-09,1146.9443359375,1178.0,1202.0,1163.0,1201.0,372300
2025-04-10,1212.177978515625,1245.0,1265.0,1237.0,1265.0,382100
2025-04-11,1204.388916015625,1237.0,1242.0,1198.0,1215.0,274300
2025-04-14,1217.046142578125,1250.0,1266.0,1249.0,1252.0,186500
2025-04-15,1217.046142578125,1250.0,1264.0,1250.0,1260.0,165800
2025-04-16,1208.283447265625,1241.0,1257.0,1239.0,1250.0,166700
2025-04-17,1221.914306640625,1255.0,1255.0,1239.0,1241.0,115400
2025-04-18,1236.5189208984375,1270.0,1273.0,1258.0,1261.0,211000
2025-04-21,1219.967041015625,1253.0,1270.0,1247.0,1270.0,130500
2025-04-22,1211.204345703125,1244.0,1256.0,1240.0,1250.0,135800
2025-04-23,1226.782470703125,1260.0,1267.0,1255.0,1255.0,198300
2025-04-24,1232.6243896484375,1266.0,1277.0,1262.0,1277.0,108900
2025-04-25,1248.2025146484375,1282.0,1286.0,1273.0,1275.0,102200
2025-04-28,1261.83349609375,1296.0,1300.0,1289.0,1293.0,120700
2025-04-30,1266.70166015625,1301.0,1304.0,1286.0,1301.0,152000
2025-05-01,1268.64892578125,1303.0,1307.0,1292.0,1301.0,161000
2025-05-02,1273.51708984375,1308.0,1315.0,1300.0,1305.0,162400
2025-05-07,1289.0953369140625,1324.0,1331.0,1315.0,1316.0,416700
2025-05-08,1301.7525634765625,1337.0,1352.0,1323.0,1348.0,636600
2025-05-09,1303.6998291015625,1339.0,1341.0,1329.0,1341.0,266700
2025-05-12,1349.4608154296875,1386.0,1386.0,1360.0,1360.0,323400
2025-05-13,1353.3553466796875,1390.0,1394.0,1378.0,1394.0,221700
2025-05-14,1349.4608154296875,1386.0,1390.0,1368.0,1390.0,189700
2025-05-15,1338.750732421875,1375.0,1379.0,1369.0,1377.0,196000
2025-05-16,1334.856201171875,1371.0,1376.0,1359.0,1376.0,163800
2025-05-19,1338.750732421875,1375.0,1380.0,1362.0,1363.0,162100
2025-05-20,1325.119873046875,1361.0,1380.0,1356.0,1379.0,181700
2025-05-21,1322.198974609375,1358.0,1366.0,1353.0,1360.0,144500
2025-05-22,1312.4625244140625,1348.0,1354.0,1340.0,1346.0,114200
2025-05-23,1316.357177734375,1352.0,1365.0,1349.0,1355.0,118400
2025-05-26,1325.119873046875,1361.0,1363.0,1352.0,1363.0,105000
2025-05-27,1337.777099609375,1374.0,1374.0,1360.0,1360.0,111300
2025-05-28,1350.4344482421875,1387.0,1388.0,1377.0,1377.0,170000
2025-05-29,1371.8543701171875,1409.0,1411.0,1396.0,1405.0,230800
2025-05-30,1385.4853515625,1423.0,1428.0,1407.0,1410.0,249800
2025-06-02,1384.51171875,1422.0,1433.0,1417.0,1431.0,227500
2025-06-03,1380.6171875,1418.0,1429.0,1415.0,1429.0,118800
2025-06-04,1383.5380859375,1421.0,1429.0,1417.0,1421.0,113600
2025-06-05,1382.564453125,1420.0,1424.0,1409.0,1415.0,187800
2025-06-06,1382.564453125,1420.0,1427.0,1417.0,1420.0,100000
2025-06-09,1371.8543701171875,1409.0,1425.0,1408.0,1425.0,133400
2025-06-10,1378.669921875,1416.0,1427.0,1411.0,1414.0,167900
2025-06-11,1380.6171875,1418.0,1418.0,1412.0,1413.0,78600
2025-06-12,1378.669921875,1416.0,1421.0,1407.0,1418.0,141900
2025-06-13,1366.9862060546875,1404.0,1413.0,1400.0,1409.0,156400
2025-06-16,1371.8543701171875,1409.0,1413.0,1406.0,1409.0,123700
2025-06-17,1398.142578125,1436.0,1442.0,1408.0,1412.0,357000
2025-06-18,1404.9581298828125,1443.0,1444.0,1431.0,1433.0,141000
2025-06-19,1397.1689453125,1435.0,1446.0,1431.0,1444.0,124100
2025-06-20,1390.353515625,1428.0,1452.0,1428.0,1444.0,355300
2025-06-23,1383.5380859375,1421.0,1430.0,1412.0,1428.0,135500
2025-06-24,1391.3271484375,1429.0,1436.0,1422.0,1428.0,101600
2025-06-25,1404.9581298828125,1443.0,1443.0,1422.0,1436.0,117500
2025-06-26,1414.6944580078125,1453.0,1457.0,1444.0,1444.0,174300
2025-06-27,1431.246337890625,1470.0,1474.0,1455.0,1455.0,307000
2025-06-30,1433.193603515625,1472.0,1478.0,1465.0,1472.0,172500
2025-07-01,1416.6417236328125,1455.0,1468.0,1450.0,1466.0,117800
2025-07-02,1409.8262939453125,1448.0,1456.0,1443.0,1452.0,91900
2025-07-03,1414.6944580078125,1453.0,1464.0,1448.0,1452.0,114800
2025-07-04,1406.9053955078125,1445.0,1458.0,1445.0,1453.0,72200
2025-07-07,1399.1162109375,1437.0,1450.0,1434.0,1449.0,139800
2025-07-08,1417.6153564453125,1456.0,1456.0,1435.0,1437.0,140400
2025-07-09,1424.4307861328125,1463.0,1476.0,1460.0,1460.0,155400
2025-07-10,1431.246337890625,1470.0,1476.0,1464.0,1476.0,109200
2025-07-11,1440.982666015625,1480.0,1483.0,1473.0,1473.0,113400
2025-07-14,1445.850830078125,1485.0,1493.0,1477.0,1480.0,159700
2025-07-15,1459.4818115234375,1499.0,1503.0,1484.0,1489.0,241400
2025-07-16,1450.718994140625,1490.0,1498.0,1488.0,1496.0,82600
2025-07-17,1454.613525390625,1494.0,1496.0,1482.0,1485.0,114000
2025-07-18,1447.798095703125,1487.0,1502.0,1487.0,1494.0,163300
2025-07-22,1450.718994140625,1490.0,1502.0,1489.0,1490.0,116500
2025-07-23,1468.2445068359375,1508.0,1509.0,1497.0,1503.0,292500
2025-07-24,1469.2181396484375,1509.0,1516.0,1498.0,1510.0,320100
2025-07-25,1469.2181396484375,1509.0,1513.0,1500.0,1510.0,136500
2025-07-28,1477.9808349609375,1518.0,1522.0,1507.0,1510.0,158100
2025-07-29,1478.9544677734375,1519.0,1520.0,1509.0,1515.0,107300
2025-07-30,1489.66455078125,1530.0,1530.0,1516.0,1518.0,154700
2025-07-31,1509.13720703125,1550.0,1553.0,1530.0,1530.0,197100
2025-08-01,1526.6627197265625,1568.0,1570.0,1548.0,1550.0,201700
2025-08-04,1516.92626953125,1558.0,1561.0,1545.0,1550.0,155300
2025-08-05,1522.7681884765625,1564.0,1572.0,1551.0,1562.0,167400
2025-08-06,1542.2408447265625,1584.0,1595.0,1574.0,1574.0,267700
2025-08-07,1535.4254150390625,1577.0,1586.0,1572.0,1580.0,214700
2025-08-08,1479.9281005859375,1520.0,1539.0,1506.0,1527.0,656800
2025-08-12,1477.0072021484375,1517.0,1529.0,1513.0,1527.0,331000
2025-08-13,1490.63818359375,1531.0,1535.0,1520.0,1521.0,254700
2025-08-14,1492.58544921875,1533.0,1538.0,1526.0,1526.0,157100
2025-08-15,1513.03173828125,1554.0,1555.0,1532.0,1540.0,218300
2025-08-18,1515.95263671875,1557.0,1558.0,1546.0,1554.0,131400
2025-08-19,1539.3199462890625,1581.0,1585.0,1555.0,1555.0,269800
2025-08-20,1527.6363525390625,1569.0,1581.0,1568.0,1580.0,175400
2025-08-21,1530.5572509765625,1572.0,1578.0,1557.0,1569.0,225900
2025-08-22,1560.739990234375,1603.0,1603.0,1570.0,1576.0,256800
2025-08-25,1565.608154296875,1608.0,1619.0,1606.0,1607.0,210300
2025-08-26,1562.687255859375,1605.0,1619.0,1600.0,1616.0,213700
2025-08-27,1567.555419921875,1610.0,1612.0,1601.0,1606.0,149100
2025-08-28,1566.581787109375,1609.0,1615.0,1603.0,1613.0,129900
2025-08-29,1570.476318359375,1613.0,1624.0,1610.0,1620.0,209100
2025-09-01,1567.555419921875,1610.0,1616.0,1598.0,1614.0,246500
2025-09-02,1581.1864013671875,1624.0,1626.0,1610.0,1611.0,207000
2025-09-03,1609.421875,1653.0,1669.0,1629.0,1629.0,359500
2025-09-04,1606.5009765625,1650.0,1652.0,1641.0,1648.0,187600
2025-09-05,1625.9736328125,1670.0,1670.0,1651.0,1658.0,163100
2025-09-08,1631.8154296875,1676.0,1679.0,1664.0,1675.0,134200
2025-09-09,1607.474609375,1651.0,1682.0,1649.0,1677.0,270200
2025-09-10,1611.369140625,1655.0,1660.0,1646.0,1650.0,166200
2025-09-11,1606.5009765625,1650.0,1659.0,1645.0,1655.0,123000
2025-09-12,1599.6854248046875,1643.0,1653.0,1640.0,1651.0,244200
2025-09-16,1616.2373046875,1660.0,1662.0,1649.0,1650.0,171100
2025-09-17,1606.5009765625,1650.0,1658.0,1644.0,1658.0,153200
2025-09-18,1612.3427734375,1656.0,1656.0,1644.0,1650.0,160700
2025-09-19,1602.6063232421875,1646.0,1663.0,1637.0,1660.0,271700
2025-09-22,1612.3427734375,1656.0,1664.0,1646.0,1651.0,167600
2025-09-24,1615.263671875,1659.0,1665.0,1650.0,1665.0,206300
2025-09-25,1619.158203125,1663.0,1670.0,1654.0,1661.0,217700
2025-09-26,1625.0,1669.0,1679.0,1654.0,1658.0,468900
2025-09-29,1650.0,1650.0,1657.0,1633.0,1643.0,376600
2025-09-30,1618.0,1618.0,1655.0,1617.0,1647.0,191500
2025-10-01,1557.0,1557.0,1610.0,1556.0,1610.0,270300
2025-10-02,1578.0,1578.0,1584.0,1549.0,1555.0,247600
2025-10-03,1577.0,1577.0,1588.0,1571.0,1582.0,117900
2025-10-06,1603.0,1603.0,1619.0,1599.0,1616.0,155100
2025-10-07,1631.0,1631.0,1636.0,1604.0,1604.0,133700
2025-10-08,1623.0,1623.0,1639.0,1620.0,1625.0,131900
2025-10-09,1635.0,1635.0,1638.0,1621.0,1626.0,114900
2025-10-10,1575.0,1575.0,1630.0,1568.0,1618.0,163200
2025-10-14,1561.0,1561.0,1579.0,1551.0,1560.0,145600
2025-10-15,1591.0,1591.0,1591.0,1574.0,1580.0,89400
2025-10-16,1601.0,1601.0,1606.0,1591.0,1600.0,74700
2025-10-17,1618.0,1618.0,1618.0,1598.0,1604.0,103600
2025-10-20,1626.0,1626.0,1636.0,1618.0,1635.0,105300
2025-10-21,1623.0,1623.0,1639.0,1617.0,1637.0,127600
2025-10-22,1625.0,1625.0,1630.0,1616.0,1626.0,75800
2025-10-23,1636.0,1636.0,1642.0,1616.0,1617.0,173300
2025-10-24,1647.0,1647.0,1649.0,1639.0,1639.0,104700
2025-10-27,1673.0,1673.0,1674.0,1654.0,1655.0,237800
2025-10-28,1627.0,1627.0,1671.0,1627.0,1670.0,129300
2025-10-29,1591.0,1591.0,1631.0,1591.0,1627.0,142900
2025-10-30,1611.0,1611.0,1626.0,1600.0,1605.0,547300
2025-10-31,1628.0,1628.0,1628.0,1598.0,1611.0,116200
2025-11-04,1615.0,1615.0,1634.0,1596.0,1605.0,126500
2025-11-05,1603.0,1603.0,1611.0,1563.0,1607.0,176900
2025-11-06,1608.0,1608.0,1625.0,1602.0,1610.0,159200
2025-11-07,1570.0,1570.0,1570.0,1522.0,1560.0,437300
2025-11-10,1572.0,1572.0,1585.0,1564.0,1580.0,148100
2025-11-11,1577.0,1577.0,1577.0,1547.0,1566.0,145700
2025-11-12,1598.0,1598.0,1598.0,1573.0,1573.0,149400
2025-11-13,1603.0,1603.0,1609.0,1596.0,1600.0,137800
2025-11-14,1623.0,1623.0,1625.0,1594.0,1598.0,151400
2025-11-17,1618.0,1618.0,1625.0,1608.0,1616.0,113900
2025-11-18,1593.0,1593.0,1611.0,1581.0,1608.0,152100
2025-11-19,1581.0,1581.0,1594.0,1572.0,1591.0,96400
2025-11-20,1615.0,1615.0,1618.0,1593.0,1600.0,126500
2025-11-21,1610.0,1610.0,1613.0,1593.0,1610.0,128700
2025-11-25,1634.0,1634.0,1634.0,1613.0,1617.0,137000
2025-11-26,1643.0,1643.0,1654.0,1637.0,1640.0,125500
2025-11-27,1674.0,1674.0,1674.0,1647.0,1652.0,155800
2025-11-28,1701.0,1701.0,1704.0,1670.0,1670.0,221900
2025-12-01,1673.0,1673.0,1702.0,1670.0,1702.0,118600
2025-12-02,1656.0,1656.0,1683.0,1656.0,1683.0,83800
2025-12-03,1661.0,1661.0,1667.0,1651.0,1655.0,89000
2025-12-04,1667.0,1667.0,1670.0,1659.0,1660.0,89400
2025-12-05,1664.0,1664.0,1671.0,1656.0,1670.0,125000
2025-12-08,1699.0,1699.0,1699.0,1669.0,1669.0,114600
2025-12-09,1690.0,1690.0,1698.0,1684.0,1698.0,78700
2025-12-10,1710.0,1710.0,1713.0,1697.0,1700.0,135000
2025-12-11,1680.0,1680.0,1723.0,1674.0,1720.0,134100
2025-12-12,1699.0,1699.0,1699.0,1687.0,1695.0,85500
2025-12-15,1721.0,1721.0,1721.0,1684.0,1699.0,108000
2025-12-16,1692.0,1692.0,1712.0,1679.0,1710.0,134200
2025-12-17,1683.0,1683.0,1694.0,1675.0,1692.0,94700
2025-12-18,1684.0,1684.0,1691.0,1675.0,1686.0,65300
2025-12-19,1696.0,1696.0,1698.0,1683.0,1691.0,112200
2025-12-22,1707.0,1707.0,1713.0,1694.0,1700.0,134600
2025-12-23,1725.0,1725.0,1725.0,1703.0,1710.0,110400
2025-12-24,1703.0,1703.0,1724.0,1700.0,1719.0,122100
2025-12-25,1706.0,1706.0,1719.0,1701.0,1719.0,60600
2025-12-26,1710.0,1710.0,1714.0,1699.0,1710.0,89400
2025-12-29,1726.0,1726.0,1728.0,1710.0,1721.0,141300
2025-12-30,1723.0,1723.0,1733.0,1715.0,1726.0,107100
2026-01-05,1716.0,1716.0,1732.0,1712.0,1725.0,150500
2026-01-06,1723.0,1723.0,1728.0,1717.0,1725.0,119100
2026-01-07,1739.0,1739.0,1752.0,1718.0,1722.0,199700
2026-01-08,1733.0,1733.0,1748.0,1728.0,1745.0,120700
2026-01-09,1745.0,1745.0,1750.0,1736.0,1736.0,130600
2026-01-13,1753.0,1753.0,1762.0,1736.0,1761.0,185500
2026-01-14,1766.0,1766.0,1774.0,1755.0,1758.0,130100
2026-01-15,1789.0,1789.0,1790.0,1760.0,1760.0,137200
2026-01-16,1803.0,1803.0,1803.0,1771.0,1789.0,158800
2026-01-19,1803.0,1803.0,1808.0,1776.0,1800.0,153200
2026-01-20,1790.0,1790.0,1810.0,1780.0,1810.0,143700
2026-01-21,1780.0,1780.0,1784.0,1756.0,1770.0,109400
2026-01-22,1828.0,1828.0,1832.0,1789.0,1789.0,142600
2026-01-23,1824.0,1824.0,1831.0,1814.0,1823.0,86600
2026-01-26,1790.0,1790.0,1814.0,1784.0,1810.0,137500
2026-01-27,1807.0,1807.0,1808.0,1775.0,1785.0,130700
2026-01-28,1774.0,1774.0,1792.0,1773.0,1790.0,121300
2026-01-29,1771.0,1771.0,1781.0,1753.0,1775.0,123800
2026-01-30,1785.0,1785.0,1791.0,1761.0,1771.0,95900
2026-02-02,1794.0,1794.0,1830.0,1787.0,1798.0,266500
2026-02-03,1845.0,1845.0,1845.0,1808.0,1811.0,200100
2026-02-04,1867.0,1867.0,1882.0,1836.0,1845.0,218000
2026-02-05,1852.0,1852.0,1879.0,1850.0,1879.0,196500
2026-02-06,2129.0,2129.0,2129.0,2006.0,2062.0,1050900
2026-02-09,2220.0,2220.0,2241.0,2140.0,2229.0,535300
2026-02-10,2258.0,2258.0,2280.0,2210.0,2215.0,282900
2026-02-12,2319.0,2319.0,2325.0,2248.0,2258.0,320400
2026-02-13,2303.0,2303.0,2325.0,2265.0,2315.0,249900
2026-02-16,2371.0,2371.0,2425.0,2309.0,2325.0,407400
2026-02-17,2385.0,2385.0,2396.0,2347.0,2373.0,199800
2026-02-18,2441.0,2441.0,2473.0,2407.0,2411.0,217200
2026-02-19,2490.0,2490.0,2500.0,2441.0,2448.0,200500
2026-02-20,2550.0,2550.0,2561.0,2471.0,2493.0,418000
2026-02-24,2640.0,2640.0,2668.0,2565.0,2579.0,487100
2026-02-25,2660.0,2660.0,2715.0,2609.0,2651.0,474100
2026-02-26,2635.0,2635.0,2691.0,2618.0,2685.0,332900
2026-02-27,2645.0,2645.0,2655.0,2555.0,2585.0,280100
2026-03-02,2654.0,2654.0,2680.0,2565.0,2600.0,291100
2026-03-03,2594.0,2594.0,2695.0,2592.0,2630.0,300300
2026-03-04,2463.0,2463.0,2588.0,2439.0,2501.0,527000
2026-03-05,2583.0,2583.0,2629.0,2543.0,2560.0,263600
2026-03-06,2533.0,2533.0,2569.0,2488.0,2533.0,278400
2026-03-09,2388.0,2388.0,2439.0,2334.0,2406.0,465400
2026-03-10,2482.0,2482.0,2505.0,2431.0,2450.0,242100
2026-03-11,2537.0,2537.0,2576.0,2521.0,2532.0,175300
2026-03-12,2455.0,2455.0,2546.0,2452.0,2521.0,251300
2026-03-13,2453.0,2453.0,2481.0,2419.0,2443.0,195400
2026-03-16,2466.0,2466.0,2484.0,2408.0,2453.0,167500
2026-03-17,2478.0,2478.0,2545.0,2460.0,2516.0,177600
2026-03-18,2594.0,2594.0,2594.0,2515.0,2526.0,188400
2026-03-19,2425.0,2425.0,2512.0,2419.0,2509.0,385100
2026-03-23,2344.0,2344.0,2375.0,2295.0,2375.0,372600
2026-03-24,2398.0,2398.0,2444.0,2371.0,2428.0,206600
2026-03-25,2457.0,2457.0,2469.0,2434.0,2441.0,155800
2026-03-26,2425.0,2425.0,2469.0,2397.0,2469.0,108200
2026-03-27,2427.0,2427.0,2437.0,2358.0,2387.0,215600
