Date,Adj Close,Close,High,Low,Open,Volume
2001-01-05,302.548095703125,650.0,664.0,650.0,664.0,1900
2001-01-08,302.548095703125,650.0,650.0,650.0,650.0,0
2001-01-09,302.548095703125,650.0,668.0,650.0,668.0,800
2001-01-10,297.8935546875,640.0,660.0,640.0,660.0,1500
2001-01-11,293.23895263671875,630.0,650.0,630.0,641.0,3900
2001-01-12,289.0499267578125,621.0,630.0,621.0,630.0,2700
2001-01-15,302.0826110839844,649.0,650.0,640.0,650.0,6600
2001-01-16,300.22088623046875,645.0,645.0,645.0,645.0,200
2001-01-17,293.23895263671875,630.0,649.0,630.0,649.0,3600
2001-01-18,300.22088623046875,645.0,645.0,630.0,644.0,2400
2001-01-19,307.2027587890625,660.0,660.0,650.0,650.0,5000
2001-01-22,309.5300598144531,665.0,665.0,650.0,665.0,2700
2001-01-23,309.5300598144531,665.0,665.0,660.0,665.0,2200
2001-01-24,307.2027587890625,660.0,690.0,660.0,689.0,2400
2001-01-25,325.8210144042969,700.0,700.0,700.0,700.0,6000
2001-01-26,332.3374938964844,714.0,714.0,700.0,700.0,1700
2001-01-29,339.7847900390625,730.0,733.0,730.0,731.0,1500
2001-01-30,339.3194580078125,729.0,730.0,729.0,730.0,1500
2001-01-31,339.7847900390625,730.0,730.0,730.0,730.0,2200
2001-02-01,330.9411315917969,711.0,730.0,711.0,730.0,1900
2001-02-02,330.47576904296875,710.0,712.0,710.0,711.0,2100
2001-02-05,335.5956726074219,721.0,721.0,690.0,710.0,800
2001-02-06,323.9592590332031,696.0,720.0,696.0,720.0,1300
2001-02-07,325.8210144042969,700.0,700.0,695.0,695.0,1200
2001-02-08,325.8210144042969,700.0,701.0,700.0,701.0,300
2001-02-09,326.2865295410156,701.0,701.0,700.0,701.0,2600
2001-02-12,326.2865295410156,701.0,701.0,701.0,701.0,0
2001-02-13,326.2865295410156,701.0,701.0,701.0,701.0,1300
2001-02-14,325.8210144042969,700.0,703.0,700.0,703.0,1700
2001-02-15,325.8210144042969,700.0,703.0,698.0,703.0,5600
2001-02-16,325.8210144042969,700.0,710.0,695.0,700.0,5800
2001-02-19,325.8210144042969,700.0,700.0,700.0,700.0,0
2001-02-20,325.8210144042969,700.0,705.0,700.0,705.0,400
2001-02-21,326.2865295410156,701.0,701.0,697.0,700.0,2600
2001-02-22,325.8210144042969,700.0,700.0,698.0,700.0,2700
2001-02-23,325.8210144042969,700.0,700.0,700.0,700.0,2200
2001-02-26,321.1664123535156,690.0,700.0,690.0,700.0,3400
2001-02-27,323.4937744140625,695.0,700.0,695.0,700.0,1900
2001-02-28,322.09735107421875,692.0,700.0,690.0,700.0,2000
2001-03-01,325.8210144042969,700.0,700.0,691.0,700.0,1500
2001-03-02,323.4937744140625,695.0,700.0,693.0,700.0,4700
2001-03-05,322.5628662109375,693.0,700.0,693.0,695.0,2100
2001-03-06,323.4937744140625,695.0,695.0,695.0,695.0,1100
2001-03-07,323.4937744140625,695.0,700.0,695.0,700.0,2500
2001-03-08,322.5628662109375,693.0,695.0,693.0,695.0,400
2001-03-09,318.839111328125,685.0,693.0,685.0,693.0,2000
2001-03-12,321.1664123535156,690.0,700.0,685.0,685.0,1800
2001-03-13,321.1664123535156,690.0,691.0,690.0,691.0,300
2001-03-14,321.1664123535156,690.0,690.0,690.0,690.0,0
2001-03-15,316.5118713378906,680.0,700.0,680.0,700.0,4700
2001-03-16,325.8210144042969,700.0,700.0,700.0,700.0,1100
2001-03-19,325.3556213378906,699.0,699.0,670.0,670.0,1400
2001-03-20,325.3556213378906,699.0,699.0,699.0,699.0,0
2001-03-21,325.8210144042969,700.0,700.0,689.0,689.0,300
2001-03-22,325.8210144042969,700.0,700.0,689.0,699.0,4200
2001-03-23,321.1664123535156,690.0,700.0,690.0,699.0,3200
2001-03-26,330.47576904296875,710.0,710.0,700.0,700.0,7300
2001-03-27,336.2777404785156,710.0,710.0,705.0,710.0,2600
2001-03-28,333.909423828125,705.0,710.0,705.0,706.0,2900
2001-03-29,333.909423828125,705.0,705.0,705.0,705.0,900
2001-03-30,326.3314514160156,689.0,705.0,689.0,705.0,2800
2001-04-02,326.8050537109375,690.0,690.0,690.0,690.0,100
2001-04-03,317.8060607910156,671.0,671.0,660.0,660.0,1600
2001-04-04,317.8060607910156,671.0,680.0,671.0,671.0,1300
2001-04-05,320.64776611328125,677.0,680.0,677.0,677.0,700
2001-04-06,326.8050537109375,690.0,700.0,682.0,685.0,2700
2001-04-09,331.5412902832031,700.0,700.0,691.0,691.0,4000
2001-04-10,331.5412902832031,700.0,700.0,700.0,700.0,2000
2001-04-11,331.5412902832031,700.0,700.0,700.0,700.0,0
2001-04-12,332.4886169433594,702.0,702.0,702.0,702.0,600
2001-04-13,332.4886169433594,702.0,702.0,700.0,702.0,2200
2001-04-16,331.5412902832031,700.0,705.0,700.0,705.0,5100
2001-04-17,333.909423828125,705.0,705.0,701.0,701.0,900
2001-04-18,333.909423828125,705.0,705.0,700.0,700.0,4200
2001-04-19,335.3304138183594,708.0,708.0,700.0,705.0,7200
2001-04-20,335.8039855957031,709.0,709.0,708.0,708.0,1200
2001-04-23,338.64581298828125,715.0,715.0,709.0,709.0,8900
2001-04-24,341.01385498046875,720.0,720.0,719.0,719.0,2200
2001-04-25,343.3820495605469,725.0,725.0,719.0,720.0,4400
2001-04-26,343.3820495605469,725.0,725.0,719.0,720.0,4400
2001-04-27,347.171142578125,733.0,749.0,733.0,749.0,1800
2001-04-30,347.171142578125,733.0,733.0,733.0,733.0,0
2001-05-01,361.38006591796875,763.0,773.0,749.0,753.0,6400
2001-05-02,355.2227478027344,750.0,765.0,742.0,762.0,5900
2001-05-03,355.2227478027344,750.0,750.0,750.0,750.0,0
2001-05-04,355.2227478027344,750.0,750.0,750.0,750.0,0
2001-05-07,355.2227478027344,750.0,760.0,750.0,750.0,65
2001-05-08,355.2227478027344,750.0,755.0,742.0,755.0,79
2001-05-09,359.9591064453125,760.0,760.0,750.0,755.0,29
2001-05-10,355.2227478027344,750.0,763.0,750.0,763.0,34
2001-05-11,352.8546142578125,745.0,755.0,740.0,751.0,33
2001-05-14,355.2227478027344,750.0,755.0,750.0,750.0,35
2001-05-15,355.2227478027344,750.0,750.0,741.0,750.0,4400
2001-05-16,355.2227478027344,750.0,760.0,740.0,741.0,4900
2001-05-17,356.643798828125,753.0,755.0,751.0,751.0,1500
2001-05-18,354.7491455078125,749.0,753.0,749.0,753.0,700
2001-05-21,345.7502136230469,730.0,770.0,730.0,745.0,10400
2001-05-22,350.4865417480469,740.0,740.0,738.0,738.0,1400
2001-05-23,350.4865417480469,740.0,750.0,740.0,740.0,900
2001-05-24,345.7502136230469,730.0,730.0,730.0,730.0,1000
2001-05-25,346.697509765625,732.0,742.0,732.0,742.0,900
2001-05-28,355.2227478027344,750.0,750.0,721.0,721.0,4000
2001-05-29,343.85565185546875,726.0,727.0,726.0,727.0,1300
2001-05-30,354.7491455078125,749.0,749.0,726.0,730.0,4700
2001-05-31,346.22381591796875,731.0,731.0,730.0,730.0,2900
2001-06-01,336.2777404785156,710.0,740.0,710.0,740.0,3500
2001-06-04,336.2777404785156,710.0,722.0,710.0,722.0,6800
2001-06-05,336.7511901855469,711.0,711.0,711.0,711.0,100
2001-06-06,341.01385498046875,720.0,720.0,712.0,712.0,400
2001-06-07,336.2777404785156,710.0,720.0,710.0,710.0,1800
2001-06-08,341.9611511230469,722.0,722.0,720.0,720.0,1600
2001-06-11,337.224853515625,712.0,722.0,712.0,722.0,1300
2001-06-12,341.01385498046875,720.0,720.0,720.0,720.0,1000
2001-06-13,337.69842529296875,713.0,720.0,713.0,720.0,300
2001-06-14,336.2777404785156,710.0,720.0,701.0,714.0,4700
2001-06-15,336.2777404785156,710.0,722.0,710.0,722.0,3400
2001-06-18,341.9611511230469,722.0,722.0,710.0,710.0,2000
2001-06-19,336.7511901855469,711.0,721.0,711.0,721.0,900
2001-06-20,335.8039855957031,709.0,709.0,692.0,708.0,4600
2001-06-21,334.38311767578125,706.0,709.0,706.0,709.0,400
2001-06-22,334.38311767578125,706.0,706.0,706.0,706.0,1000
2001-06-25,334.856689453125,707.0,707.0,706.0,706.0,1200
2001-06-26,338.64581298828125,715.0,715.0,714.0,714.0,900
2001-06-27,345.7502136230469,730.0,730.0,709.0,709.0,5500
2001-06-28,341.01385498046875,720.0,725.0,720.0,725.0,700
2001-06-29,341.01385498046875,720.0,720.0,720.0,720.0,0
2001-07-02,341.01385498046875,720.0,720.0,710.0,720.0,3300
2001-07-03,336.2777404785156,710.0,720.0,710.0,720.0,2100
2001-07-04,338.64581298828125,715.0,720.0,711.0,712.0,1600
2001-07-05,338.64581298828125,715.0,715.0,711.0,715.0,2300
2001-07-06,340.540283203125,719.0,719.0,710.0,710.0,5400
2001-07-09,331.5412902832031,700.0,712.0,700.0,712.0,1200
2001-07-10,333.909423828125,705.0,705.0,700.0,700.0,3300
2001-07-11,333.909423828125,705.0,705.0,705.0,705.0,1400
2001-07-12,333.909423828125,705.0,705.0,701.0,704.0,2500
2001-07-13,336.2777404785156,710.0,710.0,705.0,705.0,1500
2001-07-16,334.856689453125,707.0,710.0,707.0,710.0,4800
2001-07-17,334.38311767578125,706.0,710.0,706.0,708.0,2200
2001-07-18,332.4886169433594,702.0,702.0,702.0,702.0,1000
2001-07-19,332.4886169433594,702.0,704.0,702.0,704.0,1200
2001-07-20,332.4886169433594,702.0,702.0,702.0,702.0,0
2001-07-23,332.4886169433594,702.0,705.0,702.0,705.0,1500
2001-07-24,331.5412902832031,700.0,702.0,700.0,702.0,3100
2001-07-25,331.5412902832031,700.0,700.0,700.0,700.0,0
2001-07-26,319.70062255859375,675.0,705.0,675.0,705.0,6200
2001-07-27,333.909423828125,705.0,705.0,705.0,705.0,200
2001-07-30,329.1732177734375,695.0,700.0,690.0,700.0,2500
2001-07-31,333.909423828125,705.0,705.0,690.0,700.0,5800
2001-08-01,336.2777404785156,710.0,710.0,692.0,699.0,2900
2001-08-02,336.2777404785156,710.0,710.0,700.0,710.0,3100
2001-08-03,335.8039855957031,709.0,710.0,690.0,710.0,3200
2001-08-06,333.4358825683594,704.0,704.0,704.0,704.0,800
2001-08-07,332.0149841308594,701.0,701.0,701.0,701.0,100
2001-08-08,331.5412902832031,700.0,701.0,695.0,701.0,1200
2001-08-09,332.0149841308594,701.0,705.0,691.0,691.0,1200
2001-08-10,331.5412902832031,700.0,700.0,680.0,700.0,5000
2001-08-13,326.8050537109375,690.0,700.0,690.0,700.0,2500
2001-08-14,329.1732177734375,695.0,700.0,695.0,700.0,1200
2001-08-15,331.5412902832031,700.0,705.0,700.0,705.0,2000
2001-08-16,324.4368896484375,685.0,700.0,685.0,700.0,6600
2001-08-17,331.5412902832031,700.0,705.0,690.0,705.0,3500
2001-08-20,331.5412902832031,700.0,700.0,700.0,700.0,1700
2001-08-21,327.75225830078125,692.0,700.0,692.0,699.0,800
2001-08-22,331.5412902832031,700.0,700.0,700.0,700.0,100
2001-08-23,327.75225830078125,692.0,700.0,690.0,700.0,7300
2001-08-24,331.0675964355469,699.0,699.0,699.0,699.0,2300
2001-08-27,329.64678955078125,696.0,696.0,695.0,695.0,1200
2001-08-28,331.5412902832031,700.0,700.0,696.0,696.0,1700
2001-08-29,329.1732177734375,695.0,700.0,695.0,700.0,1900
2001-08-30,327.75225830078125,692.0,699.0,692.0,699.0,1800
2001-08-31,328.2259216308594,693.0,693.0,692.0,692.0,2200
2001-09-03,328.2259216308594,693.0,700.0,693.0,699.0,4100
2001-09-04,326.8050537109375,690.0,693.0,680.0,693.0,7100
2001-09-05,326.8050537109375,690.0,692.0,681.0,681.0,2400
2001-09-06,326.8050537109375,690.0,693.0,690.0,692.0,5100
2001-09-07,326.8050537109375,690.0,690.0,688.0,690.0,2900
2001-09-10,323.01593017578125,682.0,689.0,682.0,689.0,3700
2001-09-11,322.0686950683594,680.0,680.0,680.0,680.0,3400
2001-09-12,303.1235046386719,640.0,650.0,630.0,630.0,6800
2001-09-13,307.8597412109375,650.0,650.0,640.0,640.0,8200
2001-09-14,303.1235046386719,640.0,652.0,640.0,652.0,2200
2001-09-17,303.1235046386719,640.0,700.0,640.0,700.0,5400
2001-09-18,303.1235046386719,640.0,640.0,631.0,631.0,2100
2001-09-19,307.8597412109375,650.0,650.0,640.0,650.0,2300
2001-09-20,308.8070373535156,652.0,652.0,651.0,651.0,1600
2001-09-21,310.70166015625,656.0,656.0,645.0,645.0,900
2001-09-24,310.70166015625,656.0,656.0,656.0,656.0,0
2001-09-25,316.13128662109375,655.0,656.0,655.0,656.0,500
2001-09-26,316.13128662109375,655.0,655.0,655.0,655.0,2300
2001-09-27,308.89166259765625,640.0,640.0,640.0,640.0,100
2001-09-28,308.89166259765625,640.0,640.0,640.0,640.0,0
2001-10-01,313.71807861328125,650.0,650.0,642.0,650.0,3500
2001-10-02,313.71807861328125,650.0,659.0,650.0,659.0,300
2001-10-03,308.89166259765625,640.0,650.0,640.0,650.0,1200
2001-10-04,313.71807861328125,650.0,650.0,650.0,650.0,200
2001-10-05,313.71807861328125,650.0,650.0,650.0,650.0,200
2001-10-08,313.71807861328125,650.0,650.0,650.0,650.0,0
2001-10-09,306.9610290527344,636.0,640.0,636.0,640.0,1700
2001-10-10,313.71807861328125,650.0,650.0,640.0,640.0,5200
2001-10-11,306.4783935546875,635.0,635.0,635.0,635.0,600
2001-10-12,313.71807861328125,650.0,650.0,650.0,650.0,1000
2001-10-15,311.3048095703125,645.0,650.0,645.0,650.0,2600
2001-10-16,311.3048095703125,645.0,645.0,645.0,645.0,1300
2001-10-17,308.89166259765625,640.0,645.0,640.0,645.0,1100
2001-10-18,308.89166259765625,640.0,640.0,640.0,640.0,3800
2001-10-19,309.3743896484375,641.0,641.0,640.0,640.0,900
2001-10-22,306.4783935546875,635.0,640.0,635.0,635.0,6800
2001-10-23,306.4783935546875,635.0,635.0,630.0,635.0,4300
2001-10-24,304.065185546875,630.0,636.0,630.0,635.0,2800
2001-10-25,304.065185546875,630.0,644.0,630.0,644.0,2500
2001-10-26,313.2354736328125,649.0,649.0,636.0,649.0,3200
2001-10-29,309.3743896484375,641.0,641.0,641.0,641.0,600
2001-10-30,310.3395690917969,643.0,648.0,643.0,648.0,300
2001-10-31,313.71807861328125,650.0,650.0,641.0,643.0,2800
2001-11-01,304.5478820800781,631.0,640.0,631.0,640.0,7800
2001-11-02,308.89166259765625,640.0,640.0,639.0,639.0,2000
2001-11-05,306.4783935546875,635.0,645.0,635.0,635.0,2100
2001-11-06,304.065185546875,630.0,635.0,630.0,635.0,5700
2001-11-07,304.065185546875,630.0,631.0,630.0,631.0,2000
2001-11-08,304.5478820800781,631.0,631.0,631.0,631.0,700
2001-11-09,304.5478820800781,631.0,631.0,631.0,631.0,0
2001-11-12,306.4783935546875,635.0,635.0,635.0,635.0,100
2001-11-13,305.0304870605469,632.0,638.0,632.0,638.0,500
2001-11-14,306.4783935546875,635.0,636.0,631.0,631.0,2500
2001-11-15,308.408935546875,639.0,639.0,630.0,630.0,4600
2001-11-16,304.065185546875,630.0,639.0,630.0,631.0,2300
2001-11-19,307.9263916015625,638.0,638.0,638.0,638.0,200
2001-11-20,304.065185546875,630.0,630.0,630.0,630.0,1500
2001-11-21,304.065185546875,630.0,630.0,630.0,630.0,1100
2001-11-22,304.065185546875,630.0,630.0,630.0,630.0,2900
2001-11-23,304.065185546875,630.0,630.0,630.0,630.0,0
2001-11-26,304.065185546875,630.0,630.0,630.0,630.0,2000
2001-11-27,304.065185546875,630.0,630.0,630.0,630.0,0
2001-11-28,306.4783935546875,635.0,635.0,635.0,635.0,900
2001-11-29,307.4437255859375,637.0,639.0,637.0,639.0,500
2001-11-30,308.408935546875,639.0,639.0,639.0,639.0,100
2001-12-03,308.408935546875,639.0,639.0,639.0,639.0,0
2001-12-04,308.89166259765625,640.0,640.0,636.0,639.0,2200
2001-12-05,308.89166259765625,640.0,640.0,640.0,640.0,100
2001-12-06,306.4783935546875,635.0,640.0,635.0,640.0,1500
2001-12-07,312.7527770996094,648.0,649.0,648.0,649.0,1600
2001-12-10,301.6519775390625,625.0,645.0,625.0,645.0,800
2001-12-11,302.1346435546875,626.0,626.0,626.0,626.0,200
2001-12-12,300.2041015625,622.0,626.0,622.0,626.0,600
2001-12-13,304.065185546875,630.0,630.0,623.0,630.0,800
2001-12-14,301.6519775390625,625.0,625.0,622.0,625.0,2600
2001-12-17,300.68670654296875,623.0,630.0,623.0,630.0,2000
2001-12-18,300.2041015625,622.0,623.0,622.0,623.0,1800
2001-12-19,289.5859680175781,600.0,601.0,600.0,601.0,2800
2001-12-20,289.5859680175781,600.0,600.0,600.0,600.0,2100
2001-12-21,290.5511474609375,602.0,609.0,601.0,601.0,1400
2001-12-24,290.5511474609375,602.0,602.0,602.0,602.0,0
2001-12-25,289.5859680175781,600.0,602.0,600.0,601.0,1600
2001-12-26,299.23883056640625,620.0,630.0,620.0,630.0,3100
2001-12-27,294.4123840332031,610.0,610.0,610.0,610.0,100
2001-12-28,294.4123840332031,610.0,610.0,610.0,610.0,0
2001-12-31,294.4123840332031,610.0,610.0,610.0,610.0,0
2002-01-01,294.4123840332031,610.0,610.0,610.0,610.0,0
2002-01-02,294.4123840332031,610.0,610.0,610.0,610.0,0
2002-01-03,294.4123840332031,610.0,610.0,610.0,610.0,0
2002-01-04,291.0338134765625,603.0,603.0,603.0,603.0,100
2002-01-07,291.99908447265625,605.0,605.0,605.0,605.0,400
2002-01-08,291.99908447265625,605.0,605.0,605.0,605.0,1000
2002-01-09,293.44708251953125,608.0,610.0,608.0,610.0,2100
2002-01-10,294.4123840332031,610.0,610.0,610.0,610.0,900
2002-01-11,294.4123840332031,610.0,610.0,610.0,610.0,1200
2002-01-14,294.4123840332031,610.0,610.0,610.0,610.0,0
2002-01-15,292.4818420410156,606.0,620.0,606.0,620.0,7400
2002-01-16,291.99908447265625,605.0,605.0,605.0,605.0,100
2002-01-17,290.06854248046875,601.0,601.0,601.0,601.0,700
2002-01-18,290.06854248046875,601.0,601.0,601.0,601.0,0
2002-01-21,290.06854248046875,601.0,605.0,601.0,602.0,2900
2002-01-22,289.5859680175781,600.0,605.0,600.0,601.0,4000
2002-01-23,285.72479248046875,592.0,600.0,592.0,599.0,2500
2002-01-24,289.5859680175781,600.0,600.0,590.0,600.0,4200
2002-01-25,291.99908447265625,605.0,610.0,600.0,610.0,1200
2002-01-28,294.4123840332031,610.0,610.0,610.0,610.0,100
2002-01-29,291.99908447265625,605.0,605.0,591.0,605.0,1100
2002-01-30,291.0338134765625,603.0,603.0,603.0,603.0,400
2002-01-31,291.0338134765625,603.0,603.0,603.0,603.0,0
2002-02-01,291.99908447265625,605.0,605.0,599.0,599.0,2500
2002-02-04,285.72479248046875,592.0,600.0,592.0,600.0,2100
2002-02-05,289.5859680175781,600.0,600.0,595.0,600.0,700
2002-02-06,287.1727600097656,595.0,598.0,595.0,598.0,2400
2002-02-07,289.5859680175781,600.0,600.0,595.0,595.0,800
2002-02-08,289.5859680175781,600.0,600.0,600.0,600.0,600
2002-02-11,289.5859680175781,600.0,600.0,600.0,600.0,0
2002-02-12,287.1727600097656,595.0,595.0,587.0,587.0,2300
2002-02-13,289.5859680175781,600.0,600.0,600.0,600.0,2100
2002-02-14,293.9296569824219,609.0,609.0,600.0,600.0,5500
2002-02-15,294.4123840332031,610.0,614.0,610.0,614.0,1900
2002-02-18,291.99908447265625,605.0,615.0,605.0,615.0,2400
2002-02-19,296.343017578125,614.0,614.0,610.0,614.0,4000
2002-02-20,294.4123840332031,610.0,610.0,605.0,605.0,1500
2002-02-21,293.9296569824219,609.0,609.0,609.0,609.0,100
2002-02-22,292.4818420410156,606.0,606.0,605.0,605.0,1500
2002-02-25,299.23883056640625,620.0,620.0,610.0,610.0,1000
2002-02-26,299.23883056640625,620.0,620.0,620.0,620.0,900
2002-02-27,299.23883056640625,620.0,620.0,620.0,620.0,100
2002-02-28,299.23883056640625,620.0,620.0,620.0,620.0,2900
2002-03-01,299.23883056640625,620.0,620.0,620.0,620.0,500
2002-03-04,309.3743896484375,641.0,660.0,641.0,660.0,300
2002-03-05,309.85693359375,642.0,651.0,642.0,649.0,5500
2002-03-06,316.13128662109375,655.0,655.0,643.0,643.0,2100
2002-03-07,309.85693359375,642.0,650.0,642.0,650.0,3400
2002-03-08,311.3048095703125,645.0,645.0,640.0,640.0,800
2002-03-11,316.6139221191406,656.0,656.0,645.0,650.0,1600
2002-03-12,318.0618591308594,659.0,659.0,650.0,654.0,4900
2002-03-13,318.5445861816406,660.0,660.0,651.0,658.0,4900
2002-03-14,315.64862060546875,654.0,659.0,651.0,659.0,1900
2002-03-15,315.64862060546875,654.0,654.0,650.0,654.0,4100
2002-03-18,323.3710021972656,670.0,670.0,660.0,660.0,4400
2002-03-19,336.40240478515625,697.0,710.0,674.0,674.0,26500
2002-03-20,328.6800537109375,681.0,697.0,680.0,696.0,6500
2002-03-21,328.6800537109375,681.0,681.0,681.0,681.0,0
2002-03-22,336.40240478515625,697.0,697.0,681.0,687.0,8300
2002-03-25,337.8502502441406,700.0,705.0,690.0,690.0,6200
2002-03-26,329.1307678222656,670.0,700.0,670.0,700.0,1000
2002-03-27,319.30596923828125,650.0,670.0,650.0,670.0,1700
2002-03-28,314.3935852050781,640.0,650.0,640.0,650.0,2000
2002-03-29,313.9023132324219,639.0,640.0,621.0,640.0,3900
2002-04-01,333.5518798828125,679.0,679.0,679.0,679.0,200
2002-04-02,314.3935852050781,640.0,675.0,640.0,675.0,2000
2002-04-03,324.21832275390625,660.0,660.0,640.0,640.0,900
2002-04-04,315.37603759765625,642.0,643.0,641.0,641.0,700
2002-04-05,315.86737060546875,643.0,644.0,642.0,642.0,3600
2002-04-08,316.8497619628906,645.0,650.0,645.0,650.0,500
2002-04-09,321.7621154785156,655.0,655.0,645.0,645.0,900
2002-04-10,319.30596923828125,650.0,650.0,650.0,650.0,700
2002-04-11,331.5869445800781,675.0,690.0,651.0,655.0,4900
2002-04-12,319.79705810546875,651.0,655.0,651.0,655.0,600
2002-04-15,321.2708740234375,654.0,654.0,645.0,645.0,5300
2002-04-16,314.3935852050781,640.0,640.0,640.0,640.0,6200
2002-04-17,314.3935852050781,640.0,641.0,625.0,641.0,900
2002-04-18,322.74468994140625,657.0,657.0,649.0,649.0,3000
2002-04-19,326.6745300292969,665.0,665.0,650.0,650.0,2200
2002-04-22,326.6745300292969,665.0,666.0,665.0,665.0,2100
2002-04-23,319.79705810546875,651.0,665.0,651.0,665.0,1200
2002-04-24,319.79705810546875,651.0,655.0,651.0,655.0,1200
2002-04-25,335.0255432128906,682.0,682.0,651.0,651.0,2100
2002-04-26,333.0606384277344,678.0,678.0,678.0,678.0,700
2002-04-29,333.0606384277344,678.0,678.0,678.0,678.0,0
2002-04-30,329.1307678222656,670.0,678.0,670.0,677.0,3700
2002-05-01,329.1307678222656,670.0,676.0,670.0,676.0,2300
2002-05-02,329.1307678222656,670.0,671.0,670.0,671.0,700
2002-05-03,329.1307678222656,670.0,670.0,670.0,670.0,0
2002-05-06,329.1307678222656,670.0,670.0,670.0,670.0,0
2002-05-07,329.1307678222656,670.0,685.0,670.0,670.0,5400
2002-05-08,329.1307678222656,670.0,670.0,670.0,670.0,900
2002-05-09,331.5869445800781,675.0,698.0,655.0,655.0,6000
2002-05-10,338.9555969238281,690.0,704.0,675.0,685.0,10000
2002-05-13,329.1307678222656,670.0,690.0,670.0,690.0,3200
2002-05-14,337.97308349609375,688.0,688.0,672.0,672.0,200
2002-05-15,337.97308349609375,688.0,689.0,670.0,689.0,2900
2002-05-16,331.5869445800781,675.0,675.0,675.0,675.0,200
2002-05-17,331.5869445800781,675.0,675.0,675.0,675.0,600
2002-05-20,334.04315185546875,680.0,680.0,680.0,680.0,300
2002-05-21,336.9906005859375,686.0,700.0,682.0,682.0,9300
2002-05-22,336.9906005859375,686.0,700.0,686.0,700.0,4800
2002-05-23,338.9555969238281,690.0,690.0,690.0,690.0,2800
2002-05-24,340.9205627441406,694.0,694.0,690.0,690.0,4200
2002-05-27,343.8678894042969,700.0,705.0,695.0,695.0,1800
2002-05-28,338.9555969238281,690.0,705.0,690.0,700.0,3100
2002-05-29,338.9555969238281,690.0,695.0,690.0,691.0,2800
2002-05-30,338.9555969238281,690.0,698.0,690.0,698.0,1200
2002-05-31,343.8678894042969,700.0,700.0,698.0,698.0,700
2002-06-03,343.8678894042969,700.0,700.0,700.0,700.0,200
2002-06-04,343.8678894042969,700.0,701.0,700.0,701.0,5100
2002-06-05,334.04315185546875,680.0,700.0,680.0,700.0,1700
2002-06-06,343.3767395019531,699.0,699.0,699.0,699.0,200
2002-06-07,338.9555969238281,690.0,690.0,649.0,649.0,1900
2002-06-10,338.9555969238281,690.0,690.0,690.0,690.0,100
2002-06-11,338.9555969238281,690.0,690.0,690.0,690.0,0
2002-06-12,335.5168762207031,683.0,683.0,683.0,683.0,1000
2002-06-13,338.9555969238281,690.0,690.0,690.0,690.0,1000
2002-06-14,338.9555969238281,690.0,690.0,690.0,690.0,200
2002-06-17,338.9555969238281,690.0,690.0,690.0,690.0,1600
2002-06-18,319.30596923828125,650.0,650.0,650.0,650.0,500
2002-06-19,324.7096252441406,661.0,661.0,661.0,661.0,100
2002-06-20,319.79705810546875,651.0,661.0,651.0,661.0,1100
2002-06-21,324.21832275390625,660.0,680.0,660.0,680.0,500
2002-06-24,328.6395568847656,669.0,669.0,669.0,669.0,400
2002-06-25,324.21832275390625,660.0,660.0,660.0,660.0,1600
2002-06-26,324.21832275390625,660.0,669.0,660.0,669.0,1100
2002-06-27,324.21832275390625,660.0,660.0,660.0,660.0,5600
2002-06-28,331.5869445800781,675.0,675.0,665.0,668.0,2000
2002-07-01,324.21832275390625,660.0,660.0,660.0,660.0,300
2002-07-02,325.2008972167969,662.0,662.0,662.0,662.0,200
2002-07-03,326.6745300292969,665.0,665.0,663.0,663.0,300
2002-07-04,329.1307678222656,670.0,695.0,664.0,680.0,2700
2002-07-05,334.04315185546875,680.0,680.0,660.0,680.0,2100
2002-07-08,329.1307678222656,670.0,690.0,670.0,690.0,1400
2002-07-09,329.1307678222656,670.0,670.0,670.0,670.0,0
2002-07-10,334.53436279296875,681.0,689.0,661.0,680.0,2300
2002-07-11,336.4993896484375,685.0,685.0,667.0,684.0,1200
2002-07-12,336.00811767578125,684.0,685.0,660.0,685.0,4500
2002-07-15,329.1307678222656,670.0,690.0,670.0,690.0,4500
2002-07-16,328.6395568847656,669.0,669.0,655.0,669.0,3600
2002-07-17,328.14825439453125,668.0,668.0,668.0,668.0,200
2002-07-18,314.8847961425781,641.0,668.0,641.0,668.0,4100
2002-07-19,328.14825439453125,668.0,668.0,668.0,668.0,100
2002-07-22,319.30596923828125,650.0,650.0,648.0,648.0,200
2002-07-23,314.8847961425781,641.0,650.0,641.0,650.0,2400
2002-07-24,315.37603759765625,642.0,642.0,642.0,642.0,400
2002-07-25,319.30596923828125,650.0,650.0,650.0,650.0,700
2002-07-26,316.8497619628906,645.0,660.0,645.0,660.0,1800
2002-07-29,324.21832275390625,660.0,660.0,655.0,655.0,1000
2002-07-30,324.21832275390625,660.0,660.0,660.0,660.0,0
2002-07-31,311.9374084472656,635.0,641.0,635.0,641.0,5600
2002-08-01,321.7621154785156,655.0,655.0,655.0,655.0,1900
2002-08-02,311.9374084472656,635.0,635.0,635.0,635.0,1000
2002-08-05,311.9374084472656,635.0,635.0,635.0,635.0,1100
2002-08-06,299.6563720703125,610.0,610.0,605.0,605.0,2000
2002-08-07,309.9724426269531,631.0,631.0,611.0,611.0,2600
2002-08-08,319.30596923828125,650.0,655.0,631.0,655.0,1400
2002-08-09,319.30596923828125,650.0,650.0,650.0,650.0,0
2002-08-12,319.30596923828125,650.0,660.0,640.0,660.0,1900
2002-08-13,307.5162048339844,626.0,626.0,626.0,626.0,500
2002-08-14,318.814697265625,649.0,649.0,630.0,630.0,1200
2002-08-15,323.7271423339844,659.0,659.0,659.0,659.0,1600
2002-08-16,319.30596923828125,650.0,650.0,620.0,620.0,22100
2002-08-19,309.4811096191406,630.0,630.0,630.0,630.0,500
2002-08-20,309.9724426269531,631.0,635.0,631.0,635.0,1700
2002-08-21,318.814697265625,649.0,650.0,649.0,650.0,400
2002-08-22,316.8497619628906,645.0,645.0,645.0,645.0,200
2002-08-23,316.8497619628906,645.0,645.0,645.0,645.0,0
2002-08-26,311.9374084472656,635.0,645.0,635.0,644.0,2800
2002-08-27,318.3235168457031,648.0,648.0,630.0,630.0,1500
2002-08-28,313.41107177734375,638.0,638.0,631.0,638.0,1500
2002-08-29,308.00750732421875,627.0,630.0,627.0,630.0,1000
2002-08-30,318.3235168457031,648.0,648.0,626.0,630.0,3700
2002-09-02,318.3235168457031,648.0,648.0,648.0,648.0,100
2002-09-03,307.0249328613281,625.0,648.0,625.0,648.0,1000
2002-09-04,299.6563720703125,610.0,624.0,610.0,623.0,7700
2002-09-05,298.1826477050781,607.0,608.0,606.0,606.0,2900
2002-09-06,302.11248779296875,615.0,616.0,607.0,616.0,3100
2002-09-09,302.603759765625,616.0,631.0,610.0,612.0,2900
2002-09-10,302.11248779296875,615.0,625.0,615.0,625.0,3000
2002-09-11,302.603759765625,616.0,625.0,616.0,625.0,2100
2002-09-12,302.11248779296875,615.0,620.0,615.0,620.0,1500
2002-09-13,309.4811096191406,630.0,630.0,622.0,622.0,1300
2002-09-16,309.4811096191406,630.0,630.0,630.0,630.0,0
2002-09-17,313.41107177734375,638.0,640.0,638.0,640.0,36200
2002-09-18,311.9374084472656,635.0,640.0,635.0,640.0,2100
2002-09-19,300.6387939453125,612.0,612.0,612.0,612.0,1000
2002-09-20,309.4811096191406,630.0,636.0,630.0,636.0,4000
2002-09-23,309.4811096191406,630.0,630.0,630.0,630.0,0
2002-09-24,304.5686950683594,620.0,622.0,618.0,620.0,6800
2002-09-25,300.68487548828125,600.0,600.0,600.0,600.0,1400
2002-09-26,303.1905822753906,605.0,630.0,605.0,630.0,900
2002-09-27,300.68487548828125,600.0,610.0,600.0,610.0,5200
2002-09-30,313.2134094238281,625.0,625.0,625.0,625.0,600
2002-10-01,310.7076721191406,620.0,620.0,620.0,620.0,100
2002-10-02,310.7076721191406,620.0,620.0,620.0,620.0,0
2002-10-03,310.7076721191406,620.0,620.0,620.0,620.0,0
2002-10-04,303.1905822753906,605.0,605.0,600.0,600.0,700
2002-10-07,300.68487548828125,600.0,600.0,600.0,600.0,700
2002-10-08,295.6734924316406,590.0,600.0,590.0,600.0,4200
2002-10-09,291.16326904296875,581.0,590.0,581.0,590.0,2900
2002-10-10,288.65753173828125,576.0,581.0,576.0,580.0,4300
2002-10-11,285.6506652832031,570.0,578.0,570.0,576.0,5400
2002-10-14,285.6506652832031,570.0,570.0,570.0,570.0,0
2002-10-15,285.6506652832031,570.0,585.0,555.0,570.0,6600
2002-10-16,285.6506652832031,570.0,580.0,570.0,571.0,2100
2002-10-17,290.6620788574219,580.0,580.0,580.0,580.0,300
2002-10-18,285.6506652832031,570.0,589.0,570.0,589.0,1300
2002-10-21,286.15179443359375,571.0,589.0,570.0,589.0,2400
2002-10-22,290.6620788574219,580.0,580.0,572.0,572.0,1200
2002-10-23,290.6620788574219,580.0,580.0,580.0,580.0,600
2002-10-24,290.1609191894531,579.0,579.0,579.0,579.0,100
2002-10-25,291.16326904296875,581.0,589.0,581.0,589.0,1100
2002-10-28,291.16326904296875,581.0,581.0,581.0,581.0,100
2002-10-29,290.6620788574219,580.0,580.0,570.0,570.0,5000
2002-10-30,280.6392517089844,560.0,561.0,560.0,561.0,3200
2002-10-31,290.6620788574219,580.0,580.0,561.0,570.0,1300
2002-11-01,285.6506652832031,570.0,570.0,560.0,570.0,500
2002-11-04,285.6506652832031,570.0,570.0,570.0,570.0,0
2002-11-05,290.6620788574219,580.0,610.0,580.0,580.0,1400
2002-11-06,291.16326904296875,581.0,581.0,581.0,581.0,100
2002-11-07,295.6734924316406,590.0,600.0,572.0,572.0,1100
2002-11-08,300.68487548828125,600.0,600.0,589.0,589.0,1200
2002-11-11,290.6620788574219,580.0,590.0,580.0,590.0,1900
2002-11-12,295.6734924316406,590.0,590.0,580.0,580.0,200
2002-11-13,288.65753173828125,576.0,590.0,576.0,589.0,1100
2002-11-14,293.1677551269531,585.0,585.0,577.0,578.0,500
2002-11-15,295.17236328125,589.0,589.0,587.0,589.0,2300
2002-11-18,285.6506652832031,570.0,570.0,570.0,570.0,800
2002-11-19,269.6141662597656,538.0,570.0,538.0,570.0,1300
2002-11-20,290.6620788574219,580.0,580.0,498.0,558.0,10100
2002-11-21,275.62786865234375,550.0,550.0,546.0,546.0,2900
2002-11-22,278.13348388671875,555.0,579.0,555.0,579.0,400
2002-11-25,278.13348388671875,555.0,555.0,555.0,555.0,1300
2002-11-26,293.1677551269531,585.0,585.0,585.0,585.0,700
2002-11-27,280.6392517089844,560.0,560.0,531.0,531.0,1300
2002-11-28,280.6392517089844,560.0,560.0,545.0,545.0,400
2002-11-29,275.62786865234375,550.0,560.0,550.0,560.0,1500
2002-12-02,275.62786865234375,550.0,550.0,550.0,550.0,0
2002-12-03,275.62786865234375,550.0,570.0,550.0,570.0,3300
2002-12-04,265.6049499511719,530.0,550.0,530.0,550.0,3100
2002-12-05,275.62786865234375,550.0,550.0,530.0,530.0,2800
2002-12-06,267.10845947265625,533.0,566.0,533.0,566.0,2400
2002-12-09,267.10845947265625,533.0,535.0,533.0,533.0,3300
2002-12-10,273.1221008300781,545.0,553.0,540.0,553.0,1200
2002-12-11,267.10845947265625,533.0,545.0,533.0,540.0,600
2002-12-12,268.1106872558594,535.0,535.0,535.0,535.0,900
2002-12-13,275.62786865234375,550.0,550.0,540.0,540.0,600
2002-12-16,265.6049499511719,530.0,555.0,530.0,555.0,4300
2002-12-17,267.10845947265625,533.0,535.0,531.0,531.0,1400
2002-12-18,265.6049499511719,530.0,549.0,530.0,545.0,7200
2002-12-19,263.60040283203125,526.0,540.0,525.0,540.0,4300
2002-12-20,275.1266174316406,549.0,550.0,525.0,525.0,4100
2002-12-23,275.1266174316406,549.0,549.0,549.0,549.0,0
2002-12-24,263.0993347167969,525.0,535.0,521.0,530.0,4600
2002-12-25,265.6049499511719,530.0,530.0,525.0,530.0,2900
2002-12-26,278.6346435546875,556.0,560.0,550.0,560.0,4000
2002-12-27,278.6346435546875,556.0,556.0,540.0,556.0,2000
2002-12-30,293.66888427734375,586.0,586.0,586.0,586.0,1200
2002-12-31,293.66888427734375,586.0,586.0,586.0,586.0,0
2003-01-01,293.66888427734375,586.0,586.0,586.0,586.0,0
2003-01-02,293.66888427734375,586.0,586.0,586.0,586.0,0
2003-01-03,293.66888427734375,586.0,586.0,586.0,586.0,0
2003-01-06,287.65521240234375,574.0,575.0,573.0,573.0,600
2003-01-07,287.65521240234375,574.0,574.0,574.0,574.0,700
2003-01-08,275.62786865234375,550.0,550.0,550.0,550.0,800
2003-01-09,280.6392517089844,560.0,575.0,560.0,575.0,600
2003-01-10,281.1404113769531,561.0,561.0,561.0,561.0,200
2003-01-13,281.1404113769531,561.0,561.0,561.0,561.0,0
2003-01-14,287.65521240234375,574.0,574.0,561.0,561.0,1500
2003-01-15,280.6392517089844,560.0,574.0,560.0,574.0,6400
2003-01-16,287.65521240234375,574.0,574.0,574.0,574.0,100
2003-01-17,288.15631103515625,575.0,575.0,574.0,574.0,400
2003-01-20,280.6392517089844,560.0,560.0,560.0,560.0,300
2003-01-21,282.14263916015625,563.0,575.0,563.0,575.0,200
2003-01-22,281.1404113769531,561.0,564.0,560.0,564.0,2400
2003-01-23,285.6506652832031,570.0,570.0,558.0,560.0,3300
2003-01-24,290.6620788574219,580.0,580.0,580.0,580.0,900
2003-01-27,287.1540832519531,573.0,580.0,571.0,580.0,1500
2003-01-28,280.6392517089844,560.0,570.0,560.0,570.0,500
2003-01-29,283.6460876464844,566.0,570.0,566.0,570.0,900
2003-01-30,283.14495849609375,565.0,565.0,565.0,565.0,400
2003-01-31,278.6346435546875,556.0,580.0,556.0,579.0,1600
2003-02-03,288.65753173828125,576.0,576.0,576.0,576.0,100
2003-02-04,288.15631103515625,575.0,577.0,565.0,565.0,700
2003-02-05,288.15631103515625,575.0,575.0,575.0,575.0,0
2003-02-06,281.1404113769531,561.0,575.0,561.0,575.0,1000
2003-02-07,289.1585998535156,577.0,577.0,566.0,566.0,700
2003-02-10,283.14495849609375,565.0,565.0,565.0,565.0,300
2003-02-11,283.14495849609375,565.0,565.0,565.0,565.0,0
2003-02-12,290.1609191894531,579.0,585.0,570.0,585.0,1800
2003-02-13,289.6597900390625,578.0,579.0,578.0,579.0,200
2003-02-14,295.6734924316406,590.0,590.0,571.0,571.0,4200
2003-02-17,297.6780090332031,594.0,594.0,589.0,590.0,2500
2003-02-18,298.6802978515625,596.0,596.0,590.0,596.0,1300
2003-02-19,300.1837158203125,599.0,600.0,596.0,596.0,3600
2003-02-20,303.1905822753906,605.0,605.0,590.0,599.0,2000
2003-02-21,302.1883544921875,603.0,610.0,603.0,610.0,1800
2003-02-24,303.1905822753906,605.0,605.0,604.0,604.0,1200
2003-02-25,302.1883544921875,603.0,603.0,603.0,603.0,0
2003-02-26,295.6734924316406,590.0,613.0,590.0,613.0,700
2003-02-27,295.6734924316406,590.0,590.0,590.0,590.0,100
2003-02-28,290.6620788574219,580.0,580.0,580.0,580.0,200
2003-03-03,285.6506652832031,570.0,582.0,570.0,582.0,1500
2003-03-04,285.6506652832031,570.0,590.0,570.0,590.0,4100
2003-03-05,288.15631103515625,575.0,575.0,575.0,575.0,0
2003-03-06,285.6506652832031,570.0,584.0,568.0,584.0,4500
2003-03-07,285.6506652832031,570.0,575.0,568.0,570.0,3500
2003-03-10,285.6506652832031,570.0,580.0,568.0,580.0,2400
2003-03-11,290.6620788574219,580.0,580.0,570.0,570.0,1000
2003-03-12,285.6506652832031,570.0,570.0,560.0,570.0,1900
2003-03-13,285.6506652832031,570.0,570.0,570.0,570.0,1700
2003-03-14,290.6620788574219,580.0,580.0,560.0,570.0,4100
2003-03-17,290.6620788574219,580.0,590.0,580.0,590.0,4500
2003-03-18,290.6620788574219,580.0,580.0,580.0,580.0,2100
2003-03-19,285.6506652832031,570.0,580.0,570.0,580.0,1600
2003-03-20,285.6506652832031,570.0,570.0,570.0,570.0,0
2003-03-21,285.6506652832031,570.0,570.0,570.0,570.0,0
2003-03-24,295.6734924316406,590.0,590.0,585.0,590.0,2500
2003-03-25,296.1745910644531,591.0,592.0,585.0,585.0,2900
2003-03-26,301.9317626953125,590.0,590.0,590.0,590.0,500
2003-03-27,299.3730163574219,585.0,585.0,585.0,585.0,0
2003-03-28,296.8142395019531,580.0,580.0,580.0,580.0,1000
2003-03-31,296.8142395019531,580.0,580.0,580.0,580.0,0
2003-04-01,296.8142395019531,580.0,580.0,580.0,580.0,0
2003-04-02,296.8142395019531,580.0,580.0,580.0,580.0,0
2003-04-03,296.8142395019531,580.0,580.0,580.0,580.0,800
2003-04-04,291.6968688964844,570.0,570.0,570.0,570.0,100
2003-04-07,285.0440979003906,557.0,571.0,557.0,571.0,5900
2003-04-08,301.4200439453125,589.0,590.0,551.0,551.0,1600
2003-04-09,284.53228759765625,556.0,560.0,556.0,560.0,5400
2003-04-10,299.8847961425781,586.0,586.0,580.0,586.0,600
2003-04-11,286.57928466796875,560.0,560.0,559.0,560.0,4900
2003-04-14,293.74383544921875,574.0,574.0,560.0,562.0,1700
2003-04-15,298.8612365722656,584.0,584.0,580.0,580.0,2400
2003-04-16,296.8142395019531,580.0,582.0,580.0,580.0,3700
2003-04-17,296.8142395019531,580.0,580.0,580.0,580.0,100
2003-04-18,296.8142395019531,580.0,580.0,580.0,580.0,0
2003-04-21,296.3026123046875,579.0,579.0,579.0,579.0,100
2003-04-22,287.6028137207031,562.0,562.0,562.0,562.0,1000
2003-04-23,291.6968688964844,570.0,582.0,570.0,582.0,3100
2003-04-24,289.1380615234375,565.0,570.0,565.0,570.0,200
2003-04-25,296.8142395019531,580.0,580.0,580.0,580.0,600
2003-04-28,296.3026123046875,579.0,579.0,571.0,571.0,600
2003-04-29,296.3026123046875,579.0,579.0,579.0,579.0,0
2003-04-30,290.6733093261719,568.0,568.0,568.0,568.0,100
2003-05-01,289.1380615234375,565.0,580.0,565.0,580.0,2200
2003-05-02,289.1380615234375,565.0,580.0,565.0,575.0,1700
2003-05-05,289.1380615234375,565.0,565.0,565.0,565.0,0
2003-05-06,291.6968688964844,570.0,574.0,566.0,574.0,1700
2003-05-07,293.74383544921875,574.0,574.0,567.0,567.0,3000
2003-05-08,290.6733093261719,568.0,576.0,568.0,576.0,900
2003-05-09,291.6968688964844,570.0,579.0,570.0,578.0,500
2003-05-12,296.8142395019531,580.0,580.0,580.0,580.0,2100
2003-05-13,296.8142395019531,580.0,585.0,575.0,585.0,2200
2003-05-14,291.6968688964844,570.0,580.0,570.0,580.0,4200
2003-05-15,291.6968688964844,570.0,570.0,570.0,570.0,3600
2003-05-16,296.8142395019531,580.0,580.0,570.0,575.0,1900
2003-05-19,296.8142395019531,580.0,580.0,579.0,580.0,1800
2003-05-20,294.25555419921875,575.0,580.0,570.0,580.0,1200
2003-05-21,294.25555419921875,575.0,575.0,575.0,575.0,0
2003-05-22,304.49053955078125,595.0,595.0,575.0,575.0,1700
2003-05-23,295.2790832519531,577.0,580.0,577.0,577.0,1200
2003-05-26,298.3495788574219,583.0,600.0,583.0,600.0,1700
2003-05-27,307.5610656738281,601.0,605.0,600.0,600.0,4900
2003-05-28,310.1197814941406,606.0,608.0,600.0,601.0,3700
2003-05-29,309.60797119140625,605.0,605.0,600.0,600.0,200
2003-05-30,309.60797119140625,605.0,605.0,605.0,605.0,1500
2003-06-02,308.5845642089844,603.0,608.0,603.0,603.0,2800
2003-06-03,307.0492858886719,600.0,606.0,600.0,606.0,1100
2003-06-04,307.0492858886719,600.0,600.0,600.0,600.0,300
2003-06-05,308.07269287109375,602.0,603.0,600.0,602.0,2400
2003-06-06,309.60797119140625,605.0,605.0,605.0,605.0,1200
2003-06-09,309.60797119140625,605.0,605.0,605.0,605.0,1500
2003-06-10,312.1667785644531,610.0,610.0,605.0,605.0,3900
2003-06-11,314.7254638671875,615.0,615.0,610.0,610.0,3400
2003-06-12,314.7254638671875,615.0,615.0,615.0,615.0,1800
2003-06-13,317.2842102050781,620.0,622.0,615.0,618.0,3900
2003-06-16,309.60797119140625,605.0,612.0,605.0,611.0,8400
2003-06-17,317.2842102050781,620.0,620.0,611.0,611.0,6800
2003-06-18,315.2372741699219,616.0,620.0,616.0,619.0,9000
2003-06-19,317.2842102050781,620.0,620.0,618.0,620.0,3800
2003-06-20,315.2372741699219,616.0,616.0,616.0,616.0,300
2003-06-23,318.3077087402344,622.0,622.0,617.0,620.0,2700
2003-06-24,313.7020263671875,613.0,619.0,613.0,615.0,2900
2003-06-25,317.2842102050781,620.0,620.0,613.0,613.0,4200
2003-06-26,318.3077087402344,622.0,622.0,616.0,621.0,4800
2003-06-27,317.2842102050781,620.0,622.0,619.0,620.0,1700
2003-06-30,319.33123779296875,624.0,624.0,622.0,624.0,5100
2003-07-01,318.3077087402344,622.0,628.0,622.0,624.0,3600
2003-07-02,321.3782653808594,628.0,628.0,624.0,624.0,4100
2003-07-03,321.3782653808594,628.0,630.0,626.0,626.0,7700
2003-07-04,319.843017578125,625.0,628.0,625.0,628.0,6500
2003-07-07,323.93701171875,633.0,633.0,625.0,625.0,2400
2003-07-08,320.354736328125,626.0,626.0,613.0,613.0,4100
2003-07-09,322.4017028808594,630.0,633.0,626.0,626.0,6600
2003-07-10,324.9604797363281,635.0,637.0,630.0,630.0,4600
2003-07-11,322.4017028808594,630.0,635.0,630.0,634.0,6400
2003-07-14,324.44873046875,634.0,634.0,632.0,632.0,400
2003-07-15,324.9604797363281,635.0,636.0,630.0,636.0,8700
2003-07-16,325.4722595214844,636.0,650.0,635.0,635.0,5100
2003-07-17,325.4722595214844,636.0,648.0,636.0,637.0,2200
2003-07-18,322.4017028808594,630.0,635.0,630.0,634.0,1600
2003-07-21,322.4017028808594,630.0,630.0,630.0,630.0,0
2003-07-22,319.843017578125,625.0,646.0,625.0,630.0,3000
2003-07-23,324.9604797363281,635.0,635.0,633.0,634.0,2000
2003-07-24,325.4722595214844,636.0,636.0,635.0,635.0,1400
2003-07-25,332.6366882324219,650.0,650.0,643.0,643.0,3600
2003-07-28,331.6133117675781,648.0,648.0,640.0,648.0,2700
2003-07-29,332.6366882324219,650.0,650.0,649.0,650.0,2900
2003-07-30,331.6133117675781,648.0,650.0,648.0,650.0,1500
2003-07-31,331.10150146484375,647.0,650.0,647.0,650.0,3400
2003-08-01,336.2190246582031,657.0,657.0,641.0,648.0,5300
2003-08-04,335.1954650878906,655.0,655.0,645.0,645.0,1200
2003-08-05,327.0074462890625,639.0,650.0,639.0,648.0,4100
2003-08-06,326.49578857421875,638.0,639.0,638.0,638.0,1400
2003-08-07,330.0779724121094,645.0,655.0,639.0,639.0,1400
2003-08-08,328.54278564453125,642.0,648.0,642.0,648.0,1800
2003-08-11,330.0779724121094,645.0,645.0,640.0,645.0,600
2003-08-12,332.6366882324219,650.0,650.0,645.0,647.0,1400
2003-08-13,334.1719665527344,653.0,655.0,651.0,652.0,1500
2003-08-14,334.6836853027344,654.0,655.0,654.0,654.0,1200
2003-08-15,337.7542419433594,660.0,660.0,660.0,660.0,3100
2003-08-18,337.7542419433594,660.0,665.0,655.0,660.0,3400
2003-08-19,335.1954650878906,655.0,665.0,655.0,665.0,5300
2003-08-20,335.1954650878906,655.0,660.0,655.0,660.0,3200
2003-08-21,333.1484069824219,651.0,658.0,650.0,656.0,1100
2003-08-22,337.7542419433594,660.0,660.0,650.0,650.0,3500
2003-08-25,342.8716735839844,670.0,670.0,665.0,667.0,2000
2003-08-26,347.9891662597656,680.0,680.0,665.0,671.0,2900
2003-08-27,349.5244445800781,683.0,698.0,680.0,680.0,3300
2003-08-28,350.54791259765625,685.0,693.0,685.0,693.0,3000
2003-08-29,353.1065979003906,690.0,693.0,690.0,690.0,1700
2003-09-01,355.6654052734375,695.0,695.0,692.0,693.0,8000
2003-09-02,357.20068359375,698.0,700.0,695.0,697.0,6600
2003-09-03,358.2242431640625,700.0,700.0,690.0,695.0,4700
2003-09-04,365.9004211425781,715.0,715.0,701.0,701.0,1300
2003-09-05,364.8769226074219,713.0,713.0,705.0,708.0,5600
2003-09-08,365.9004211425781,715.0,715.0,710.0,713.0,5900
2003-09-09,371.5295715332031,726.0,728.0,715.0,715.0,3400
2003-09-10,383.8116455078125,750.0,750.0,726.0,726.0,27600
2003-09-11,378.6941223144531,740.0,745.0,736.0,736.0,4300
2003-09-12,378.6941223144531,740.0,740.0,720.0,735.0,9200
2003-09-15,378.6941223144531,740.0,740.0,740.0,740.0,0
2003-09-16,383.8116455078125,750.0,760.0,740.0,740.0,9900
2003-09-17,383.8116455078125,750.0,769.0,750.0,750.0,16100
2003-09-18,386.3703308105469,755.0,755.0,745.0,755.0,1300
2003-09-19,382.78814697265625,748.0,756.0,745.0,755.0,11600
2003-09-22,381.2528381347656,745.0,759.0,740.0,745.0,20900
2003-09-23,381.2528381347656,745.0,745.0,745.0,745.0,0
2003-09-24,380.74114990234375,744.0,749.0,740.0,749.0,4500
2003-09-25,379.83056640625,730.0,740.0,730.0,740.0,2300
2003-09-26,364.22113037109375,700.0,700.0,680.0,700.0,5900
2003-09-29,359.0179138183594,690.0,705.0,690.0,700.0,3300
2003-09-30,363.7007141113281,699.0,699.0,682.0,682.0,3800
2003-10-01,366.8226013183594,705.0,705.0,700.0,700.0,2100
2003-10-02,361.6195373535156,695.0,700.0,670.0,695.0,10800
2003-10-03,359.0179138183594,690.0,690.0,676.0,686.0,2400
2003-10-06,361.6195373535156,695.0,699.0,695.0,695.0,3000
2003-10-07,364.22113037109375,700.0,700.0,690.0,690.0,2300
2003-10-08,359.0179138183594,690.0,691.0,680.0,690.0,8700
2003-10-09,359.0179138183594,690.0,690.0,685.0,685.0,800
2003-10-10,359.0179138183594,690.0,691.0,682.0,690.0,4000
2003-10-13,359.0179138183594,690.0,690.0,690.0,690.0,0
2003-10-14,368.90386962890625,709.0,709.0,690.0,690.0,3000
2003-10-15,369.4241943359375,710.0,743.0,700.0,716.0,6900
2003-10-16,377.749267578125,726.0,726.0,710.0,720.0,4000
2003-10-17,374.62738037109375,720.0,720.0,700.0,720.0,3200
2003-10-20,379.83056640625,730.0,730.0,702.0,730.0,4200
2003-10-21,375.1476745605469,721.0,730.0,720.0,730.0,1400
2003-10-22,365.26171875,702.0,705.0,702.0,705.0,500
2003-10-23,353.81475830078125,680.0,703.0,680.0,703.0,4300
2003-10-24,353.81475830078125,680.0,710.0,680.0,691.0,3700
2003-10-27,366.8226013183594,705.0,705.0,675.0,675.0,3000
2003-10-28,364.22113037109375,700.0,709.0,700.0,700.0,1300
2003-10-29,364.22113037109375,700.0,710.0,700.0,710.0,800
2003-10-30,364.7413635253906,701.0,701.0,690.0,690.0,5600
2003-10-31,366.8226013183594,705.0,731.0,700.0,731.0,1600
2003-11-03,366.8226013183594,705.0,705.0,705.0,705.0,0
2003-11-04,364.22113037109375,700.0,705.0,700.0,705.0,400
2003-11-05,366.8226013183594,705.0,705.0,705.0,705.0,300
2003-11-06,366.8226013183594,705.0,705.0,705.0,705.0,1100
2003-11-07,365.7819519042969,703.0,705.0,703.0,705.0,1800
2003-11-10,353.81475830078125,680.0,700.0,680.0,680.0,4500
2003-11-11,353.81475830078125,680.0,680.0,680.0,680.0,0
2003-11-12,359.0179138183594,690.0,690.0,690.0,690.0,600
2003-11-13,359.0179138183594,690.0,692.0,690.0,692.0,800
2003-11-14,364.22113037109375,700.0,700.0,695.0,695.0,500
2003-11-17,352.2538146972656,677.0,702.0,673.0,702.0,4300
2003-11-18,349.1319274902344,671.0,677.0,670.0,673.0,3600
2003-11-19,348.61163330078125,670.0,673.0,670.0,673.0,2600
2003-11-20,348.61163330078125,670.0,671.0,670.0,671.0,500
2003-11-21,348.61163330078125,670.0,670.0,665.0,670.0,3800
2003-11-24,348.61163330078125,670.0,670.0,670.0,670.0,0
2003-11-25,348.61163330078125,670.0,670.0,670.0,670.0,1000
2003-11-26,359.0179138183594,690.0,690.0,670.0,690.0,1500
2003-11-27,359.0179138183594,690.0,690.0,690.0,690.0,500
2003-11-28,363.7007141113281,699.0,699.0,690.0,695.0,800
2003-12-01,363.1805419921875,698.0,698.0,698.0,698.0,1100
2003-12-02,351.2131652832031,675.0,677.0,668.0,668.0,1200
2003-12-03,351.2131652832031,675.0,675.0,675.0,675.0,0
2003-12-04,353.81475830078125,680.0,698.0,675.0,698.0,3100
2003-12-05,363.7007141113281,699.0,699.0,698.0,699.0,2400
2003-12-08,351.2131652832031,675.0,680.0,675.0,680.0,800
2003-12-09,358.4976501464844,689.0,689.0,676.0,676.0,500
2003-12-10,355.89599609375,684.0,684.0,684.0,684.0,0
2003-12-11,355.89599609375,684.0,684.0,684.0,684.0,2100
2003-12-12,359.0179138183594,690.0,690.0,681.0,684.0,1100
2003-12-15,360.0584411621094,692.0,692.0,680.0,680.0,6000
2003-12-16,360.0584411621094,692.0,692.0,684.0,690.0,2000
2003-12-17,361.6195373535156,695.0,695.0,692.0,692.0,1100
2003-12-18,356.4163818359375,685.0,695.0,685.0,695.0,1700
2003-12-19,356.4163818359375,685.0,685.0,685.0,685.0,1100
2003-12-22,358.4976501464844,689.0,690.0,685.0,690.0,2700
2003-12-23,358.4976501464844,689.0,689.0,689.0,689.0,0
2003-12-24,353.81475830078125,680.0,682.0,669.0,669.0,6800
2003-12-25,356.93658447265625,686.0,686.0,681.0,681.0,600
2003-12-26,362.1398010253906,696.0,696.0,696.0,696.0,2400
2003-12-29,356.4163818359375,685.0,685.0,665.0,665.0,4000
2003-12-30,359.5382995605469,691.0,699.0,689.0,699.0,1600
2003-12-31,359.5382995605469,691.0,691.0,691.0,691.0,0
2004-01-01,359.5382995605469,691.0,691.0,691.0,691.0,0
2004-01-02,359.5382995605469,691.0,691.0,691.0,691.0,0
2004-01-05,364.22113037109375,700.0,708.0,692.0,692.0,800
2004-01-06,364.22113037109375,700.0,700.0,695.0,698.0,9000
2004-01-07,364.22113037109375,700.0,700.0,700.0,700.0,1500
2004-01-08,364.22113037109375,700.0,703.0,700.0,700.0,1500
2004-01-09,365.7819519042969,703.0,703.0,695.0,695.0,3600
2004-01-12,365.7819519042969,703.0,703.0,703.0,703.0,0
2004-01-13,374.62738037109375,720.0,733.0,720.0,733.0,2100
2004-01-14,372.546142578125,716.0,719.0,715.0,719.0,3100
2004-01-15,370.4648742675781,712.0,725.0,710.0,725.0,7500
2004-01-16,377.22900390625,725.0,725.0,720.0,725.0,2400
2004-01-19,377.22900390625,725.0,725.0,719.0,719.0,1400
2004-01-20,379.83056640625,730.0,730.0,720.0,720.0,3900
2004-01-21,377.22900390625,725.0,730.0,720.0,720.0,3400
2004-01-22,375.66796875,722.0,725.0,720.0,720.0,4400
2004-01-23,377.22900390625,725.0,725.0,725.0,725.0,400
2004-01-26,380.8712158203125,732.0,735.0,732.0,735.0,3900
2004-01-27,375.66796875,722.0,725.0,721.0,722.0,2300
2004-01-28,369.4241943359375,710.0,720.0,700.0,720.0,4600
2004-01-29,372.02587890625,715.0,715.0,704.0,704.0,1100
2004-01-30,375.66796875,722.0,722.0,722.0,722.0,1200
2004-02-02,370.9851989746094,713.0,713.0,702.0,702.0,3500
2004-02-03,369.4241943359375,710.0,713.0,710.0,713.0,3200
2004-02-04,372.02587890625,715.0,715.0,705.0,710.0,2300
2004-02-05,366.3023376464844,704.0,715.0,701.0,715.0,1500
2004-02-06,365.7819519042969,703.0,710.0,700.0,706.0,3800
2004-02-09,365.7819519042969,703.0,707.0,703.0,703.0,3600
2004-02-10,365.7819519042969,703.0,703.0,703.0,703.0,1400
2004-02-11,365.7819519042969,703.0,703.0,703.0,703.0,0
2004-02-12,369.4241943359375,710.0,710.0,704.0,709.0,7500
2004-02-13,373.5867919921875,718.0,725.0,712.0,712.0,3500
2004-02-16,372.02587890625,715.0,733.0,715.0,733.0,4700
2004-02-17,379.83056640625,730.0,735.0,720.0,720.0,3400
2004-02-18,379.31024169921875,729.0,730.0,729.0,730.0,2200
2004-02-19,379.31024169921875,729.0,729.0,729.0,729.0,200
2004-02-20,380.8712158203125,732.0,732.0,728.0,729.0,4800
2004-02-23,384.513427734375,739.0,740.0,730.0,730.0,9400
2004-02-24,385.03369140625,740.0,740.0,736.0,736.0,1000
2004-02-25,387.1150207519531,744.0,744.0,740.0,740.0,6500
2004-02-26,389.1961669921875,748.0,750.0,745.0,748.0,5600
2004-02-27,393.87908935546875,757.0,757.0,745.0,750.0,5600
2004-03-01,392.8384704589844,755.0,760.0,752.0,755.0,8600
2004-03-02,397.0009765625,763.0,763.0,760.0,760.0,4000
2004-03-03,399.0821838378906,767.0,768.0,767.0,768.0,2500
2004-03-04,410.5291442871094,789.0,795.0,767.0,767.0,15500
2004-03-05,416.2526550292969,800.0,800.0,792.0,797.0,13000
2004-03-08,419.8949279785156,807.0,811.0,807.0,810.0,9900
2004-03-09,416.2526550292969,800.0,807.0,790.0,807.0,7400
2004-03-10,419.37457275390625,806.0,810.0,801.0,801.0,7400
2004-03-11,416.2526550292969,800.0,805.0,800.0,802.0,7800
2004-03-12,416.2526550292969,800.0,802.0,796.0,802.0,6700
2004-03-15,414.17144775390625,796.0,801.0,795.0,800.0,6800
2004-03-16,411.0494079589844,790.0,800.0,790.0,799.0,12200
2004-03-17,437.0653381347656,840.0,850.0,791.0,791.0,14600
2004-03-18,421.455810546875,810.0,846.0,810.0,846.0,6500
2004-03-19,428.2199401855469,823.0,835.0,823.0,835.0,5100
2004-03-22,432.90277099609375,832.0,838.0,832.0,834.0,4900
2004-03-23,431.8621826171875,830.0,832.0,830.0,832.0,7700
2004-03-24,431.8621826171875,830.0,836.0,830.0,832.0,6500
2004-03-25,431.8621826171875,830.0,835.0,830.0,835.0,8200
2004-03-26,435.69091796875,825.0,829.0,825.0,829.0,8500
2004-03-29,435.16290283203125,824.0,825.0,819.0,822.0,3000
2004-03-30,454.17474365234375,860.0,884.0,860.0,860.0,24400
2004-03-31,446.2532043457031,845.0,860.0,845.0,860.0,4700
2004-04-01,436.7471008300781,827.0,836.0,827.0,836.0,5200
2004-04-02,434.1065979003906,822.0,835.0,821.0,825.0,6500
2004-04-05,436.2191467285156,826.0,830.0,825.0,825.0,4000
2004-04-06,434.1065979003906,822.0,830.0,822.0,830.0,5700
2004-04-07,433.05047607421875,820.0,822.0,819.0,822.0,7400
2004-04-08,433.05047607421875,820.0,820.0,808.0,818.0,5400
2004-04-09,427.2410888671875,809.0,812.0,808.0,808.0,4200
2004-04-12,434.1065979003906,822.0,829.0,822.0,829.0,7300
2004-04-13,435.69091796875,825.0,830.0,825.0,825.0,4700
2004-04-14,436.2191467285156,826.0,829.0,824.0,824.0,4900
2004-04-15,436.2191467285156,826.0,835.0,826.0,829.0,13000
2004-04-16,427.7693176269531,810.0,831.0,810.0,831.0,11600
2004-04-19,438.85955810546875,831.0,835.0,816.0,816.0,9900
2004-04-20,433.05047607421875,820.0,834.0,820.0,826.0,3400
2004-04-21,433.05047607421875,820.0,834.0,820.0,829.0,6300
2004-04-22,428.29742431640625,811.0,827.0,811.0,820.0,3800
2004-04-23,431.994140625,818.0,820.0,811.0,811.0,8300
2004-04-26,438.3315124511719,830.0,832.0,824.0,830.0,5600
2004-04-27,438.3315124511719,830.0,833.0,827.0,830.0,2500
2004-04-28,438.3315124511719,830.0,833.0,826.0,829.0,8700
2004-04-29,438.3315124511719,830.0,830.0,830.0,830.0,0
2004-04-30,431.466064453125,817.0,833.0,817.0,829.0,6400
2004-05-03,431.466064453125,817.0,817.0,817.0,817.0,0
2004-05-04,431.466064453125,817.0,817.0,817.0,817.0,0
2004-05-05,431.466064453125,817.0,817.0,817.0,817.0,0
2004-05-06,433.05047607421875,820.0,827.0,818.0,827.0,2100
2004-05-07,428.29742431640625,811.0,820.0,811.0,819.0,3800
2004-05-10,419.319580078125,794.0,813.0,793.0,812.0,8700
2004-05-11,411.9259948730469,780.0,790.0,780.0,784.0,3400
2004-05-12,416.67901611328125,789.0,789.0,752.0,781.0,5400
2004-05-13,412.45404052734375,781.0,789.0,780.0,788.0,2900
2004-05-14,413.5102844238281,783.0,790.0,783.0,783.0,2400
2004-05-17,402.9481506347656,763.0,783.0,763.0,783.0,4900
2004-05-18,407.701171875,772.0,773.0,763.0,773.0,1700
2004-05-19,411.9259948730469,780.0,783.0,770.0,772.0,2400
2004-05-20,411.9259948730469,780.0,785.0,780.0,780.0,2400
2004-05-21,419.8476257324219,795.0,798.0,781.0,781.0,2700
2004-05-24,422.4882507324219,800.0,800.0,795.0,795.0,2100
2004-05-25,419.8476257324219,795.0,795.0,795.0,795.0,3100
2004-05-26,422.4882507324219,800.0,800.0,795.0,795.0,6100
2004-05-27,419.319580078125,794.0,795.0,794.0,794.0,4300
2004-05-28,421.43194580078125,798.0,798.0,795.0,795.0,500
2004-05-31,413.5102844238281,783.0,795.0,782.0,795.0,2100
2004-06-01,427.7693176269531,810.0,810.0,783.0,803.0,3000
2004-06-02,417.2070007324219,790.0,792.0,790.0,792.0,400
2004-06-03,419.8476257324219,795.0,795.0,791.0,791.0,1000
2004-06-04,419.8476257324219,795.0,795.0,787.0,787.0,3100
2004-06-07,422.4882507324219,800.0,800.0,790.0,790.0,1700
2004-06-08,426.71307373046875,808.0,808.0,798.0,800.0,2300
2004-06-09,420.3758544921875,796.0,805.0,790.0,805.0,2600
2004-06-10,424.0724792480469,803.0,803.0,790.0,797.0,3300
2004-06-11,427.7693176269531,810.0,810.0,795.0,802.0,6000
2004-06-14,426.1849670410156,807.0,809.0,807.0,809.0,6000
2004-06-15,423.0162353515625,801.0,810.0,800.0,810.0,4700
2004-06-16,427.7693176269531,810.0,810.0,803.0,804.0,9900
2004-06-17,427.7693176269531,810.0,820.0,808.0,808.0,12200
2004-06-18,432.5223388671875,819.0,819.0,810.0,811.0,5200
2004-06-21,432.5223388671875,819.0,819.0,811.0,819.0,4200
2004-06-22,430.4099426269531,815.0,820.0,815.0,820.0,4400
2004-06-23,431.994140625,818.0,818.0,813.0,813.0,2300
2004-06-24,433.05047607421875,820.0,820.0,819.0,819.0,2800
2004-06-25,436.7471008300781,827.0,827.0,810.0,820.0,10100
2004-06-28,443.61248779296875,840.0,840.0,830.0,830.0,10300
2004-06-29,443.61248779296875,840.0,840.0,834.0,839.0,5200
2004-06-30,439.3877258300781,832.0,840.0,830.0,839.0,4300
2004-07-01,446.2532043457031,845.0,848.0,836.0,838.0,12600
2004-07-02,447.8374938964844,848.0,848.0,838.0,842.0,6900
2004-07-05,446.2532043457031,845.0,848.0,828.0,828.0,2600
2004-07-06,445.7249755859375,844.0,849.0,826.0,830.0,8900
2004-07-07,445.7249755859375,844.0,844.0,833.0,844.0,5200
2004-07-08,445.19696044921875,843.0,844.0,833.0,840.0,3700
2004-07-09,445.19696044921875,843.0,846.0,828.0,846.0,8600
2004-07-12,446.2532043457031,845.0,850.0,845.0,845.0,3400
2004-07-13,446.7811584472656,846.0,850.0,840.0,845.0,5100
2004-07-14,443.61248779296875,840.0,845.0,835.0,844.0,4800
2004-07-15,445.19696044921875,843.0,850.0,832.0,850.0,7500
2004-07-16,442.5563049316406,838.0,840.0,829.0,840.0,4600
2004-07-19,442.5563049316406,838.0,838.0,838.0,838.0,0
2004-07-20,440.9720458984375,835.0,837.0,831.0,831.0,1500
2004-07-21,443.61248779296875,840.0,840.0,834.0,834.0,900
2004-07-22,440.9720458984375,835.0,835.0,835.0,835.0,100
2004-07-23,437.2753601074219,828.0,828.0,828.0,828.0,400
2004-07-26,443.0844421386719,839.0,841.0,830.0,841.0,3000
2004-07-27,433.05047607421875,820.0,838.0,820.0,838.0,2800
2004-07-28,433.05047607421875,820.0,825.0,820.0,821.0,1800
2004-07-29,433.05047607421875,820.0,830.0,820.0,820.0,3600
2004-07-30,433.05047607421875,820.0,834.0,812.0,834.0,3100
2004-08-02,435.16290283203125,824.0,829.0,824.0,829.0,600
2004-08-03,435.69091796875,825.0,825.0,820.0,820.0,1900
2004-08-04,435.69091796875,825.0,825.0,821.0,825.0,1500
2004-08-05,433.5785827636719,821.0,821.0,821.0,821.0,200
2004-08-06,438.85955810546875,831.0,831.0,820.0,820.0,3500
2004-08-09,435.69091796875,825.0,829.0,824.0,829.0,5500
2004-08-10,435.16290283203125,824.0,829.0,824.0,824.0,1500
2004-08-11,435.16290283203125,824.0,824.0,824.0,824.0,0
2004-08-12,436.2191467285156,826.0,835.0,825.0,825.0,1300
2004-08-13,438.3315124511719,830.0,835.0,825.0,835.0,3200
2004-08-16,433.05047607421875,820.0,830.0,820.0,830.0,5600
2004-08-17,437.803466796875,829.0,829.0,829.0,829.0,100
2004-08-18,435.69091796875,825.0,825.0,821.0,821.0,1400
2004-08-19,435.69091796875,825.0,829.0,825.0,829.0,800
2004-08-20,434.1065979003906,822.0,822.0,820.0,820.0,6500
2004-08-23,435.69091796875,825.0,835.0,824.0,835.0,700
2004-08-24,436.2191467285156,826.0,835.0,825.0,826.0,3300
2004-08-25,442.02825927734375,837.0,837.0,835.0,835.0,4700
2004-08-26,439.915771484375,833.0,843.0,823.0,843.0,3300
2004-08-27,450.4781188964844,853.0,853.0,827.0,833.0,3300
2004-08-30,444.6689147949219,842.0,853.0,836.0,853.0,2800
2004-08-31,447.8374938964844,848.0,849.0,840.0,849.0,2900
2004-09-01,449.94989013671875,852.0,852.0,848.0,850.0,3900
2004-09-02,444.6689147949219,842.0,853.0,837.0,853.0,3000
2004-09-03,445.19696044921875,843.0,849.0,842.0,849.0,1800
2004-09-06,448.8936462402344,850.0,856.0,846.0,846.0,6500
2004-09-07,451.5341796875,855.0,855.0,850.0,851.0,3900
2004-09-08,451.0061340332031,854.0,855.0,851.0,851.0,3900
2004-09-09,450.4781188964844,853.0,854.0,851.0,851.0,5800
2004-09-10,451.5341796875,855.0,855.0,846.0,853.0,4300
2004-09-13,459.4559326171875,870.0,873.0,858.0,858.0,6300
2004-09-14,456.8153381347656,865.0,870.0,862.0,862.0,5000
2004-09-15,457.87158203125,867.0,870.0,865.0,865.0,4100
2004-09-16,457.87158203125,867.0,867.0,860.0,867.0,1900
2004-09-17,456.8153381347656,865.0,865.0,855.0,860.0,2900
2004-09-20,456.8153381347656,865.0,865.0,865.0,865.0,0
2004-09-21,456.28717041015625,864.0,865.0,864.0,865.0,200
2004-09-22,456.28717041015625,864.0,865.0,855.0,865.0,4800
2004-09-23,456.28717041015625,864.0,864.0,864.0,864.0,0
2004-09-24,455.7591247558594,863.0,864.0,860.0,864.0,5700
2004-09-27,445.7144470214844,832.0,835.0,831.0,831.0,1500
2004-09-28,444.6430969238281,830.0,841.0,830.0,841.0,1000
2004-09-29,444.6430969238281,830.0,830.0,830.0,830.0,0
2004-09-30,439.2859802246094,820.0,829.0,817.0,829.0,1900
2004-10-01,438.21441650390625,818.0,830.0,817.0,830.0,1200
2004-10-04,441.9644470214844,825.0,830.0,825.0,825.0,5100
2004-10-05,444.6430969238281,830.0,830.0,825.0,825.0,700
2004-10-06,439.2859802246094,820.0,822.0,820.0,821.0,2700
2004-10-07,441.9644470214844,825.0,829.0,825.0,829.0,400
2004-10-08,444.6430969238281,830.0,830.0,830.0,830.0,700
2004-10-11,444.6430969238281,830.0,830.0,830.0,830.0,0
2004-10-12,444.6430969238281,830.0,830.0,830.0,830.0,3200
2004-10-13,447.3216247558594,835.0,860.0,832.0,860.0,8800
2004-10-14,444.6430969238281,830.0,836.0,828.0,836.0,5300
2004-10-15,447.8573303222656,836.0,837.0,830.0,837.0,2400
2004-10-18,439.8216857910156,821.0,823.0,820.0,823.0,4000
2004-10-19,441.9644470214844,825.0,825.0,820.0,821.0,1700
2004-10-20,439.2859802246094,820.0,820.0,820.0,820.0,1900
2004-10-21,437.67877197265625,817.0,822.0,817.0,820.0,1800
2004-10-22,438.21441650390625,818.0,818.0,817.0,817.0,2000
2004-10-25,439.2859802246094,820.0,820.0,819.0,819.0,2100
2004-10-26,437.1429748535156,816.0,835.0,816.0,829.0,4600
2004-10-27,437.67877197265625,817.0,834.0,817.0,834.0,1800
2004-10-28,442.5002746582031,826.0,826.0,816.0,817.0,2100
2004-10-29,433.92877197265625,810.0,829.0,808.0,829.0,3000
2004-11-01,428.5716857910156,800.0,810.0,798.0,806.0,10400
2004-11-02,430.1787109375,803.0,803.0,796.0,800.0,3500
2004-11-03,430.1787109375,803.0,803.0,803.0,803.0,0
2004-11-04,432.8573303222656,808.0,819.0,807.0,819.0,800
2004-11-05,436.0716552734375,814.0,826.0,812.0,820.0,1300
2004-11-08,432.8573303222656,808.0,810.0,807.0,810.0,5500
2004-11-09,432.8573303222656,808.0,808.0,808.0,808.0,400
2004-11-10,436.607421875,815.0,815.0,807.0,807.0,1600
2004-11-11,439.2859802246094,820.0,820.0,818.0,819.0,1000
2004-11-12,441.4288330078125,824.0,825.0,822.0,822.0,5100
2004-11-15,439.2859802246094,820.0,834.0,820.0,834.0,5200
2004-11-16,438.21441650390625,818.0,820.0,818.0,820.0,8000
2004-11-17,438.21441650390625,818.0,818.0,818.0,818.0,800
2004-11-18,438.21441650390625,818.0,818.0,815.0,818.0,1500
2004-11-19,438.21441650390625,818.0,818.0,818.0,818.0,0
2004-11-22,440.89312744140625,823.0,827.0,823.0,827.0,1100
2004-11-23,440.89312744140625,823.0,823.0,823.0,823.0,0
2004-11-24,440.89312744140625,823.0,823.0,811.0,811.0,700
2004-11-25,435.5359802246094,813.0,826.0,813.0,825.0,2600
2004-11-26,435.5359802246094,813.0,826.0,813.0,826.0,6100
2004-11-29,435.5359802246094,813.0,823.0,813.0,823.0,2200
2004-11-30,436.607421875,815.0,816.0,813.0,813.0,900
2004-12-01,439.2859802246094,820.0,825.0,815.0,825.0,1000
2004-12-02,439.2859802246094,820.0,820.0,820.0,820.0,300
2004-12-03,444.6430969238281,830.0,830.0,820.0,826.0,900
2004-12-06,439.8216857910156,821.0,827.0,821.0,827.0,600
2004-12-07,437.1429748535156,816.0,816.0,816.0,816.0,200
2004-12-08,441.9644470214844,825.0,825.0,825.0,825.0,1600
2004-12-09,437.1429748535156,816.0,816.0,815.0,815.0,400
2004-12-10,441.4288330078125,824.0,824.0,817.0,819.0,1200
2004-12-13,441.9644470214844,825.0,830.0,825.0,830.0,2400
2004-12-14,441.4288330078125,824.0,829.0,824.0,829.0,1300
2004-12-15,435.5359802246094,813.0,825.0,813.0,825.0,2300
2004-12-16,439.2859802246094,820.0,820.0,807.0,815.0,5000
2004-12-17,433.92877197265625,810.0,810.0,809.0,809.0,400
2004-12-20,432.8573303222656,808.0,810.0,807.0,808.0,1700
2004-12-21,438.750244140625,819.0,819.0,811.0,811.0,1400
2004-12-22,436.607421875,815.0,816.0,811.0,811.0,1800
2004-12-23,436.607421875,815.0,815.0,815.0,815.0,0
2004-12-24,435.0002136230469,812.0,819.0,812.0,819.0,4100
2004-12-27,435.0002136230469,812.0,820.0,811.0,820.0,4400
2004-12-28,437.67877197265625,817.0,820.0,817.0,820.0,2200
2004-12-29,439.2859802246094,820.0,822.0,820.0,820.0,1100
2004-12-30,440.89312744140625,823.0,823.0,820.0,820.0,2900
2004-12-31,440.89312744140625,823.0,823.0,823.0,823.0,0
2005-01-03,440.89312744140625,823.0,823.0,823.0,823.0,0
2005-01-04,441.9644470214844,825.0,825.0,825.0,825.0,3100
2005-01-05,444.6430969238281,830.0,830.0,825.0,825.0,3000
2005-01-06,445.1787109375,831.0,839.0,830.0,831.0,3800
2005-01-07,448.9287109375,838.0,838.0,830.0,835.0,11500
2005-01-10,448.9287109375,838.0,838.0,838.0,838.0,0
2005-01-11,459.64312744140625,858.0,858.0,840.0,840.0,6700
2005-01-12,455.3572998046875,850.0,857.0,850.0,857.0,3900
2005-01-13,455.89306640625,851.0,860.0,850.0,852.0,5500
2005-01-14,460.1787414550781,859.0,859.0,850.0,850.0,5000
2005-01-17,465.5358581542969,869.0,869.0,861.0,869.0,4500
2005-01-18,460.71441650390625,860.0,869.0,860.0,869.0,2600
2005-01-19,466.6073913574219,871.0,880.0,857.0,857.0,12800
2005-01-20,466.0716552734375,870.0,870.0,869.0,870.0,5200
2005-01-21,462.8572692871094,864.0,869.0,863.0,869.0,3300
2005-01-24,471.4288330078125,880.0,888.0,861.0,861.0,2500
2005-01-25,461.7860412597656,862.0,880.0,861.0,878.0,6300
2005-01-26,463.39306640625,865.0,870.0,865.0,870.0,4300
2005-01-27,466.0716552734375,870.0,870.0,861.0,867.0,5100
2005-01-28,462.3216552734375,863.0,880.0,863.0,870.0,2800
2005-01-31,466.0716552734375,870.0,870.0,863.0,866.0,1600
2005-02-01,464.4645080566406,867.0,870.0,866.0,870.0,5800
2005-02-02,466.0716552734375,870.0,875.0,867.0,870.0,9900
2005-02-03,466.0716552734375,870.0,879.0,870.0,879.0,8500
2005-02-04,481.0716552734375,898.0,898.0,876.0,881.0,22800
2005-02-07,477.8573913574219,892.0,900.0,892.0,898.0,9100
2005-02-08,474.1073913574219,885.0,893.0,885.0,892.0,2700
2005-02-09,476.2501525878906,889.0,889.0,885.0,888.0,4800
2005-02-10,470.35736083984375,878.0,889.0,878.0,889.0,5800
2005-02-11,470.35736083984375,878.0,878.0,878.0,878.0,0
2005-02-14,480.0002136230469,896.0,900.0,890.0,890.0,11600
2005-02-15,476.2501525878906,889.0,902.0,887.0,898.0,11900
2005-02-16,480.535888671875,897.0,898.0,887.0,898.0,2400
2005-02-17,476.7860107421875,890.0,899.0,890.0,890.0,4600
2005-02-18,478.9288024902344,894.0,902.0,894.0,898.0,3600
2005-02-21,480.0002136230469,896.0,899.0,893.0,894.0,3800
2005-02-22,478.9288024902344,894.0,896.0,894.0,896.0,1400
2005-02-23,482.1431884765625,900.0,900.0,893.0,893.0,1600
2005-02-24,482.1431884765625,900.0,900.0,896.0,900.0,5100
2005-02-25,490.178955078125,915.0,915.0,901.0,908.0,13300
2005-02-28,490.178955078125,915.0,918.0,912.0,918.0,13800
2005-03-01,491.25030517578125,917.0,918.0,915.0,917.0,3400
2005-03-02,495.5360412597656,925.0,925.0,918.0,918.0,19800
2005-03-03,491.78594970703125,918.0,925.0,918.0,925.0,16800
2005-03-04,493.3930969238281,921.0,930.0,920.0,924.0,6100
2005-03-07,500.8931579589844,935.0,940.0,930.0,930.0,9600
2005-03-08,497.14306640625,928.0,930.0,925.0,930.0,2600
2005-03-09,493.9288635253906,922.0,929.0,922.0,923.0,3600
2005-03-10,497.67877197265625,929.0,929.0,924.0,927.0,5300
2005-03-11,498.7501525878906,931.0,932.0,924.0,927.0,10600
2005-03-14,511.60723876953125,955.0,961.0,940.0,940.0,12400
2005-03-15,514.8214721679688,961.0,980.0,961.0,980.0,14600
2005-03-16,523.9288330078125,978.0,978.0,965.0,970.0,13900
2005-03-17,521.2503051757812,973.0,980.0,965.0,978.0,8300
2005-03-18,522.3215942382812,975.0,985.0,975.0,978.0,14100
2005-03-21,522.3215942382812,975.0,975.0,975.0,975.0,0
2005-03-22,533.035888671875,995.0,1000.0,990.0,1000.0,20600
2005-03-23,541.0717163085938,1010.0,1017.0,998.0,1000.0,22400
2005-03-24,538.9288330078125,1006.0,1010.0,1000.0,1010.0,18000
2005-03-25,535.1788330078125,999.0,1007.0,997.0,1007.0,18000
2005-03-28,535.314453125,987.0,987.0,958.0,958.0,4500
2005-03-29,518.5010986328125,956.0,970.0,950.0,969.0,11700
2005-03-30,507.11151123046875,935.0,940.0,910.0,936.0,7500
2005-03-31,499.5183410644531,921.0,929.0,921.0,925.0,4400
2005-04-01,501.6878662109375,925.0,928.0,920.0,923.0,7200
2005-04-04,502.2301330566406,926.0,932.0,922.0,922.0,7000
2005-04-05,508.73858642578125,938.0,938.0,926.0,927.0,5200
2005-04-06,512.53515625,945.0,945.0,939.0,940.0,3200
2005-04-07,509.82330322265625,940.0,945.0,940.0,945.0,1200
2005-04-08,504.94189453125,931.0,938.0,921.0,935.0,10300
2005-04-11,509.82330322265625,940.0,950.0,931.0,931.0,4500
2005-04-12,511.4503479003906,943.0,958.0,942.0,957.0,6500
2005-04-13,511.99261474609375,944.0,950.0,944.0,950.0,2000
2005-04-14,515.2468872070312,950.0,950.0,944.0,949.0,3400
2005-04-15,509.82330322265625,940.0,949.0,940.0,948.0,4300
2005-04-18,496.2641906738281,915.0,930.0,900.0,900.0,10300
2005-04-19,501.6878662109375,925.0,925.0,900.0,900.0,8000
2005-04-20,504.3996276855469,930.0,940.0,930.0,931.0,1700
2005-04-21,504.3996276855469,930.0,930.0,900.0,907.0,6500
2005-04-22,500.0607604980469,922.0,936.0,922.0,936.0,5200
2005-04-25,504.94189453125,931.0,935.0,912.0,912.0,3000
2005-04-26,559.178466796875,1031.0,1031.0,1031.0,1031.0,18200
2005-04-27,567.3138427734375,1046.0,1063.0,1032.0,1046.0,95700
2005-04-28,579.7883911132812,1069.0,1070.0,1037.0,1045.0,74100
2005-04-29,579.7883911132812,1069.0,1069.0,1069.0,1069.0,0
2005-05-02,590.0933227539062,1088.0,1090.0,1071.0,1071.0,30400
2005-05-03,590.0933227539062,1088.0,1088.0,1088.0,1088.0,0
2005-05-04,590.0933227539062,1088.0,1088.0,1088.0,1088.0,0
2005-05-05,590.0933227539062,1088.0,1088.0,1088.0,1088.0,0
2005-05-06,585.7543334960938,1080.0,1090.0,1070.0,1082.0,47700
2005-05-09,586.2966918945312,1081.0,1090.0,1080.0,1088.0,37500
2005-05-10,586.2966918945312,1081.0,1088.0,1081.0,1088.0,16100
2005-05-11,597.6863403320312,1102.0,1110.0,1078.0,1083.0,43300
2005-05-12,596.6016845703125,1100.0,1124.0,1092.0,1110.0,33500
2005-05-13,621.0081787109375,1145.0,1148.0,1101.0,1101.0,27700
2005-05-16,597.14404296875,1101.0,1145.0,1101.0,1145.0,18800
2005-05-17,585.7543334960938,1080.0,1113.0,1022.0,1105.0,17800
2005-05-18,575.4494018554688,1061.0,1071.0,1060.0,1060.0,5900
2005-05-19,591.177978515625,1090.0,1100.0,1071.0,1071.0,18100
2005-05-20,575.4494018554688,1061.0,1090.0,1061.0,1075.0,15000
2005-05-23,603.65234375,1113.0,1120.0,1096.0,1096.0,13200
2005-05-24,596.6016845703125,1100.0,1105.0,1095.0,1100.0,9200
2005-05-25,586.2966918945312,1081.0,1100.0,1081.0,1098.0,7200
2005-05-26,596.0593872070312,1099.0,1100.0,1071.0,1099.0,10200
2005-05-27,591.177978515625,1090.0,1100.0,1080.0,1100.0,5100
2005-05-30,591.177978515625,1090.0,1110.0,1080.0,1090.0,10000
2005-05-31,593.889892578125,1095.0,1109.0,1092.0,1109.0,3700
2005-06-01,612.8727416992188,1130.0,1133.0,1100.0,1104.0,16000
2005-06-02,617.211669921875,1138.0,1139.0,1115.0,1139.0,8100
2005-06-03,612.8727416992188,1130.0,1138.0,1100.0,1138.0,4000
2005-06-06,597.14404296875,1101.0,1119.0,1101.0,1102.0,7800
2005-06-07,602.0253295898438,1110.0,1116.0,1101.0,1102.0,7200
2005-06-08,613.4151611328125,1131.0,1160.0,1119.0,1120.0,48200
2005-06-09,635.652099609375,1172.0,1172.0,1150.0,1152.0,41300
2005-06-10,658.9736938476562,1215.0,1220.0,1173.0,1180.0,56100
2005-06-13,680.6683349609375,1255.0,1260.0,1225.0,1229.0,44000
2005-06-14,666.0244140625,1228.0,1250.0,1210.0,1250.0,28500
2005-06-15,663.8547973632812,1224.0,1224.0,1205.0,1220.0,16900
2005-06-16,667.6515502929688,1231.0,1244.0,1220.0,1220.0,14400
2005-06-17,660.600830078125,1218.0,1231.0,1218.0,1230.0,11100
2005-06-20,646.4993286132812,1192.0,1216.0,1180.0,1216.0,17900
2005-06-21,664.3972778320312,1225.0,1225.0,1200.0,1201.0,13500
2005-06-22,677.4141235351562,1249.0,1262.0,1231.0,1239.0,26800
2005-06-23,679.0410766601562,1252.0,1255.0,1242.0,1250.0,12700
2005-06-24,674.159912109375,1243.0,1246.0,1239.0,1240.0,11600
2005-06-27,687.7191772460938,1268.0,1269.0,1255.0,1263.0,50100
2005-06-28,686.092041015625,1265.0,1270.0,1260.0,1270.0,10900
2005-06-29,687.7191772460938,1268.0,1276.0,1268.0,1268.0,17800
2005-06-30,690.97314453125,1274.0,1275.0,1265.0,1275.0,9200
2005-07-01,684.4647827148438,1262.0,1272.0,1243.0,1272.0,10600
2005-07-04,688.2612915039062,1269.0,1269.0,1244.0,1257.0,21400
2005-07-05,680.1259155273438,1254.0,1270.0,1252.0,1252.0,6000
2005-07-06,683.9224243164062,1261.0,1270.0,1240.0,1244.0,17400
2005-07-07,683.3799438476562,1260.0,1265.0,1242.0,1261.0,7000
2005-07-08,676.329345703125,1247.0,1251.0,1246.0,1246.0,4000
2005-07-11,669.8209838867188,1235.0,1246.0,1196.0,1240.0,14700
2005-07-12,664.3972778320312,1225.0,1229.0,1218.0,1229.0,11300
2005-07-13,667.109130859375,1230.0,1233.0,1218.0,1233.0,10100
2005-07-14,672.5327758789062,1240.0,1248.0,1234.0,1235.0,9000
2005-07-15,668.1936645507812,1232.0,1260.0,1225.0,1251.0,20200
2005-07-18,668.1936645507812,1232.0,1232.0,1232.0,1232.0,0
2005-07-19,667.109130859375,1230.0,1235.0,1219.0,1233.0,6400
2005-07-20,662.7701416015625,1222.0,1230.0,1218.0,1230.0,10300
2005-07-21,657.8888549804688,1213.0,1220.0,1210.0,1215.0,6400
2005-07-22,650.8381958007812,1200.0,1209.0,1190.0,1209.0,6500
2005-07-25,656.261962890625,1210.0,1210.0,1189.0,1192.0,13900
2005-07-26,676.329345703125,1247.0,1247.0,1230.0,1230.0,14800
2005-07-27,682.8378295898438,1259.0,1264.0,1245.0,1247.0,9900
2005-07-28,688.8037719726562,1270.0,1270.0,1261.0,1270.0,12700
2005-07-29,686.092041015625,1265.0,1272.0,1265.0,1270.0,13100
2005-08-01,677.4141235351562,1249.0,1260.0,1248.0,1260.0,8400
2005-08-02,677.95654296875,1250.0,1250.0,1239.0,1250.0,5500
2005-08-03,677.95654296875,1250.0,1250.0,1219.0,1240.0,4400
2005-08-04,659.51611328125,1216.0,1231.0,1205.0,1231.0,3800
2005-08-05,645.41455078125,1190.0,1215.0,1190.0,1200.0,17000
2005-08-08,628.0587768554688,1158.0,1158.0,1110.0,1110.0,17800
2005-08-09,635.652099609375,1172.0,1188.0,1151.0,1151.0,27300
2005-08-10,650.8381958007812,1200.0,1215.0,1200.0,1200.0,6000
2005-08-11,660.600830078125,1218.0,1220.0,1200.0,1220.0,11700
2005-08-12,666.5667724609375,1229.0,1231.0,1203.0,1224.0,7600
2005-08-15,664.3972778320312,1225.0,1228.0,1219.0,1226.0,4600
2005-08-16,661.6856689453125,1220.0,1230.0,1220.0,1230.0,5100
2005-08-17,660.600830078125,1218.0,1220.0,1214.0,1220.0,5200
2005-08-18,658.9736938476562,1215.0,1221.0,1211.0,1216.0,11400
2005-08-19,656.261962890625,1210.0,1221.0,1210.0,1215.0,5000
2005-08-22,657.3466796875,1212.0,1214.0,1201.0,1210.0,6400
2005-08-23,650.8381958007812,1200.0,1215.0,1200.0,1215.0,13800
2005-08-24,654.6348266601562,1207.0,1207.0,1200.0,1200.0,4800
2005-08-25,650.8381958007812,1200.0,1210.0,1200.0,1208.0,7000
2005-08-26,652.4652099609375,1203.0,1208.0,1199.0,1208.0,7100
2005-08-29,655.1770629882812,1208.0,1208.0,1205.0,1207.0,5600
2005-08-30,654.0923461914062,1206.0,1207.0,1206.0,1206.0,2000
2005-08-31,651.9228515625,1202.0,1205.0,1200.0,1204.0,10400
2005-09-01,651.9228515625,1202.0,1203.0,1202.0,1203.0,1600
2005-09-02,655.1770629882812,1208.0,1208.0,1197.0,1202.0,4300
2005-09-05,653.5499877929688,1205.0,1208.0,1205.0,1208.0,1200
2005-09-06,653.5499877929688,1205.0,1215.0,1200.0,1205.0,8500
2005-09-07,651.380615234375,1201.0,1206.0,1201.0,1201.0,4200
2005-09-08,656.261962890625,1210.0,1217.0,1205.0,1205.0,7500
2005-09-09,656.80419921875,1211.0,1215.0,1211.0,1212.0,6600
2005-09-12,668.1936645507812,1232.0,1232.0,1215.0,1215.0,14800
2005-09-13,677.95654296875,1250.0,1250.0,1240.0,1240.0,4500
2005-09-14,678.4988403320312,1251.0,1252.0,1240.0,1251.0,5200
2005-09-15,673.0750732421875,1241.0,1251.0,1232.0,1232.0,8600
2005-09-16,675.2446899414062,1245.0,1250.0,1239.0,1242.0,5700
2005-09-19,675.2446899414062,1245.0,1245.0,1245.0,1245.0,0
2005-09-20,677.95654296875,1250.0,1255.0,1245.0,1251.0,12400
2005-09-21,672.5327758789062,1240.0,1249.0,1237.0,1247.0,8900
2005-09-22,675.2446899414062,1245.0,1245.0,1229.0,1234.0,9900
2005-09-23,675.2446899414062,1245.0,1245.0,1245.0,1245.0,0
2005-09-26,687.7191772460938,1268.0,1269.0,1247.0,1247.0,18500
2005-09-27,679.5835571289062,1253.0,1267.0,1231.0,1267.0,8200
2005-09-28,672.5327758789062,1240.0,1243.0,1234.0,1234.0,7800
2005-09-29,683.3799438476562,1260.0,1270.0,1240.0,1241.0,11800
2005-09-30,683.9224243164062,1261.0,1270.0,1250.0,1260.0,6000
2005-10-03,683.3799438476562,1260.0,1270.0,1240.0,1270.0,7800
2005-10-04,677.4141235351562,1249.0,1265.0,1240.0,1265.0,6700
2005-10-05,683.3799438476562,1260.0,1260.0,1249.0,1249.0,5300
2005-10-06,682.8378295898438,1259.0,1260.0,1235.0,1260.0,7900
2005-10-07,677.95654296875,1250.0,1250.0,1240.0,1240.0,4400
2005-10-10,677.95654296875,1250.0,1250.0,1250.0,1250.0,0
2005-10-11,670.3633422851562,1236.0,1248.0,1231.0,1248.0,5300
2005-10-12,669.8209838867188,1235.0,1240.0,1220.0,1237.0,10500
2005-10-13,659.51611328125,1216.0,1221.0,1210.0,1210.0,3300
2005-10-14,667.109130859375,1230.0,1240.0,1211.0,1211.0,7700
2005-10-17,667.109130859375,1230.0,1230.0,1224.0,1230.0,5500
2005-10-18,669.8209838867188,1235.0,1236.0,1229.0,1236.0,13700
2005-10-19,672.5327758789062,1240.0,1245.0,1239.0,1240.0,5900
2005-10-20,664.3972778320312,1225.0,1260.0,1225.0,1244.0,9300
2005-10-21,653.5499877929688,1205.0,1220.0,1205.0,1220.0,30900
2005-10-24,672.5327758789062,1240.0,1240.0,1216.0,1220.0,12000
2005-10-25,686.092041015625,1265.0,1270.0,1254.0,1254.0,34100
2005-10-26,694.2274169921875,1280.0,1280.0,1266.0,1269.0,25500
2005-10-27,702.3629760742188,1295.0,1299.0,1286.0,1288.0,17000
2005-10-28,703.4475708007812,1297.0,1299.0,1285.0,1299.0,10000
2005-10-31,702.3629760742188,1295.0,1300.0,1290.0,1294.0,14000
2005-11-01,702.3629760742188,1295.0,1299.0,1295.0,1296.0,2800
2005-11-02,709.4135131835938,1308.0,1315.0,1295.0,1295.0,15400
2005-11-03,709.4135131835938,1308.0,1308.0,1308.0,1308.0,0
2005-11-04,726.7694702148438,1340.0,1349.0,1308.0,1320.0,16800
2005-11-07,732.1929321289062,1350.0,1350.0,1336.0,1342.0,19600
2005-11-08,740.870849609375,1366.0,1370.0,1355.0,1355.0,15200
2005-11-09,744.6673583984375,1373.0,1380.0,1360.0,1369.0,21600
2005-11-10,756.599365234375,1395.0,1395.0,1373.0,1373.0,13800
2005-11-11,749.548828125,1382.0,1395.0,1341.0,1395.0,23600
2005-11-14,717.0068359375,1322.0,1348.0,1289.0,1322.0,60500
2005-11-15,699.6510009765625,1290.0,1325.0,1287.0,1321.0,16100
2005-11-16,713.2103271484375,1315.0,1318.0,1282.0,1282.0,9500
2005-11-17,713.2103271484375,1315.0,1320.0,1310.0,1318.0,15100
2005-11-18,721.3456420898438,1330.0,1330.0,1312.0,1319.0,12100
2005-11-21,732.1929321289062,1350.0,1380.0,1342.0,1349.0,52500
2005-11-22,728.3963012695312,1343.0,1351.0,1340.0,1350.0,71200
2005-11-23,728.3963012695312,1343.0,1343.0,1343.0,1343.0,0
2005-11-24,715.9219970703125,1320.0,1354.0,1320.0,1343.0,46500
2005-11-25,724.0574951171875,1335.0,1345.0,1324.0,1330.0,20600
2005-11-28,734.3624877929688,1354.0,1355.0,1341.0,1341.0,22900
2005-11-29,745.7520751953125,1375.0,1375.0,1351.0,1351.0,29400
2005-11-30,738.1591796875,1361.0,1385.0,1361.0,1385.0,37200
2005-12-01,738.1591796875,1361.0,1380.0,1335.0,1361.0,210100
2005-12-02,738.701416015625,1362.0,1370.0,1355.0,1364.0,73700
2005-12-05,746.8368530273438,1377.0,1394.0,1369.0,1370.0,58600
2005-12-06,744.6673583984375,1373.0,1373.0,1355.0,1373.0,35200
2005-12-07,744.124755859375,1372.0,1373.0,1352.0,1361.0,43100
2005-12-08,732.1929321289062,1350.0,1370.0,1350.0,1369.0,33200
2005-12-09,729.4811401367188,1345.0,1347.0,1340.0,1347.0,15000
2005-12-12,730.565673828125,1347.0,1363.0,1340.0,1351.0,24600
2005-12-13,719.1762084960938,1326.0,1347.0,1321.0,1347.0,23900
2005-12-14,719.1762084960938,1326.0,1345.0,1325.0,1330.0,21200
2005-12-15,728.9387817382812,1344.0,1345.0,1329.0,1343.0,12900
2005-12-16,727.8539428710938,1342.0,1346.0,1336.0,1346.0,10200
2005-12-19,738.701416015625,1362.0,1362.0,1342.0,1351.0,25900
2005-12-20,742.4978637695312,1369.0,1375.0,1359.0,1374.0,42400
2005-12-21,747.9214477539062,1379.0,1382.0,1370.0,1376.0,44200
2005-12-22,751.1759033203125,1385.0,1387.0,1375.0,1382.0,36900
2005-12-23,751.1759033203125,1385.0,1385.0,1385.0,1385.0,0
2005-12-26,783.7176513671875,1445.0,1450.0,1400.0,1400.0,91300
2005-12-27,803.2428588867188,1481.0,1490.0,1445.0,1449.0,54500
2005-12-28,797.8192138671875,1471.0,1489.0,1460.0,1489.0,46000
2005-12-29,806.4967651367188,1487.0,1496.0,1480.0,1487.0,27700
2005-12-30,802.1581420898438,1479.0,1497.0,1474.0,1487.0,17000
2006-01-02,802.1581420898438,1479.0,1479.0,1479.0,1479.0,0
2006-01-03,802.1581420898438,1479.0,1479.0,1479.0,1479.0,0
2006-01-04,801.6157836914062,1478.0,1490.0,1478.0,1490.0,23300
2006-01-05,818.4290771484375,1509.0,1510.0,1491.0,1491.0,43500
2006-01-06,813.5477294921875,1500.0,1518.0,1490.0,1511.0,51900
2006-01-09,813.5477294921875,1500.0,1500.0,1500.0,1500.0,0
2006-01-10,805.95458984375,1486.0,1510.0,1485.0,1510.0,55400
2006-01-11,804.8698120117188,1484.0,1497.0,1471.0,1488.0,34300
2006-01-12,796.1920776367188,1468.0,1484.0,1460.0,1470.0,27400
2006-01-13,808.1242065429688,1490.0,1490.0,1460.0,1460.0,18800
2006-01-16,802.7005004882812,1480.0,1490.0,1470.0,1490.0,36900
2006-01-17,781.0057373046875,1440.0,1478.0,1440.0,1475.0,36400
2006-01-18,737.6165771484375,1360.0,1430.0,1305.0,1430.0,40600
2006-01-19,759.8536987304688,1401.0,1419.0,1341.0,1341.0,19200
2006-01-20,764.7348022460938,1410.0,1478.0,1402.0,1478.0,14000
2006-01-23,768.5313720703125,1417.0,1418.0,1395.0,1410.0,28100
2006-01-24,770.1585693359375,1420.0,1440.0,1400.0,1400.0,26700
2006-01-25,779.921142578125,1438.0,1445.0,1431.0,1440.0,15900
2006-01-26,782.090576171875,1442.0,1468.0,1440.0,1440.0,12400
2006-01-27,789.1412963867188,1455.0,1470.0,1453.0,1462.0,10000
2006-01-30,801.0734252929688,1477.0,1480.0,1460.0,1460.0,18200
2006-01-31,808.1242065429688,1490.0,1495.0,1480.0,1488.0,28400
2006-02-01,801.6157836914062,1478.0,1484.0,1470.0,1482.0,17600
2006-02-02,791.310791015625,1459.0,1480.0,1451.0,1471.0,16600
2006-02-03,788.0564575195312,1453.0,1480.0,1453.0,1459.0,12300
2006-02-06,792.3953857421875,1461.0,1475.0,1460.0,1470.0,13100
2006-02-07,795.6497192382812,1467.0,1480.0,1462.0,1480.0,5800
2006-02-08,787.5142822265625,1452.0,1465.0,1452.0,1465.0,14300
2006-02-09,780.4634399414062,1439.0,1456.0,1419.0,1456.0,11800
2006-02-10,777.7518310546875,1434.0,1460.0,1410.0,1460.0,10900
2006-02-13,755.5146484375,1393.0,1435.0,1393.0,1417.0,10600
2006-02-14,753.3452758789062,1389.0,1393.0,1350.0,1393.0,14900
2006-02-15,743.5828247070312,1371.0,1395.0,1365.0,1391.0,9100
2006-02-16,732.1929321289062,1350.0,1370.0,1350.0,1360.0,19800
2006-02-17,721.3456420898438,1330.0,1345.0,1321.0,1341.0,20500
2006-02-20,679.0410766601562,1252.0,1270.0,1211.0,1270.0,29900
2006-02-21,678.4988403320312,1251.0,1265.0,1230.0,1250.0,33500
2006-02-22,688.8037719726562,1270.0,1294.0,1260.0,1280.0,13900
2006-02-23,699.6510009765625,1290.0,1295.0,1250.0,1250.0,27900
2006-02-24,705.0747680664062,1300.0,1310.0,1300.0,1300.0,27600
2006-02-27,726.7694702148438,1340.0,1349.0,1330.0,1345.0,10400
2006-02-28,725.1422119140625,1337.0,1370.0,1330.0,1350.0,16400
2006-03-01,724.0574951171875,1335.0,1355.0,1316.0,1335.0,9200
2006-03-02,715.9219970703125,1320.0,1350.0,1320.0,1344.0,9400
2006-03-03,710.4984130859375,1310.0,1324.0,1300.0,1320.0,10900
2006-03-06,715.9219970703125,1320.0,1320.0,1275.0,1280.0,8800
2006-03-07,705.0747680664062,1300.0,1300.0,1290.0,1295.0,4500
2006-03-08,697.481689453125,1286.0,1300.0,1281.0,1300.0,2200
2006-03-09,699.6510009765625,1290.0,1300.0,1270.0,1281.0,7200
2006-03-10,701.2782592773438,1293.0,1300.0,1291.0,1295.0,3300
2006-03-13,731.1083374023438,1348.0,1360.0,1297.0,1297.0,16000
2006-03-14,732.1929321289062,1350.0,1378.0,1348.0,1368.0,9200
2006-03-15,734.3624877929688,1354.0,1360.0,1349.0,1350.0,5400
2006-03-16,727.3116455078125,1341.0,1369.0,1340.0,1369.0,5200
2006-03-17,720.803466796875,1329.0,1341.0,1329.0,1341.0,2300
2006-03-20,726.7694702148438,1340.0,1348.0,1340.0,1348.0,5100
2006-03-21,726.7694702148438,1340.0,1340.0,1340.0,1340.0,0
2006-03-22,724.5997924804688,1336.0,1343.0,1323.0,1323.0,5200
2006-03-23,723.5150756835938,1334.0,1336.0,1330.0,1330.0,9700
2006-03-24,728.9387817382812,1344.0,1348.0,1325.0,1348.0,5400
2006-03-27,724.0574951171875,1335.0,1344.0,1335.0,1343.0,11300
2006-03-28,721.3456420898438,1330.0,1330.0,1312.0,1313.0,2700
2006-03-29,713.75244140625,1316.0,1320.0,1313.0,1315.0,7000
2006-03-30,715.9219970703125,1320.0,1327.0,1318.0,1320.0,15200
2006-03-31,714.2948608398438,1317.0,1328.0,1316.0,1319.0,10300
2006-04-03,725.6846313476562,1338.0,1338.0,1314.0,1318.0,25300
2006-04-04,727.3116455078125,1341.0,1350.0,1339.0,1339.0,12700
2006-04-05,724.0574951171875,1335.0,1349.0,1335.0,1348.0,5500
2006-04-06,718.6338500976562,1325.0,1340.0,1325.0,1340.0,7900
2006-04-07,715.3796997070312,1319.0,1330.0,1318.0,1320.0,11700
2006-04-10,730.0233764648438,1346.0,1348.0,1325.0,1330.0,9700
2006-04-11,732.1929321289062,1350.0,1352.0,1340.0,1346.0,12000
2006-04-12,732.1929321289062,1350.0,1350.0,1335.0,1349.0,6000
2006-04-13,724.0574951171875,1335.0,1350.0,1335.0,1350.0,8200
2006-04-14,728.3963012695312,1343.0,1349.0,1335.0,1348.0,2400
2006-04-17,721.3456420898438,1330.0,1346.0,1330.0,1346.0,10400
2006-04-18,716.4644775390625,1321.0,1330.0,1311.0,1319.0,4700
2006-04-19,717.0068359375,1322.0,1327.0,1321.0,1321.0,2100
2006-04-20,721.3456420898438,1330.0,1330.0,1312.0,1321.0,4100
2006-04-21,713.2103271484375,1315.0,1330.0,1315.0,1330.0,9600
2006-04-24,710.4984130859375,1310.0,1320.0,1300.0,1312.0,12100
2006-04-25,702.3629760742188,1295.0,1318.0,1290.0,1318.0,2600
2006-04-26,705.0747680664062,1300.0,1315.0,1290.0,1315.0,4900
2006-04-27,714.8372192382812,1318.0,1325.0,1300.0,1300.0,7800
2006-04-28,710.4984130859375,1310.0,1318.0,1291.0,1318.0,5000
2006-05-01,692.0580444335938,1276.0,1295.0,1276.0,1290.0,16900
2006-05-02,692.0580444335938,1276.0,1280.0,1270.0,1278.0,12500
2006-05-03,692.0580444335938,1276.0,1276.0,1276.0,1276.0,0
2006-05-04,692.0580444335938,1276.0,1276.0,1276.0,1276.0,0
2006-05-05,692.0580444335938,1276.0,1276.0,1276.0,1276.0,0
2006-05-08,683.3799438476562,1260.0,1280.0,1253.0,1276.0,14700
2006-05-09,686.092041015625,1265.0,1265.0,1251.0,1260.0,5200
2006-05-10,683.3799438476562,1260.0,1266.0,1260.0,1262.0,7600
2006-05-11,683.3799438476562,1260.0,1270.0,1260.0,1260.0,5100
2006-05-12,676.329345703125,1247.0,1260.0,1231.0,1260.0,8300
2006-05-15,675.2446899414062,1245.0,1245.0,1226.0,1230.0,7300
2006-05-16,658.9736938476562,1215.0,1245.0,1215.0,1245.0,8900
2006-05-17,657.8888549804688,1213.0,1214.0,1195.0,1200.0,20300
2006-05-18,645.41455078125,1190.0,1200.0,1130.0,1153.0,16000
2006-05-19,635.652099609375,1172.0,1172.0,1153.0,1154.0,10600
2006-05-22,644.329833984375,1188.0,1212.0,1188.0,1189.0,7400
2006-05-23,626.97412109375,1156.0,1171.0,1151.0,1161.0,14500
2006-05-24,629.1436157226562,1160.0,1160.0,1150.0,1151.0,16200
2006-05-25,632.9401245117188,1167.0,1199.0,1166.0,1166.0,2700
2006-05-26,635.652099609375,1172.0,1172.0,1164.0,1172.0,5600
2006-05-29,635.652099609375,1172.0,1179.0,1166.0,1170.0,5800
2006-05-30,645.41455078125,1190.0,1190.0,1158.0,1163.0,3200
2006-05-31,629.1436157226562,1160.0,1180.0,1160.0,1180.0,4400
2006-06-01,602.0253295898438,1110.0,1174.0,1110.0,1160.0,7200
2006-06-02,609.0761108398438,1123.0,1123.0,1050.0,1110.0,18300
2006-06-05,596.6016845703125,1100.0,1122.0,1081.0,1122.0,7100
2006-06-06,573.2799682617188,1057.0,1070.0,1055.0,1061.0,9900
2006-06-07,577.0765380859375,1064.0,1065.0,1051.0,1058.0,8700
2006-06-08,566.229248046875,1044.0,1064.0,1044.0,1054.0,16200
2006-06-09,592.80517578125,1093.0,1100.0,1050.0,1050.0,8200
2006-06-12,596.6016845703125,1100.0,1100.0,1098.0,1098.0,2500
2006-06-13,593.889892578125,1095.0,1101.0,1095.0,1100.0,600
2006-06-14,580.3306884765625,1070.0,1077.0,1070.0,1075.0,5200
2006-06-15,602.0253295898438,1110.0,1112.0,1100.0,1100.0,2000
2006-06-16,612.3302612304688,1129.0,1155.0,1126.0,1150.0,6800
2006-06-19,616.1268310546875,1136.0,1155.0,1136.0,1148.0,3000
2006-06-20,615.042236328125,1134.0,1140.0,1120.0,1135.0,2000
2006-06-21,607.4489135742188,1120.0,1131.0,1120.0,1130.0,25800
2006-06-22,604.7371826171875,1115.0,1130.0,1100.0,1120.0,5500
2006-06-23,599.8557739257812,1106.0,1107.0,1103.0,1103.0,800
2006-06-26,607.9913940429688,1121.0,1130.0,1120.0,1120.0,11600
2006-06-27,613.4151611328125,1131.0,1133.0,1131.0,1133.0,8300
2006-06-28,607.9913940429688,1121.0,1130.0,1121.0,1130.0,5200
2006-06-29,610.1608276367188,1125.0,1125.0,1120.0,1125.0,800
2006-06-30,611.7877807617188,1128.0,1131.0,1128.0,1130.0,5400
2006-07-03,611.7877807617188,1128.0,1131.0,1128.0,1130.0,2500
2006-07-04,617.211669921875,1138.0,1138.0,1131.0,1131.0,1400
2006-07-05,615.5842895507812,1135.0,1135.0,1127.0,1127.0,3300
2006-07-06,612.8727416992188,1130.0,1131.0,1130.0,1131.0,1400
2006-07-07,618.2962036132812,1140.0,1140.0,1131.0,1135.0,2300
2006-07-10,613.957275390625,1132.0,1140.0,1129.0,1137.0,4000
2006-07-11,618.8386840820312,1141.0,1141.0,1130.0,1131.0,10100
2006-07-12,613.957275390625,1132.0,1140.0,1132.0,1139.0,2800
2006-07-13,612.8727416992188,1130.0,1132.0,1126.0,1132.0,6000
2006-07-14,611.7877807617188,1128.0,1130.0,1124.0,1124.0,3800
2006-07-17,611.7877807617188,1128.0,1128.0,1128.0,1128.0,0
2006-07-18,607.4489135742188,1120.0,1135.0,1120.0,1135.0,17300
2006-07-19,597.14404296875,1101.0,1120.0,1071.0,1071.0,12800
2006-07-20,602.0253295898438,1110.0,1110.0,1100.0,1100.0,1500
2006-07-21,602.0253295898438,1110.0,1120.0,1100.0,1100.0,2900
2006-07-24,607.9913940429688,1121.0,1121.0,1110.0,1111.0,1700
2006-07-25,606.906494140625,1119.0,1119.0,1110.0,1110.0,1600
2006-07-26,602.5677490234375,1111.0,1139.0,1111.0,1139.0,1600
2006-07-27,606.906494140625,1119.0,1130.0,1117.0,1120.0,2500
2006-07-28,612.8727416992188,1130.0,1130.0,1119.0,1119.0,900
2006-07-31,612.8727416992188,1130.0,1130.0,1115.0,1129.0,12000
2006-08-01,612.3302612304688,1129.0,1129.0,1116.0,1121.0,1800
2006-08-02,607.4489135742188,1120.0,1120.0,1120.0,1120.0,6000
2006-08-03,610.703125,1126.0,1130.0,1122.0,1128.0,5700
2006-08-04,608.5337524414062,1122.0,1130.0,1122.0,1130.0,1000
2006-08-07,607.4489135742188,1120.0,1126.0,1120.0,1120.0,2700
2006-08-08,611.7877807617188,1128.0,1130.0,1120.0,1130.0,5100
2006-08-09,607.4489135742188,1120.0,1128.0,1120.0,1128.0,2800
2006-08-10,607.4489135742188,1120.0,1120.0,1120.0,1120.0,800
2006-08-11,607.4489135742188,1120.0,1130.0,1120.0,1122.0,5100
2006-08-14,612.8727416992188,1130.0,1130.0,1120.0,1121.0,1500
2006-08-15,624.2622680664062,1151.0,1162.0,1137.0,1137.0,12100
2006-08-16,628.0587768554688,1158.0,1165.0,1151.0,1151.0,9400
2006-08-17,637.2791137695312,1175.0,1185.0,1161.0,1161.0,9200
2006-08-18,629.1436157226562,1160.0,1173.0,1160.0,1170.0,4000
2006-08-21,618.2962036132812,1140.0,1150.0,1140.0,1140.0,10200
2006-08-22,618.2962036132812,1140.0,1141.0,1099.0,1140.0,16900
2006-08-23,615.5842895507812,1135.0,1159.0,1135.0,1159.0,7200
2006-08-24,613.4151611328125,1131.0,1140.0,1127.0,1135.0,3700
2006-08-25,618.2962036132812,1140.0,1148.0,1130.0,1148.0,10900
2006-08-28,618.2962036132812,1140.0,1140.0,1140.0,1140.0,0
2006-08-29,612.8727416992188,1130.0,1133.0,1129.0,1131.0,6500
2006-08-30,612.8727416992188,1130.0,1131.0,1130.0,1130.0,3800
2006-08-31,613.4151611328125,1131.0,1140.0,1130.0,1130.0,6000
2006-09-01,612.8727416992188,1130.0,1135.0,1130.0,1135.0,2600
2006-09-04,612.8727416992188,1130.0,1131.0,1130.0,1130.0,4400
2006-09-05,616.6692504882812,1137.0,1137.0,1130.0,1130.0,4800
2006-09-06,612.8727416992188,1130.0,1138.0,1130.0,1133.0,5900
2006-09-07,617.75390625,1139.0,1139.0,1130.0,1132.0,2900
2006-09-08,615.5842895507812,1135.0,1135.0,1130.0,1130.0,1400
2006-09-11,612.8727416992188,1130.0,1133.0,1128.0,1131.0,4900
2006-09-12,612.8727416992188,1130.0,1135.0,1128.0,1135.0,5700
2006-09-13,607.4489135742188,1120.0,1130.0,1120.0,1130.0,5600
2006-09-14,607.4489135742188,1120.0,1120.0,1114.0,1116.0,5200
2006-09-15,602.0253295898438,1110.0,1120.0,1105.0,1120.0,9500
2006-09-18,602.0253295898438,1110.0,1110.0,1110.0,1110.0,0
2006-09-19,596.6016845703125,1100.0,1115.0,1100.0,1110.0,9300
2006-09-20,593.889892578125,1095.0,1100.0,1095.0,1100.0,4300
2006-09-21,581.9578857421875,1073.0,1090.0,1060.0,1090.0,4400
2006-09-22,584.6695556640625,1078.0,1088.0,1071.0,1088.0,3400
2006-09-25,579.2460327148438,1068.0,1095.0,1068.0,1095.0,4100
2006-09-26,578.7036743164062,1067.0,1068.0,1060.0,1068.0,3000
2006-09-27,578.161376953125,1066.0,1066.0,1060.0,1066.0,1300
2006-09-28,577.0765380859375,1064.0,1067.0,1050.0,1066.0,6900
2006-09-29,570.568115234375,1052.0,1080.0,1052.0,1072.0,1900
2006-10-02,573.2799682617188,1057.0,1062.0,1057.0,1060.0,2200
2006-10-03,567.3138427734375,1046.0,1056.0,1046.0,1056.0,4300
2006-10-04,562.4326171875,1037.0,1044.0,1036.0,1044.0,6800
2006-10-05,560.2632446289062,1033.0,1035.0,1030.0,1034.0,5500
2006-10-06,544.53466796875,1004.0,1027.0,1002.0,1022.0,19100
2006-10-09,544.53466796875,1004.0,1004.0,1004.0,1004.0,0
2006-10-10,542.3651733398438,1000.0,1000.0,980.0,990.0,4000
2006-10-11,542.9075317382812,1001.0,1004.0,1000.0,1000.0,8400
2006-10-12,534.2296142578125,985.0,1001.0,983.0,1001.0,7400
2006-10-13,532.0601806640625,981.0,992.0,971.0,991.0,19400
2006-10-16,533.6873168945312,984.0,985.0,978.0,984.0,12100
2006-10-17,539.6532592773438,995.0,1000.0,988.0,988.0,4200
2006-10-18,542.3651733398438,1000.0,1010.0,999.0,1005.0,4200
2006-10-19,543.4500122070312,1002.0,1020.0,1000.0,1000.0,12200
2006-10-20,539.1109008789062,994.0,1021.0,994.0,1002.0,12300
2006-10-23,541.82275390625,999.0,1000.0,995.0,996.0,9500
2006-10-24,542.3651733398438,1000.0,1007.0,999.0,1000.0,10800
2006-10-25,542.9075317382812,1001.0,1005.0,999.0,1005.0,7100
2006-10-26,543.4500122070312,1002.0,1005.0,999.0,1001.0,9500
2006-10-27,543.9923095703125,1003.0,1003.0,1000.0,1000.0,4600
2006-10-30,542.3651733398438,1000.0,1004.0,1000.0,1003.0,14800
2006-10-31,529.3483276367188,976.0,1005.0,940.0,1002.0,32600
2006-11-01,539.1109008789062,994.0,994.0,970.0,984.0,2200
2006-11-02,534.2296142578125,985.0,990.0,977.0,985.0,6700
2006-11-03,534.2296142578125,985.0,985.0,985.0,985.0,0
2006-11-06,536.3991088867188,989.0,1000.0,986.0,1000.0,19700
2006-11-07,536.3991088867188,989.0,998.0,986.0,991.0,11200
2006-11-08,536.9415283203125,990.0,997.0,985.0,991.0,16500
2006-11-09,534.2296142578125,985.0,990.0,984.0,990.0,9600
2006-11-10,531.5178833007812,980.0,995.0,971.0,995.0,9300
2006-11-13,536.9415283203125,990.0,990.0,980.0,980.0,9600
2006-11-14,542.3651733398438,1000.0,1000.0,990.0,994.0,14000
2006-11-15,538.0261840820312,992.0,1004.0,992.0,1004.0,14600
2006-11-16,532.0601806640625,981.0,990.0,980.0,990.0,7900
2006-11-17,530.4331665039062,978.0,982.0,976.0,982.0,6100
2006-11-20,526.0942993164062,970.0,991.0,970.0,986.0,24300
2006-11-21,523.3824462890625,965.0,974.0,965.0,972.0,11500
2006-11-22,521.75537109375,962.0,968.0,960.0,966.0,8800
2006-11-23,521.75537109375,962.0,962.0,962.0,962.0,0
2006-11-24,526.0942993164062,970.0,974.0,964.0,970.0,17300
2006-11-27,525.0094604492188,968.0,970.0,967.0,970.0,4700
2006-11-28,523.3824462890625,965.0,970.0,960.0,968.0,15700
2006-11-29,523.9246826171875,966.0,969.0,950.0,966.0,21000
2006-11-30,526.0942993164062,970.0,974.0,963.0,972.0,13300
2006-12-01,529.8907470703125,977.0,980.0,970.0,980.0,12200
2006-12-04,531.5178833007812,980.0,994.0,979.0,980.0,28200
2006-12-05,542.9075317382812,1001.0,1022.0,993.0,993.0,22800
2006-12-06,565.1444702148438,1042.0,1048.0,1018.0,1018.0,17400
2006-12-07,572.1952514648438,1055.0,1060.0,1045.0,1049.0,9500
2006-12-08,572.1952514648438,1055.0,1080.0,1055.0,1060.0,23300
2006-12-11,580.8731689453125,1071.0,1080.0,1065.0,1065.0,11600
2006-12-12,590.0933227539062,1088.0,1090.0,1075.0,1075.0,16800
2006-12-13,584.127197265625,1077.0,1082.0,1065.0,1080.0,17700
2006-12-14,582.5003051757812,1074.0,1074.0,1069.0,1070.0,14100
2006-12-15,578.7036743164062,1067.0,1085.0,1066.0,1079.0,30400
2006-12-18,586.8392333984375,1082.0,1098.0,1078.0,1079.0,18900
2006-12-19,585.7543334960938,1080.0,1091.0,1076.0,1080.0,7800
2006-12-20,580.3306884765625,1070.0,1076.0,1061.0,1070.0,23600
2006-12-21,577.0765380859375,1064.0,1067.0,1064.0,1064.0,3700
2006-12-22,571.6529541015625,1054.0,1063.0,1053.0,1061.0,8500
2006-12-25,580.3306884765625,1070.0,1070.0,1033.0,1040.0,18800
2006-12-26,594.974609375,1097.0,1097.0,1063.0,1076.0,20300
2006-12-27,609.0761108398438,1123.0,1129.0,1095.0,1095.0,25800
2006-12-28,610.1608276367188,1125.0,1130.0,1105.0,1120.0,11000
2006-12-29,600.9406127929688,1108.0,1120.0,1105.0,1119.0,4000
2007-01-04,607.4489135742188,1120.0,1120.0,1115.0,1115.0,6800
2007-01-05,597.6863403320312,1102.0,1120.0,1102.0,1120.0,10000
2007-01-09,613.957275390625,1132.0,1132.0,1118.0,1120.0,18300
2007-01-10,616.1268310546875,1136.0,1136.0,1130.0,1135.0,10600
2007-01-11,609.6184692382812,1124.0,1133.0,1124.0,1130.0,12200
2007-01-12,614.499755859375,1133.0,1133.0,1122.0,1126.0,4700
2007-01-15,634.0250244140625,1169.0,1174.0,1140.0,1149.0,16800
2007-01-16,631.8553466796875,1165.0,1169.0,1160.0,1166.0,4100
2007-01-17,623.719970703125,1150.0,1167.0,1141.0,1167.0,10300
2007-01-18,642.7025756835938,1185.0,1185.0,1145.0,1145.0,20100
2007-01-19,642.7025756835938,1185.0,1190.0,1185.0,1190.0,3700
2007-01-22,623.719970703125,1150.0,1190.0,1150.0,1190.0,12700
2007-01-23,634.5671997070312,1170.0,1188.0,1165.0,1173.0,4900
2007-01-24,635.652099609375,1172.0,1182.0,1151.0,1165.0,12300
2007-01-25,642.1602172851562,1184.0,1190.0,1161.0,1184.0,6000
2007-01-26,642.7025756835938,1185.0,1185.0,1164.0,1164.0,3500
2007-01-29,640.533203125,1181.0,1194.0,1169.0,1180.0,9300
2007-01-30,644.8721313476562,1189.0,1190.0,1185.0,1190.0,28200
2007-01-31,645.41455078125,1190.0,1190.0,1170.0,1187.0,5600
2007-02-01,642.7025756835938,1185.0,1190.0,1180.0,1190.0,2000
2007-02-02,650.8381958007812,1200.0,1200.0,1170.0,1184.0,17200
2007-02-05,650.8381958007812,1200.0,1200.0,1192.0,1199.0,6700
2007-02-06,649.75341796875,1198.0,1200.0,1192.0,1200.0,2600
2007-02-07,639.9909057617188,1180.0,1195.0,1180.0,1190.0,6500
2007-02-08,640.533203125,1181.0,1196.0,1180.0,1190.0,4600
2007-02-09,645.41455078125,1190.0,1193.0,1180.0,1180.0,3400
2007-02-13,643.7874755859375,1187.0,1190.0,1186.0,1189.0,4000
2007-02-14,635.652099609375,1172.0,1182.0,1170.0,1180.0,5200
2007-02-15,626.97412109375,1156.0,1173.0,1150.0,1170.0,20000
2007-02-16,623.719970703125,1150.0,1154.0,1150.0,1154.0,6400
2007-02-19,625.8893432617188,1154.0,1154.0,1148.0,1149.0,6900
2007-02-20,629.6859741210938,1161.0,1161.0,1150.0,1150.0,7100
2007-02-21,663.3125610351562,1223.0,1238.0,1200.0,1200.0,29800
2007-02-22,654.6348266601562,1207.0,1223.0,1201.0,1223.0,34100
2007-02-23,660.600830078125,1218.0,1219.0,1201.0,1211.0,7700
2007-02-26,663.8547973632812,1224.0,1229.0,1220.0,1228.0,5900
2007-02-27,663.3125610351562,1223.0,1230.0,1223.0,1229.0,18400
2007-02-28,639.9909057617188,1180.0,1192.0,1103.0,1103.0,21200
2007-03-01,653.5499877929688,1205.0,1215.0,1182.0,1189.0,12500
2007-03-02,649.211181640625,1197.0,1205.0,1195.0,1200.0,1800
2007-03-05,621.0081787109375,1145.0,1195.0,1145.0,1195.0,10200
2007-03-06,619.9232788085938,1143.0,1145.0,1110.0,1110.0,12700
2007-03-07,623.719970703125,1150.0,1169.0,1140.0,1150.0,27300
2007-03-08,623.719970703125,1150.0,1152.0,1145.0,1150.0,5600
2007-03-09,626.4317016601562,1155.0,1155.0,1145.0,1155.0,5300
2007-03-12,638.9063110351562,1178.0,1195.0,1160.0,1162.0,10100
2007-03-13,638.3638916015625,1177.0,1190.0,1167.0,1190.0,8900
2007-03-14,631.3131713867188,1164.0,1165.0,1150.0,1150.0,10100
2007-03-15,631.8553466796875,1165.0,1175.0,1165.0,1167.0,9600
2007-03-16,634.5671997070312,1170.0,1171.0,1161.0,1171.0,3400
2007-03-19,635.1095581054688,1171.0,1175.0,1171.0,1172.0,5900
2007-03-20,637.2791137695312,1175.0,1175.0,1175.0,1175.0,4500
2007-03-22,644.329833984375,1188.0,1190.0,1175.0,1175.0,10500
2007-03-23,644.329833984375,1188.0,1188.0,1171.0,1180.0,9300
2007-03-26,635.1095581054688,1171.0,1195.0,1150.0,1193.0,12500
2007-03-27,640.6036376953125,1166.0,1166.0,1151.0,1151.0,1000
2007-03-28,634.0106811523438,1154.0,1163.0,1150.0,1160.0,8600
2007-03-29,634.0106811523438,1154.0,1162.0,1150.0,1150.0,9100
2007-03-30,627.9674072265625,1143.0,1160.0,1141.0,1160.0,9500
2007-04-02,630.1649169921875,1147.0,1155.0,1140.0,1140.0,5700
2007-04-03,631.8131713867188,1150.0,1150.0,1146.0,1147.0,7800
2007-04-04,642.2518310546875,1169.0,1183.0,1147.0,1147.0,13800
2007-04-05,641.7025146484375,1168.0,1170.0,1162.0,1170.0,2300
2007-04-06,642.80126953125,1170.0,1170.0,1149.0,1149.0,6400
2007-04-09,642.2518310546875,1169.0,1169.0,1157.0,1168.0,7200
2007-04-10,638.9555053710938,1163.0,1171.0,1163.0,1169.0,14200
2007-04-11,642.2518310546875,1169.0,1170.0,1163.0,1168.0,8000
2007-04-12,642.80126953125,1170.0,1175.0,1160.0,1169.0,14300
2007-04-13,646.0977172851562,1176.0,1176.0,1161.0,1173.0,25000
2007-04-16,640.6036376953125,1166.0,1177.0,1165.0,1175.0,21600
2007-04-17,637.3072509765625,1160.0,1161.0,1159.0,1161.0,9800
2007-04-18,634.5601196289062,1155.0,1160.0,1154.0,1155.0,17600
2007-04-19,642.80126953125,1170.0,1175.0,1152.0,1155.0,24100
2007-04-20,644.4495239257812,1173.0,1178.0,1173.0,1178.0,15200
2007-04-23,645.5482177734375,1175.0,1178.0,1171.0,1178.0,12100
2007-04-24,651.0421752929688,1185.0,1185.0,1169.0,1174.0,20600
2007-04-25,649.39404296875,1182.0,1199.0,1170.0,1185.0,31200
2007-04-26,647.1965942382812,1178.0,1198.0,1145.0,1182.0,107800
2007-04-27,658.1845092773438,1198.0,1198.0,1166.0,1170.0,46000
2007-05-01,655.4375,1193.0,1198.0,1178.0,1188.0,12700
2007-05-02,664.2279663085938,1209.0,1210.0,1190.0,1198.0,17300
2007-05-07,669.7220458984375,1219.0,1219.0,1210.0,1219.0,22100
2007-05-08,669.7220458984375,1219.0,1219.0,1215.0,1218.0,7800
2007-05-09,672.4690551757812,1224.0,1229.0,1222.0,1229.0,11800
2007-05-10,677.4135131835938,1233.0,1233.0,1229.0,1229.0,16200
2007-05-11,676.3148193359375,1231.0,1239.0,1217.0,1227.0,13700
2007-05-14,678.512451171875,1235.0,1238.0,1230.0,1236.0,10300
2007-05-15,676.3148193359375,1231.0,1247.0,1222.0,1238.0,14100
2007-05-16,670.2715454101562,1220.0,1229.0,1211.0,1213.0,6700
2007-05-17,670.2715454101562,1220.0,1220.0,1206.0,1206.0,7100
2007-05-18,671.9195556640625,1223.0,1223.0,1205.0,1220.0,7700
2007-05-21,671.3699951171875,1222.0,1222.0,1202.0,1220.0,3800
2007-05-22,664.7774658203125,1210.0,1220.0,1184.0,1210.0,5000
2007-05-23,666.9749755859375,1214.0,1220.0,1202.0,1205.0,12900
2007-05-24,666.9749755859375,1214.0,1214.0,1209.0,1209.0,2800
2007-05-25,664.7774658203125,1210.0,1210.0,1195.0,1197.0,3300
2007-05-28,664.2279663085938,1209.0,1209.0,1205.0,1208.0,3200
2007-05-29,658.1845092773438,1198.0,1199.0,1195.0,1197.0,3800
2007-05-30,662.5797729492188,1206.0,1207.0,1192.0,1196.0,3300
2007-05-31,662.5797729492188,1206.0,1210.0,1197.0,1209.0,9800
2007-06-01,658.7339477539062,1199.0,1210.0,1199.0,1206.0,6200
2007-06-04,659.2833862304688,1200.0,1201.0,1198.0,1201.0,6200
2007-06-05,666.425537109375,1213.0,1214.0,1209.0,1210.0,11400
2007-06-06,662.5797729492188,1206.0,1206.0,1199.0,1199.0,6800
2007-06-07,659.2833862304688,1200.0,1215.0,1200.0,1215.0,8300
2007-06-08,669.172607421875,1218.0,1219.0,1196.0,1200.0,24700
2007-06-11,675.765380859375,1230.0,1245.0,1218.0,1219.0,23300
2007-06-12,675.765380859375,1230.0,1235.0,1225.0,1226.0,7700
2007-06-13,678.512451171875,1235.0,1235.0,1225.0,1232.0,8000
2007-06-14,676.8641357421875,1232.0,1232.0,1220.0,1222.0,8900
2007-06-15,673.56787109375,1226.0,1228.0,1214.0,1221.0,20200
2007-06-18,673.0183715820312,1225.0,1230.0,1225.0,1229.0,10000
2007-06-19,668.6231689453125,1217.0,1230.0,1214.0,1230.0,10900
2007-06-20,660.9314575195312,1203.0,1212.0,1200.0,1202.0,14900
2007-06-21,664.7774658203125,1210.0,1211.0,1200.0,1200.0,13500
2007-06-22,663.6785278320312,1208.0,1208.0,1202.0,1207.0,8400
2007-06-25,658.1845092773438,1198.0,1206.0,1198.0,1206.0,6800
2007-06-26,660.9314575195312,1203.0,1203.0,1199.0,1203.0,3600
2007-06-27,660.9314575195312,1203.0,1204.0,1200.0,1204.0,4200
2007-06-28,665.876220703125,1212.0,1215.0,1198.0,1203.0,11600
2007-06-29,668.6231689453125,1217.0,1218.0,1215.0,1218.0,3400
2007-07-02,664.7774658203125,1210.0,1223.160400390625,1210.0,1223.160400390625,5700
2007-07-03,667.5244750976562,1215.0,1216.0,1201.0,1202.0,3400
2007-07-04,661.48095703125,1204.0,1216.0,1204.0,1213.0,4800
2007-07-05,667.5244750976562,1215.0,1215.0,1203.0,1210.0,3100
2007-07-06,667.5244750976562,1215.0,1215.0,1210.0,1210.0,6000
2007-07-09,664.7774658203125,1210.0,1215.0,1210.0,1214.0,4700
2007-07-10,662.0303955078125,1205.0,1206.0,1195.0,1201.0,15600
2007-07-11,651.5916748046875,1186.0,1205.0,1185.0,1205.0,3800
2007-07-12,655.4375,1193.0,1203.0,1190.0,1199.0,5900
2007-07-13,664.2279663085938,1209.0,1209.0,1200.0,1204.0,6600
2007-07-17,660.382080078125,1202.0,1204.0,1200.0,1204.0,12000
2007-07-18,652.6903686523438,1188.0,1202.0,1187.0,1202.0,14200
2007-07-19,659.832763671875,1201.0,1202.0,1195.0,1200.0,8600
2007-07-20,654.3387451171875,1191.0,1201.0,1191.0,1201.0,3400
2007-07-23,645.5482177734375,1175.0,1179.0,1171.0,1175.0,2800
2007-07-24,639.5049438476562,1164.0,1164.0,1154.0,1154.0,11500
2007-07-25,631.8131713867188,1150.0,1153.0,1147.0,1147.0,4700
2007-07-26,631.8131713867188,1150.0,1160.0,1150.0,1158.0,7000
2007-07-27,625.7697143554688,1139.0,1150.0,1130.0,1130.0,6100
2007-07-30,631.8131713867188,1150.0,1150.0,1130.0,1133.0,13500
2007-07-31,641.7025146484375,1168.0,1168.0,1138.0,1139.0,6200
2007-08-01,636.7576904296875,1159.0,1175.0,1155.0,1175.0,2500
2007-08-02,634.0106811523438,1154.0,1167.0,1154.0,1155.0,3700
2007-08-03,630.1649169921875,1147.0,1160.0,1147.0,1157.0,2000
2007-08-06,631.263916015625,1149.0,1149.0,1127.0,1127.0,2300
2007-08-07,613.1334838867188,1116.0,1128.0,1116.0,1128.0,3000
2007-08-08,608.7382202148438,1108.0,1110.0,1104.0,1110.0,2900
2007-08-09,575.2247314453125,1047.0,1104.0,1030.0,1103.0,11500
2007-08-10,571.9284057617188,1041.0,1041.0,1040.0,1040.0,11900
2007-08-13,571.37890625,1040.0,1040.0,1040.0,1040.0,1400
2007-08-14,575.774169921875,1048.0,1048.0,1040.0,1040.0,1200
2007-08-15,576.8729248046875,1050.0,1065.0,1050.0,1065.0,12100
2007-08-16,569.1812133789062,1036.0,1036.0,1010.0,1010.0,5600
2007-08-17,549.9522705078125,1001.0,1040.0,1000.0,1036.0,4200
2007-08-20,550.5015869140625,1002.0,1019.0,1000.0,1010.0,8700
2007-08-21,562.5885009765625,1024.0,1028.0,1003.0,1003.0,4500
2007-08-22,565.8848266601562,1030.0,1030.0,1024.0,1030.0,600
2007-08-23,558.1931762695312,1016.0,1021.0,1016.0,1021.0,6900
2007-08-24,565.3355102539062,1029.0,1030.0,1026.0,1030.0,3000
2007-08-27,567.5330810546875,1033.0,1045.0,1032.0,1043.0,1700
2007-08-28,560.9402465820312,1021.0,1035.0,1021.0,1035.0,3000
2007-08-29,563.1377563476562,1025.0,1027.0,1025.0,1027.0,1800
2007-08-30,565.8848266601562,1030.0,1030.0,1026.0,1026.0,2500
2007-08-31,566.9837036132812,1032.0,1038.0,1031.0,1038.0,3700
2007-09-03,575.774169921875,1048.0,1048.0,1041.0,1041.0,1200
2007-09-04,578.5211181640625,1053.0,1057.0,1042.0,1057.0,2500
2007-09-05,576.323486328125,1049.0,1050.0,1045.0,1046.0,2000
2007-09-06,565.3355102539062,1029.0,1042.0,1020.0,1022.0,1700
2007-09-07,559.8413696289062,1019.0,1029.0,1013.0,1029.0,1800
2007-09-10,548.3040161132812,998.0,1013.0,971.0,1013.0,5700
2007-09-11,552.6991577148438,1006.0,1010.0,988.0,988.0,4100
2007-09-12,562.5885009765625,1024.0,1098.0,1004.0,1010.0,4100
2007-09-13,554.8968505859375,1010.0,1010.0,1003.0,1003.0,4700
2007-09-14,550.5015869140625,1002.0,1020.0,1002.0,1020.0,6900
2007-09-18,538.9641723632812,981.0,993.0,980.0,991.0,10500
2007-09-19,548.3040161132812,998.0,1019.0,991.0,1019.0,7400
2007-09-20,543.3593139648438,989.0,1004.0,989.0,999.0,3500
2007-09-21,554.3473510742188,1009.0,1009.0,996.0,999.0,4800
2007-09-25,521.1172485351562,937.0,1001.0,937.0,998.0,11600
2007-09-26,518.3363647460938,932.0,940.0,932.0,932.0,6900
2007-09-27,531.1279296875,955.0,955.0,934.0,935.0,2300
2007-09-28,544.4757690429688,979.0,983.0,955.0,965.0,3700
2007-10-01,545.0318603515625,980.0,986.0,975.0,986.0,3500
2007-10-02,556.1549682617188,1000.0,1002.0,989.0,1000.0,3600
2007-10-03,556.1549682617188,1000.0,1000.0,990.0,1000.0,1800
2007-10-04,557.8234252929688,1003.0,1005.0,1003.0,1005.0,600
2007-10-05,556.1549682617188,1000.0,1000.0,995.0,995.0,2700
2007-10-09,556.7111206054688,1001.0,1013.0,1000.0,1000.0,4100
2007-10-10,558.3795166015625,1004.0,1018.0,1002.0,1018.0,2100
2007-10-11,565.6093139648438,1017.0,1017.0,1004.0,1006.0,5700
2007-10-12,570.0587768554688,1025.0,1050.0,1018.0,1018.0,6100
2007-10-15,570.0587768554688,1025.0,1040.0,1018.0,1039.0,2800
2007-10-16,564.4971923828125,1015.0,1025.0,1015.0,1025.0,1700
2007-10-17,553.9303588867188,996.0,1002.0,996.0,1002.0,2100
2007-10-18,554.4864501953125,997.0,1003.0,990.0,996.0,1100
2007-10-19,556.1549682617188,1000.0,1000.0,1000.0,1000.0,1100
2007-10-22,541.6948852539062,974.0,974.0,952.0,952.0,1200
2007-10-23,551.7057495117188,992.0,993.0,992.0,993.0,4900
2007-10-24,542.2510986328125,975.0,991.0,974.0,982.0,2700
2007-10-25,543.36328125,977.0,977.0,977.0,977.0,2700
2007-10-26,547.2565307617188,984.0,1000.0,980.0,1000.0,4400
2007-10-29,554.4864501953125,997.0,1000.0,985.0,994.0,5700
2007-10-30,543.36328125,977.0,987.0,977.0,987.0,5700
2007-10-31,551.7057495117188,992.0,995.0,978.0,978.0,3300
2007-11-01,556.1549682617188,1000.0,1000.0,992.0,1000.0,3900
2007-11-02,550.0372314453125,989.0,999.0,980.0,992.0,3100
2007-11-05,543.9195556640625,978.0,985.0,978.0,979.0,1800
2007-11-06,554.4864501953125,997.0,997.0,993.0,993.0,1800
2007-11-07,553.9303588867188,996.0,997.0,996.0,997.0,1800
2007-11-08,541.1387939453125,973.0,985.0,973.0,981.0,4600
2007-11-09,542.80712890625,976.0,985.0,976.0,985.0,4600
2007-11-12,536.689453125,965.0,965.0,965.0,965.0,4600
2007-11-13,532.2401733398438,957.0,958.0,957.0,958.0,4600
2007-11-14,536.689453125,965.0,965.0,957.0,957.0,4600
2007-11-15,550.5933837890625,990.0,990.0,975.0,975.0,3700
2007-11-16,545.0318603515625,980.0,980.0,974.0,974.0,3700
2007-11-19,544.4757690429688,979.0,979.0,968.0,969.0,1100
2007-11-20,531.1279296875,955.0,960.0,955.0,960.0,1100
2007-11-21,523.8978881835938,942.0,948.0,942.0,948.0,1100
2007-11-22,513.3309326171875,923.0,936.0,923.0,926.0,10000
2007-11-26,498.87091064453125,897.0,933.0,878.0,933.0,8000
2007-11-27,497.20245361328125,894.0,894.0,880.0,880.0,10000
2007-11-28,486.0794372558594,874.0,884.0,874.0,876.0,3600
2007-11-29,507.7694091796875,913.0,931.0,913.0,931.0,11600
2007-11-30,516.66796875,929.0,929.0,912.5435180664062,912.5435180664062,11600
2007-12-03,523.3417358398438,941.0,941.0,931.0,931.0,11600
2007-12-04,507.2131652832031,912.0,935.0,912.0,935.0,3200
2007-12-05,512.21875,921.0,921.0,904.0,904.0,6300
2007-12-06,521.1172485351562,937.0,937.0,921.0,921.0,6300
2007-12-07,520.0050048828125,935.0,945.0,933.0,933.0,10300
2007-12-10,521.67333984375,938.0,944.0,938.0,944.0,10300
2007-12-11,521.67333984375,938.0,938.0,935.0,936.0,1300
2007-12-12,513.8871459960938,924.0,924.0,920.0,924.0,5000
2007-12-13,509.43792724609375,916.0,918.0,916.0,918.0,5000
2007-12-14,509.9941101074219,917.0,926.0,915.0,916.0,16300
2007-12-17,509.9941101074219,917.0,923.0,917.0,923.0,16300
2007-12-18,509.9941101074219,917.0,922.0,910.0,916.0,5900
2007-12-19,505.54486083984375,909.0,909.0,903.0,903.0,16300
2007-12-20,503.8763427734375,906.0,906.0,900.0,904.0,14000
2007-12-21,503.3202209472656,905.0,906.0,905.0,906.0,14000
2007-12-25,498.87091064453125,897.0,898.0,897.0,898.0,14000
2007-12-26,507.2131652832031,912.0,914.0,912.0,914.0,2700
2007-12-27,503.8763427734375,906.0,912.0,906.0,912.0,2700
2007-12-28,493.8656005859375,888.0,926.0,888.0,926.0,4900
2008-01-04,468.2824401855469,842.0,882.0,841.0,882.0,6600
2008-01-07,466.0578308105469,838.0,838.0,838.0,838.0,2700
2008-01-08,462.1647033691406,831.0,837.0,831.0,836.0,2500
2008-01-09,480.5178527832031,864.0,881.0,830.0,830.0,7200
2008-01-10,463.2769775390625,833.0,844.0,833.0,844.0,7200
2008-01-11,459.38397216796875,826.0,826.0,826.0,826.0,7200
2008-01-15,456.0470275878906,820.0,820.0,808.0,820.0,6000
2008-01-16,428.79534912109375,771.0,789.0,771.0,782.0,5400
2008-01-17,411.5545959472656,740.0,740.0,740.0,740.0,5400
2008-01-18,397.65081787109375,715.0,716.0,704.0,704.0,16500
2008-01-21,386.5276794433594,695.0,700.0,695.0,697.0,6000
2008-01-22,371.511474609375,668.0,688.0,661.0,663.0,11900
2008-01-23,392.64532470703125,706.0,707.0,672.0,683.0,10200
2008-01-24,390.42083740234375,702.0,710.0,698.0,698.0,12000
2008-01-25,407.10540771484375,732.0,737.0,723.0,737.0,2600
2008-01-28,414.3354797363281,745.0,750.0,745.0,750.0,2600
2008-01-29,430.4639587402344,774.0,774.0,770.0,773.0,3100
2008-01-30,421.00927734375,757.0,775.0,757.0,775.0,3100
2008-01-31,436.58160400390625,785.0,785.0,785.0,785.0,3100
2008-02-01,448.8170166015625,807.0,810.0,804.0,804.0,10000
2008-02-04,458.8277893066406,825.0,825.0,815.0,815.0,10000
2008-02-05,419.8970031738281,755.0,755.0,755.0,755.0,10000
2008-02-06,403.7684631347656,726.0,735.0,715.0,715.0,11200
2008-02-07,408.77386474609375,735.0,735.0,720.0,732.0,6100
2008-02-08,415.44769287109375,747.0,747.0,738.0,738.0,900
2008-02-12,404.8807678222656,728.0,728.0,720.0,720.0,900
2008-02-13,423.7900695800781,762.0,762.0,762.0,762.0,900
2008-02-14,439.9185485839844,791.0,791.0,779.0,779.0,900
2008-02-15,440.4747619628906,792.0,792.0,780.0,791.0,12200
2008-02-18,444.9239501953125,800.0,808.0,800.0,800.0,1900
2008-02-19,447.7046203613281,805.0,819.0,800.0,801.0,2800
2008-02-20,434.3570556640625,781.0,793.0,781.0,793.0,2800
2008-02-21,432.6885681152344,778.0,794.0,773.0,773.0,1300
2008-02-22,428.79534912109375,771.0,771.0,770.0,770.0,1300
2008-02-25,436.0254211425781,784.0,798.0,778.0,784.0,2900
2008-02-26,428.2392883300781,770.0,775.0,770.0,775.0,2900
2008-02-27,431.5762023925781,776.0,776.0,770.0,770.0,2900
2008-02-28,419.8970031738281,755.0,770.0,755.0,770.0,4400
2008-02-29,423.7900695800781,762.0,764.0,755.0,755.0,3000
2008-03-03,418.228515625,752.0,753.0,743.0,743.0,4300
2008-03-04,412.66693115234375,742.0,752.0,742.0,752.0,4300
2008-03-05,392.64532470703125,706.0,706.0,697.0,697.0,4300
2008-03-06,406.54925537109375,731.0,731.0,729.0,731.0,2900
2008-03-07,393.20147705078125,707.0,731.0,707.0,731.0,2900
2008-03-10,394.8699951171875,710.0,718.0,710.0,718.0,2200
2008-03-11,396.5384826660156,713.0,713.0,708.0,709.0,3200
2008-03-12,400.4314880371094,720.0,720.0,720.0,720.0,1500
2008-03-13,395.4261169433594,711.0,714.0,710.0,714.0,2300
2008-03-14,385.9715270996094,694.0,704.0,694.0,704.0,7200
2008-03-17,377.629150390625,679.0,679.0,675.0,675.0,3500
2008-03-18,387.6399841308594,697.0,697.0,690.0,690.0,1900
2008-03-19,391.5331115722656,704.0,704.0,696.0,696.0,2700
2008-03-21,403.2123107910156,725.0,725.0,703.0,703.0,2700
2008-03-24,403.2123107910156,725.0,725.0,725.0,725.0,2700
2008-03-25,416.0037841796875,748.0,748.0,730.0,730.0,2700
2008-03-26,411.5545959472656,740.0,743.0,740.0,743.0,1400
2008-03-27,413.22308349609375,743.0,743.0,743.0,743.0,1400
2008-03-28,412.66693115234375,742.0,745.0,742.0,745.0,1400
2008-03-31,407.10540771484375,732.0,732.0,727.0,727.0,1400
2008-04-01,413.22308349609375,743.0,745.0,740.0,744.0,2600
2008-04-02,425.45843505859375,765.0,769.0,765.0,766.0,3100
2008-04-03,425.45843505859375,765.0,765.0,765.0,765.0,3100
2008-04-04,424.90240478515625,764.0,764.0,762.0,762.0,3100
2008-04-07,427.6830749511719,769.0,780.0,767.0,780.0,2200
2008-04-08,433.80078125,780.0,793.0,774.0,790.0,3500
2008-04-09,440.4747619628906,792.0,796.0,776.0,795.0,4200
2008-04-10,426.0146179199219,766.0,767.0,766.0,767.0,4200
2008-04-11,417.1161804199219,750.0,750.0,748.0,750.0,5000
2008-04-14,410.9984436035156,739.0,751.0,739.0,751.0,5000
2008-04-15,419.8970031738281,755.0,755.0,729.0,729.0,5000
2008-04-16,424.3462219238281,763.0,763.0,755.0,755.0,5000
2008-04-17,427.1270751953125,768.0,777.0,768.0,777.0,2300
2008-04-18,432.1324768066406,777.0,777.0,775.0,776.0,5600
2008-04-21,437.13775634765625,786.0,788.0,786.0,788.0,5600
2008-04-22,441.0308837890625,793.0,793.0,784.0,786.0,2700
2008-04-23,442.6993713378906,796.0,796.0,789.0,796.0,2400
2008-04-24,437.6939697265625,787.0,819.0,787.0,818.0,9400
2008-04-25,446.5923156738281,803.0,803.0,796.0,796.0,9400
2008-04-28,472.7315979003906,850.0,850.0,833.0,833.0,9400
2008-04-30,483.8548889160156,870.0,870.0,847.0,847.0,9400
2008-05-01,478.8494567871094,861.0,861.0,861.0,861.0,9400
2008-05-02,487.7478332519531,877.0,880.0,862.0,869.0,5800
2008-05-07,483.8548889160156,870.0,878.0,859.0,878.0,2700
2008-05-08,479.9617004394531,863.0,870.0,863.0,870.0,2700
2008-05-09,470.50701904296875,846.0,846.0,839.0,843.0,4900
2008-05-12,463.833251953125,834.0,834.0,834.0,834.0,4900
2008-05-13,511.66253662109375,920.0,934.0,874.0,874.0,42200
2008-05-14,499.9833068847656,899.0,909.0,899.0,909.0,42200
2008-05-15,510.55035400390625,918.0,918.0,902.0,902.0,6800
2008-05-16,504.9886779785156,908.0,912.4515991210938,908.0,912.4515991210938,6800
2008-05-19,516.1116943359375,928.0,928.0,914.0,920.0,2600
2008-05-20,509.43792724609375,916.0,916.0,901.0,906.0,5900
2008-05-21,496.6462707519531,893.0,905.0,887.0,889.0,4300
2008-05-22,487.7478332519531,877.0,877.0,865.0,868.0,4500
2008-05-23,481.63018798828125,866.0,880.0,866.0,880.0,4500
2008-05-26,477.7370300292969,859.0,859.0,858.0,858.0,4500
2008-05-27,484.41094970703125,871.0,871.0,870.0,870.0,800
2008-05-28,464.94549560546875,836.0,861.0,836.0,861.0,6000
2008-05-29,471.6194152832031,848.0,848.0,831.0,831.0,6000
2008-05-30,481.073974609375,865.0,865.0,865.0,865.0,6000
2008-06-02,484.41094970703125,871.0,879.0,865.0,873.0,1900
2008-06-03,475.5124816894531,855.0,870.0,855.0,865.0,2900
2008-06-04,481.073974609375,865.0,865.0,864.0,864.0,1900
2008-06-05,481.63018798828125,866.0,867.0,863.0,863.0,900
2008-06-06,482.1863708496094,867.0,876.0,867.0,874.0,2300
2008-06-09,472.7315979003906,850.0,854.0,850.0,854.0,6200
2008-06-10,475.5124816894531,855.0,855.0,850.0,850.0,6200
2008-06-11,467.1701354980469,840.0,855.0,840.0,855.0,6200
2008-06-12,487.7478332519531,877.0,877.0,856.0,866.0,9600
2008-06-13,471.6194152832031,848.0,848.0,848.0,848.0,9600
2008-06-16,482.1863708496094,867.0,867.0,854.0,858.0,2300
2008-06-17,474.9562683105469,854.0,858.0,854.0,858.0,2200
2008-06-18,473.84393310546875,852.0,855.0,852.0,855.0,1700
2008-06-19,469.3947448730469,844.0,849.0,844.0,845.0,3000
2008-06-20,459.38397216796875,826.0,854.0,826.0,854.0,3000
2008-06-23,464.94549560546875,836.0,838.0,827.0,827.0,2800
2008-06-24,464.94549560546875,836.0,844.0,836.0,844.0,2800
2008-06-25,466.6139831542969,839.0,839.0,833.0,833.0,2800
2008-06-26,469.9509582519531,845.0,858.0,845.0,858.0,2800
2008-06-27,460.4963073730469,828.0,828.0,824.0,824.0,2800
2008-06-30,469.9509582519531,845.0,845.0,838.0,838.0,2800
2008-07-01,473.84393310546875,852.0,852.0,845.0,845.0,2800
2008-07-02,466.0578308105469,838.0,852.0,838.0,852.0,2800
2008-07-03,452.7100830078125,814.0,816.0,811.0,812.0,2700
2008-07-04,453.8223571777344,816.0,817.0,816.0,817.0,2700
2008-07-07,454.3785095214844,817.0,817.0,814.0,814.0,3000
2008-07-08,445.48004150390625,801.0,801.0,801.0,801.0,3000
2008-07-09,447.7046203613281,805.0,811.0,805.0,811.0,3000
2008-07-10,446.5923156738281,803.0,807.0,803.0,807.0,3000
2008-07-11,442.1431579589844,795.0,804.0,795.0,804.0,3000
2008-07-14,441.5870361328125,794.0,799.0,778.0,785.0,5000
2008-07-15,447.7046203613281,805.0,805.0,800.0,802.0,5900
2008-07-16,445.48004150390625,801.0,802.0,801.0,802.0,700
2008-07-17,448.8170166015625,807.0,807.0,800.0,800.0,700
2008-07-18,448.8170166015625,807.0,807.0,807.0,807.0,700
2008-07-22,424.3462219238281,763.0,808.0,760.0,803.0,10300
2008-07-23,434.9132080078125,782.0,793.0,780.0,780.0,3900
2008-07-24,439.3624267578125,790.0,795.0,790.0,793.0,2400
2008-07-25,431.5762023925781,776.0,782.0,771.0,782.0,4100
2008-07-28,426.57080078125,767.0,776.0,767.0,772.0,1400
2008-07-29,417.1161804199219,750.0,766.0,736.0,766.0,3000
2008-07-30,441.5870361328125,794.0,794.0,767.0,767.0,3000
2008-07-31,447.14849853515625,804.0,804.0,795.0,795.0,3000
2008-08-01,444.9239501953125,800.0,805.0,800.0,805.0,3000
2008-08-04,438.25,788.0,790.0,786.0,786.0,1600
2008-08-05,446.0361328125,802.0,802.0,802.0,802.0,1600
2008-08-06,448.8170166015625,807.0,807.0,794.0,794.0,1600
2008-08-07,438.8061828613281,789.0,794.0,789.0,793.0,2500
2008-08-08,442.1431579589844,795.0,795.0,780.0,780.0,700
2008-08-11,438.8061828613281,789.0,789.0,789.0,789.0,700
2008-08-12,428.79534912109375,771.0,774.0,771.0,774.0,700
2008-08-13,412.1108093261719,741.0,754.0,741.0,754.0,700
2008-08-14,407.10540771484375,732.0,740.0,732.0,740.0,700
2008-08-15,410.9984436035156,739.0,739.0,733.0,733.0,700
2008-08-18,420.4530944824219,756.0,761.0,751.0,753.0,2000
2008-08-19,413.22308349609375,743.0,749.0,743.0,749.0,2000
2008-08-20,402.6560974121094,724.0,725.0,713.0,720.0,4200
2008-08-21,398.76312255859375,717.0,723.0,717.0,723.0,4300
2008-08-22,398.76312255859375,717.0,717.0,717.0,717.0,4300
2008-08-25,404.32470703125,727.0,730.0,727.0,728.0,3200
2008-08-26,411.5545959472656,740.0,740.0,740.0,740.0,3200
2008-08-27,404.32470703125,727.0,733.0,727.0,733.0,3200
2008-08-28,406.54925537109375,731.0,731.0,728.0,728.0,3200
2008-08-29,417.6723327636719,751.0,751.0,731.0,731.0,3200
2008-09-01,402.10003662109375,723.0,751.0,723.0,751.0,3200
2008-09-02,398.76312255859375,717.0,729.0,716.0,729.0,2700
2008-09-03,409.8861083984375,737.0,737.0,730.0,730.0,2700
2008-09-04,403.2123107910156,725.0,737.0,725.0,737.0,2700
2008-09-05,392.0892028808594,705.0,705.0,692.0,692.0,2700
2008-09-08,405.9930725097656,730.0,737.0,725.0,731.0,5000
2008-09-09,409.3300476074219,736.0,736.0,725.0,732.0,2400
2008-09-10,438.8061828613281,789.0,792.0,737.0,743.0,4100
2008-09-11,419.8970031738281,755.0,755.0,734.0,750.0,3100
2008-09-12,418.228515625,752.0,754.0,748.0,748.0,7100
2008-09-16,403.7684631347656,726.0,752.0,726.0,752.0,7100
2008-09-17,410.4422912597656,738.0,738.0,734.0,734.0,7100
2008-09-18,408.2176818847656,734.0,737.0,720.0,737.0,3300
2008-09-19,424.3462219238281,763.0,763.0,758.0,758.0,3300
2008-09-22,420.4530944824219,756.0,763.0,756.0,763.0,3300
2008-09-24,422.6778259277344,760.0,760.0,747.0,747.0,3300
2008-09-25,413.22308349609375,743.0,743.0,735.0,735.0,1600
2008-09-26,402.6560974121094,724.0,724.0,709.0,716.0,8900
2008-09-29,397.0946044921875,714.0,733.0,714.0,733.0,8900
2008-09-30,386.5276794433594,695.0,695.0,683.0,683.0,8900
2008-10-01,386.5276794433594,695.0,709.0,695.0,709.0,8900
2008-10-02,384.859130859375,692.0,714.0,692.0,714.0,8900
2008-10-03,363.16912841796875,653.0,671.0,651.0,671.0,4000
2008-10-06,356.4952392578125,641.0,649.0,641.0,649.0,4000
2008-10-07,347.04058837890625,624.0,624.0,624.0,624.0,4000
2008-10-08,334.24908447265625,601.0,624.0,601.0,624.0,4000
2008-10-09,337.0299072265625,606.0,606.0,606.0,606.0,4000
2008-10-10,320.9013366699219,577.0,577.0,577.0,577.0,4000
2008-10-14,336.4737854003906,605.0,617.0,605.0,617.0,4000
2008-10-15,350.3775634765625,630.0,632.0,630.0,632.0,4000
2008-10-16,295.3182373046875,531.0,531.0,529.0,529.0,4000
2008-10-17,313.1152648925781,563.0,563.0,555.0,556.0,9400
2008-10-20,331.4683532714844,596.0,596.0,585.0,585.0,9400
2008-10-21,344.2598876953125,619.0,619.0,609.0,609.0,9400
2008-10-22,335.3614196777344,603.0,603.0,603.0,603.0,9400
2008-10-23,314.78369140625,566.0,566.0,564.0,564.0,9400
2008-10-24,300.3236083984375,540.0,540.0,536.0,536.0,9400
2008-10-27,295.3182373046875,531.0,540.0,531.0,540.0,9400
2008-10-28,280.8582458496094,505.0,505.0,501.0,501.0,9400
2008-10-29,292.5375671386719,526.0,546.0,525.0,525.0,6800
2008-10-30,302.54827880859375,544.0,544.0,524.0,524.0,6800
2008-10-31,318.67681884765625,573.0,573.0,544.0,544.0,6800
2008-11-04,326.462890625,587.0,587.0,574.0,574.0,3900
2008-11-05,338.6983947753906,609.0,609.0,588.0,588.0,3900
2008-11-06,345.3722229003906,621.0,621.0,614.0,614.0,3900
2008-11-07,337.5860290527344,607.0,620.0,607.0,620.0,3900
2008-11-10,345.9283752441406,622.0,629.0,619.0,619.0,3300
2008-11-11,347.59686279296875,625.0,625.0,620.0,620.0,3300
2008-11-12,338.6983947753906,609.0,619.0,603.0,603.0,4300
2008-11-13,328.6875305175781,591.0,592.0,591.0,592.0,4300
2008-11-14,332.02447509765625,597.0,604.0,597.0,604.0,4300
2008-11-17,337.5860290527344,607.0,607.0,597.0,597.0,4300
2008-11-18,333.69293212890625,600.0,606.0,600.0,606.0,4300
2008-11-19,338.1422119140625,608.0,610.0,592.0,595.0,4800
2008-11-20,325.9068298339844,586.0,590.0,583.0,584.0,3400
2008-11-21,328.1314392089844,590.0,590.0,571.0,571.0,3400
2008-11-25,328.1314392089844,590.0,590.0,590.0,590.0,22300
2008-11-26,334.80523681640625,602.0,602.0,594.0,594.0,22300
2008-11-27,328.6875305175781,591.0,591.0,588.0,588.0,22300
2008-11-28,318.1205749511719,572.0,589.0,572.0,589.0,22300
2008-12-01,313.67138671875,564.0,572.0,564.0,572.0,22300
2008-12-02,313.1152648925781,563.0,566.0,563.0,566.0,22300
2008-12-03,305.8852233886719,550.0,560.0,550.0,560.0,22300
2008-12-04,279.18975830078125,502.0,563.0,502.0,563.0,22300
2008-12-05,284.7513122558594,512.0,517.0,512.0,517.0,22300
2008-12-08,279.18975830078125,502.0,525.0,502.0,525.0,22300
2008-12-09,301.9921569824219,543.0,543.0,542.0,542.0,22300
2008-12-10,320.9013366699219,577.0,577.0,544.0,544.0,22300
2008-12-11,322.0137023925781,579.0,579.0,578.0,578.0,22300
2008-12-12,327.01910400390625,588.0,589.0,588.0,589.0,22300
2008-12-15,336.4737854003906,605.0,615.0,605.0,615.0,22300
2008-12-16,332.02447509765625,597.0,610.0,597.0,610.0,1400
2008-12-17,336.4737854003906,605.0,605.0,598.0,598.0,1500
2008-12-18,329.79986572265625,593.0,606.0,593.0,606.0,3600
2008-12-19,327.5752868652344,589.0,589.0,581.0,581.0,9800
2008-12-22,317.564453125,571.0,595.0,571.0,595.0,3900
2008-12-24,309.22210693359375,556.0,556.0,546.0,546.0,6600
2008-12-25,301.43597412109375,542.0,548.0,540.0,548.0,4000
2008-12-26,300.3236083984375,540.0,560.0,540.0,560.0,7000
2008-12-29,294.7621154785156,530.0,540.0,528.0,540.0,6200
2008-12-30,300.3236083984375,540.0,559.0,539.0,549.0,3600
2009-01-05,306.44134521484375,551.0,560.0,550.0,550.0,900
2009-01-06,312.5590515136719,562.0,562.0,552.0,552.0,3100
2009-01-07,314.78369140625,566.0,566.0,566.0,566.0,3700
2009-01-08,314.78369140625,566.0,566.0,565.0,565.0,4000
2009-01-09,310.33447265625,558.0,567.0,558.0,567.0,7500
2009-01-13,298.6551818847656,537.0,560.0,537.0,560.0,10100
2009-01-14,303.10443115234375,545.0,551.0,545.0,551.0,900
2009-01-15,298.09906005859375,536.0,550.0,536.0,550.0,8300
2009-01-16,301.43597412109375,542.0,542.0,538.0,538.0,2400
2009-01-19,307.5536193847656,553.0,565.0,553.0,565.0,1500
2009-01-20,303.10443115234375,545.0,545.0,544.0,544.0,1000
2009-01-21,296.43060302734375,533.0,533.0,530.0,530.0,6800
2009-01-22,296.43060302734375,533.0,533.0,533.0,533.0,300
2009-01-23,296.43060302734375,533.0,553.0,533.0,553.0,3100
2009-01-26,300.8797912597656,541.0,549.0,540.0,541.0,2800
2009-01-27,304.2167663574219,547.0,547.0,547.0,547.0,1100
2009-01-28,303.10443115234375,545.0,546.0,542.0,542.0,2000
2009-01-29,305.32904052734375,549.0,559.0,549.0,559.0,3100
2009-01-30,304.7728576660156,548.0,548.0,539.0,539.0,9300
2009-02-02,286.9759216308594,516.0,516.0,515.0,515.0,4700
2009-02-03,285.3074645996094,513.0,513.0,513.0,513.0,1700
2009-02-04,285.8636169433594,514.0,514.0,514.0,514.0,1500
2009-02-05,286.9759216308594,516.0,523.0,516.0,523.0,3200
2009-02-06,284.7513122558594,512.0,517.0,512.0,517.0,1300
2009-02-09,275.29669189453125,495.0,496.0,495.0,496.0,2000
2009-02-10,277.5213317871094,499.0,501.0,487.0,497.0,2600
2009-02-12,265.285888671875,477.0,482.0,477.0,482.0,3800
2009-02-13,267.5105285644531,481.0,483.0,478.0,483.0,4100
2009-02-16,275.29669189453125,495.0,495.0,486.3782958984375,486.3782958984375,3600
2009-02-17,274.1843566894531,493.0,493.0,489.0,489.0,900
2009-02-18,275.29669189453125,495.0,497.0,495.0,497.0,1900
2009-02-19,270.8474426269531,487.0,495.0,487.0,495.0,2800
2009-02-20,274.74053955078125,494.0,495.0,491.0,495.0,1900
2009-02-23,272.51593017578125,490.0,495.0,490.0,495.0,1500
2009-02-24,271.403564453125,488.0,488.0,485.0,485.0,1700
2009-02-25,271.403564453125,488.0,492.0,487.0,492.0,3100
2009-02-26,273.6282653808594,492.0,492.0,488.0,488.0,4100
2009-02-27,273.6282653808594,492.0,492.0,492.0,492.0,2300
2009-03-02,270.8474426269531,487.0,492.0,487.0,492.0,1100
2009-03-03,269.178955078125,484.0,484.0,472.0,472.0,1000
2009-03-04,266.398193359375,479.0,479.0,475.0,475.0,3100
2009-03-05,276.9651794433594,498.0,498.0,493.0,493.0,6200
2009-03-06,270.8474426269531,487.0,494.0,487.0,494.0,5200
2009-03-09,272.51593017578125,490.0,492.0,490.0,492.0,2400
2009-03-10,276.40899658203125,497.0,501.0,497.0,501.0,28300
2009-03-11,279.7459411621094,503.0,515.0,503.0,515.0,5000
2009-03-12,273.6282653808594,492.0,496.0,492.0,496.0,4800
2009-03-13,278.0774841308594,500.0,500.0,477.0,477.0,10500
2009-03-16,290.86895751953125,523.0,523.0,513.0,516.0,5600
2009-03-17,283.6390075683594,510.0,515.0,510.0,510.0,3000
2009-03-18,281.97052001953125,507.0,508.0,507.0,508.0,3900
2009-03-19,275.29669189453125,495.0,507.0,495.0,507.0,4300
2009-03-23,286.41973876953125,515.0,515.0,508.0,508.0,4700
2009-03-24,295.3182373046875,531.0,531.0,525.0,525.0,6300
2009-03-25,305.8852233886719,550.0,550.0,539.0,539.0,7200
2009-03-26,305.8852233886719,550.0,550.0,539.0,539.0,3300
2009-03-27,303.10443115234375,545.0,545.0,536.0,542.0,2500
2009-03-30,299.21136474609375,538.0,542.0,538.0,542.0,5500
2009-03-31,289.7567138671875,521.0,523.0,521.0,523.0,6000
2009-04-01,281.4143981933594,506.0,506.0,498.0,498.0,6500
2009-04-02,281.97052001953125,507.0,507.0,507.0,507.0,4300
2009-04-03,283.6390075683594,510.0,510.0,505.0,505.0,1800
2009-04-06,280.30206298828125,504.0,507.0,503.0,507.0,4200
2009-04-07,273.6282653808594,492.0,504.0,492.0,504.0,4600
2009-04-08,273.6282653808594,492.0,494.0,490.0,491.0,5600
2009-04-09,274.74053955078125,494.0,494.0,492.0,492.0,800
2009-04-10,271.403564453125,488.0,488.0,487.0,487.0,5900
2009-04-13,271.403564453125,488.0,488.0,488.0,488.0,1300
2009-04-14,272.51593017578125,490.0,490.0,484.0,484.0,8300
2009-04-15,273.6282653808594,492.0,492.0,492.0,492.0,3800
2009-04-16,272.51593017578125,490.0,491.0,490.0,491.0,2400
2009-04-17,274.1843566894531,493.0,493.0,490.0,490.0,1700
2009-04-20,277.5213317871094,499.0,499.0,496.0,496.0,1000
2009-04-21,272.51593017578125,490.0,490.0,486.0,486.0,1100
2009-04-22,265.842041015625,478.0,480.0,478.0,480.0,3400
2009-04-23,262.505126953125,472.0,478.0,472.0,478.0,2200
2009-04-24,266.9543151855469,480.0,480.0,479.0,479.0,2800
2009-04-27,267.5105285644531,481.0,481.0,480.0,480.0,900
2009-04-28,266.9543151855469,480.0,480.0,480.0,480.0,2700
2009-04-30,270.291259765625,486.0,489.0,486.0,489.0,2000
2009-05-01,271.403564453125,488.0,496.0,486.0,486.0,2700
2009-05-07,271.403564453125,488.0,488.0,488.0,488.0,4600
2009-05-08,274.1843566894531,493.0,495.0,493.0,495.0,2900
2009-05-11,280.30206298828125,504.0,504.0,493.0,493.0,1200
2009-05-12,279.18975830078125,502.0,504.0,502.0,504.0,4900
2009-05-13,279.18975830078125,502.0,502.0,502.0,502.0,4800
2009-05-14,278.0774841308594,500.0,503.0,495.0,503.0,6100
2009-05-15,280.8582458496094,505.0,507.0,505.0,507.0,2700
2009-05-18,300.3236083984375,540.0,540.0,517.0,517.0,15300
2009-05-19,300.8797912597656,541.0,541.0,535.0,539.0,3500
2009-05-20,301.9921569824219,543.0,543.0,541.0,541.0,6400
2009-05-21,303.10443115234375,545.0,549.0,541.0,544.0,1900
2009-05-22,300.8797912597656,541.0,546.0,541.0,546.0,1200
2009-05-25,309.7782897949219,557.0,557.0,547.0,547.0,2500
2009-05-26,328.6875305175781,591.0,625.0,584.0,587.0,17600
2009-05-27,330.9122009277344,595.0,595.0,591.0,592.0,3600
2009-05-28,327.01910400390625,588.0,595.0,588.0,595.0,2300
2009-05-29,328.6875305175781,591.0,592.0,586.0,586.0,1700
2009-06-01,338.1422119140625,608.0,617.0,599.0,615.0,7700
2009-06-02,335.9175720214844,604.0,608.0,604.0,608.0,5300
2009-06-03,334.80523681640625,602.0,609.0,602.0,609.0,2700
2009-06-04,342.59136962890625,616.0,616.0,609.0,609.0,11800
2009-06-05,347.04058837890625,624.0,649.0,624.0,649.0,7600
2009-06-08,343.7037048339844,618.0,629.0,618.0,629.0,1900
2009-06-09,341.4791259765625,614.0,619.0,614.0,619.0,3700
2009-06-10,347.59686279296875,625.0,625.0,617.0,617.0,1700
2009-06-11,345.3722229003906,621.0,631.0,615.0,624.0,4600
2009-06-12,352.6022644042969,634.0,634.0,624.0,624.0,15600
2009-06-15,367.0622863769531,660.0,660.0,634.0,637.0,3300
2009-06-16,353.1583251953125,635.0,658.0,630.0,637.0,4200
2009-06-17,356.4952392578125,641.0,649.0,636.0,649.0,700
2009-06-18,369.2868957519531,664.0,710.0,645.0,645.0,6500
2009-06-19,375.9607238769531,676.0,737.0,676.0,692.0,6800
2009-06-22,395.9823303222656,712.0,728.0,695.0,695.0,7000
2009-06-23,389.3085021972656,700.0,702.0,688.0,688.0,7100
2009-06-24,393.20147705078125,707.0,715.0,691.0,692.0,4400
2009-06-25,410.4422912597656,738.0,741.0,717.0,717.0,6500
2009-06-26,415.44769287109375,747.0,783.0,740.0,748.0,9800
2009-06-29,412.66693115234375,742.0,750.0,735.0,740.0,4100
2009-06-30,407.66156005859375,733.0,738.0,732.0,733.0,1800
2009-07-01,407.10540771484375,732.0,743.0,726.0,743.0,2900
2009-07-02,403.7684631347656,726.0,736.0,726.0,736.0,2500
2009-07-03,397.0946044921875,714.0,720.0,707.0,720.0,6600
2009-07-06,393.20147705078125,707.0,714.0,707.0,712.0,3600
2009-07-07,395.4261169433594,711.0,717.0,709.0,717.0,1700
2009-07-08,387.0838623046875,696.0,704.0,696.0,703.0,5900
2009-07-09,377.07293701171875,678.0,696.0,678.0,686.0,3800
2009-07-10,388.1961975097656,698.0,699.0,688.0,688.0,2500
2009-07-13,385.9715270996094,694.0,708.0,693.0,708.0,3500
2009-07-14,389.3085021972656,700.0,706.0,691.0,699.0,6400
2009-07-15,383.1907958984375,689.0,700.0,689.0,700.0,8000
2009-07-16,385.9715270996094,694.0,704.0,693.0,699.0,1700
2009-07-17,382.07843017578125,687.0,687.0,682.0,684.0,1100
2009-07-21,378.7415466308594,681.0,700.0,667.0,677.0,1800
2009-07-22,373.7361145019531,672.0,674.0,661.0,661.0,7300
2009-07-23,363.72528076171875,654.0,672.0,652.0,672.0,6300
2009-07-24,375.4045104980469,675.0,676.0,649.0,664.0,11600
2009-07-27,376.5168762207031,677.0,689.0,665.0,666.0,3000
2009-07-28,372.62384033203125,670.0,670.0,667.0,667.0,1800
2009-07-29,371.511474609375,668.0,669.0,665.0,665.0,1700
2009-07-30,367.618408203125,661.0,665.0,660.0,664.0,1600
2009-07-31,364.8376770019531,656.0,671.0,656.0,671.0,8700
2009-08-03,352.04608154296875,633.0,665.0,622.0,665.0,8000
2009-08-04,352.04608154296875,633.0,656.0,632.0,633.0,7000
2009-08-05,353.714599609375,636.0,654.0,625.0,641.0,6700
2009-08-06,354.82684326171875,638.0,642.0,631.0,641.0,3100
2009-08-07,347.59686279296875,625.0,635.0,623.0,628.0,3700
2009-08-10,347.04058837890625,624.0,634.0,616.0,634.0,4600
2009-08-11,346.48455810546875,623.0,624.0,621.0,621.0,2400
2009-08-12,337.5860290527344,607.0,650.0,605.0,624.0,15500
2009-08-13,342.0352478027344,615.0,620.0,611.0,616.0,8300
2009-08-14,347.04058837890625,624.0,626.0,618.0,619.0,8300
2009-08-17,347.59686279296875,625.0,631.0,625.0,625.0,8000
2009-08-18,346.48455810546875,623.0,629.0,621.0,629.0,3200
2009-08-19,348.1529846191406,626.0,631.0,622.0,622.0,2900
2009-08-20,353.1583251953125,635.0,636.0,624.0,625.0,4100
2009-08-21,350.9337463378906,631.0,641.0,625.0,640.0,6000
2009-08-24,346.48455810546875,623.0,640.0,622.0,624.0,7500
2009-08-25,347.59686279296875,625.0,634.0,625.0,626.0,2600
2009-08-26,357.6076354980469,643.0,643.0,633.0,635.0,5600
2009-08-27,354.82684326171875,638.0,644.0,636.0,644.0,4700
2009-08-28,357.6076354980469,643.0,646.0,641.0,642.0,4400
2009-08-31,350.3775634765625,630.0,637.0,622.0,633.0,12000
2009-09-02,349.2652587890625,628.0,629.0,625.0,629.0,5600
2009-09-03,346.48455810546875,623.0,626.0,623.0,623.0,2400
2009-09-04,345.9283752441406,622.0,625.0,622.0,624.0,2900
2009-09-07,349.8215026855469,629.0,630.0,625.0,626.0,2400
2009-09-08,349.8215026855469,629.0,630.0,621.0,630.0,4100
2009-09-09,348.1529846191406,626.0,634.0,626.0,629.0,2600
2009-09-10,354.2706298828125,637.0,640.0,633.0,636.0,4400
2009-09-11,349.2652587890625,628.0,647.0,626.0,647.0,10600
2009-09-14,349.8215026855469,629.0,629.0,622.0,628.0,3500
2009-09-15,349.8215026855469,629.0,639.0,628.0,639.0,3300
2009-09-16,348.1529846191406,626.0,631.0,625.0,625.0,2000
2009-09-17,352.04608154296875,633.0,633.0,623.0,626.0,2600
2009-09-18,350.3775634765625,630.0,630.0,624.0,626.0,4000
2009-09-21,350.3775634765625,630.0,630.0,630.0,630.0,0
2009-09-24,353.714599609375,636.0,636.0,628.0,628.0,6100
2009-09-25,348.1529846191406,626.0,634.0,623.0,634.0,3300
2009-09-28,345.3722229003906,621.0,621.0,606.0,606.0,3000
2009-09-29,342.0352478027344,615.0,625.0,605.0,611.0,3300
2009-09-30,347.59686279296875,625.0,625.0,615.0,616.0,2100
2009-10-01,347.59686279296875,625.0,625.0,615.0,623.0,3200
2009-10-02,345.9283752441406,622.0,622.0,608.0,608.0,2300
2009-10-05,337.0299072265625,606.0,606.0,602.0,602.0,600
2009-10-06,333.1368103027344,599.0,615.0,595.0,602.0,4300
2009-10-07,333.69293212890625,600.0,600.0,584.0,584.0,4500
2009-10-08,328.6875305175781,591.0,598.0,580.0,580.0,2600
2009-10-09,323.1260070800781,581.0,591.0,580.0,590.0,4100
2009-10-13,327.01910400390625,588.0,588.0,583.0,584.0,1300
2009-10-14,334.24908447265625,601.0,609.0,581.0,589.0,4200
2009-10-15,337.0299072265625,606.0,609.0,600.0,601.0,2600
2009-10-16,334.24908447265625,601.0,607.0,601.0,607.0,300
2009-10-19,344.8160400390625,620.0,620.0,590.0,590.0,2400
2009-10-20,339.2545471191406,610.0,620.0,610.0,620.0,1000
2009-10-21,340.9230041503906,613.0,613.0,606.0,610.0,1200
2009-10-22,334.80523681640625,602.0,613.0,601.0,613.0,900
2009-10-23,334.24908447265625,601.0,605.0,596.0,601.0,3400
2009-10-26,344.2598876953125,619.0,619.0,610.0,611.0,3100
2009-10-27,322.5698547363281,580.0,588.0,542.0,570.0,19500
2009-10-28,318.1205749511719,572.0,588.0,570.0,588.0,3600
2009-10-29,318.67681884765625,573.0,582.0,568.0,582.0,5300
2009-10-30,320.9013366699219,577.0,582.0,574.0,582.0,3300
2009-11-02,318.67681884765625,573.0,580.0,562.0,564.0,3700
2009-11-04,321.45751953125,578.0,582.0,563.0,563.0,1700
2009-11-05,323.1260070800781,581.0,581.0,574.0,578.0,1300
2009-11-06,316.4521484375,569.0,586.0,569.0,586.0,1500
2009-11-09,321.45751953125,578.0,579.0,570.0,579.0,1900
2009-11-10,327.01910400390625,588.0,588.0,578.0,578.0,2200
2009-11-11,322.5698547363281,580.0,588.0,576.0,588.0,1500
2009-11-12,318.1205749511719,572.0,582.0,571.0,581.0,1600
2009-11-13,320.9013366699219,577.0,580.0,562.0,580.0,2900
2009-11-16,318.1205749511719,572.0,582.0,572.0,582.0,2400
2009-11-17,316.4521484375,569.0,572.0,548.0,572.0,1800
2009-11-18,310.8906555175781,559.0,568.0,559.0,559.0,3100
2009-11-19,307.5536193847656,553.0,559.0,541.0,557.0,5100
2009-11-20,303.66058349609375,546.0,553.0,536.0,536.0,1800
2009-11-24,300.3236083984375,540.0,563.0,540.0,546.0,2000
2009-11-25,303.10443115234375,545.0,545.0,540.0,540.0,1600
2009-11-26,299.21136474609375,538.0,555.0,537.0,555.0,1300
2009-11-27,293.6498107910156,528.0,552.0,524.0,548.0,3500
2009-11-30,305.32904052734375,549.0,549.0,533.0,537.0,2600
2009-12-01,306.99755859375,552.0,558.0,543.0,558.0,4100
2009-12-02,304.7728576660156,548.0,552.0,542.0,542.0,2900
2009-12-03,310.33447265625,558.0,558.0,538.0,538.0,5200
2009-12-04,294.7621154785156,530.0,558.0,530.0,558.0,10200
2009-12-07,301.9921569824219,543.0,543.0,530.0,540.0,4000
2009-12-08,293.0936279296875,527.0,527.0,513.0,513.0,8600
2009-12-09,293.0936279296875,527.0,530.0,517.0,517.0,1600
2009-12-10,289.2005920410156,520.0,527.0,517.0,527.0,3700
2009-12-11,294.7621154785156,530.0,537.0,522.0,537.0,5700
2009-12-14,299.7674560546875,539.0,539.0,527.0,538.0,4500
2009-12-15,300.8797912597656,541.0,560.0,531.0,555.0,10700
2009-12-16,303.66058349609375,546.0,549.0,541.0,541.0,2300
2009-12-17,307.5536193847656,553.0,556.0,545.0,545.0,4000
2009-12-18,308.6659851074219,555.0,556.0,544.0,549.0,2500
2009-12-21,303.66058349609375,546.0,561.0,544.0,561.0,5100
2009-12-22,306.44134521484375,551.0,558.0,549.0,555.0,4300
2009-12-24,309.22210693359375,556.0,560.0,554.0,560.0,3200
2009-12-25,315.8960266113281,568.0,576.0,555.0,576.0,6800
2009-12-28,308.6659851074219,555.0,565.0,555.0,562.0,1800
2009-12-29,319.7890625,575.0,575.0,556.0,556.0,2500
2009-12-30,317.564453125,571.0,578.0,571.0,578.0,3100
2010-01-04,322.5698547363281,580.0,581.0,578.0,578.0,1700
2010-01-05,323.1260070800781,581.0,585.0,580.0,580.0,1300
2010-01-06,323.1260070800781,581.0,587.0,576.0,587.0,1700
2010-01-07,324.7944641113281,584.0,584.0,572.0,572.0,2100
2010-01-08,325.35064697265625,585.0,585.0,584.0,584.0,800
2010-01-12,324.7944641113281,584.0,585.0,578.0,578.0,3000
2010-01-13,327.5752868652344,589.0,589.0,578.0,585.0,1400
2010-01-14,323.6822204589844,582.0,599.0,579.0,593.0,3500
2010-01-15,321.45751953125,578.0,584.0,574.0,584.0,3400
2010-01-18,325.35064697265625,585.0,588.0,580.0,588.0,1000
2010-01-19,316.4521484375,569.0,570.0,569.0,570.0,4500
2010-01-20,313.67138671875,564.0,564.0,551.0,562.0,1900
2010-01-21,315.3398742675781,567.0,570.0,550.0,564.0,4600
2010-01-22,309.22210693359375,556.0,560.0,552.0,560.0,1100
2010-01-25,309.7782897949219,557.0,558.0,555.0,555.0,2500
2010-01-26,310.8906555175781,559.0,560.0,555.0,558.0,2500
2010-01-27,309.7782897949219,557.0,559.0,557.0,557.0,2000
2010-01-28,304.7728576660156,548.0,549.0,547.0,547.0,2500
2010-01-29,299.7674560546875,539.0,548.0,539.0,548.0,3000
2010-02-01,301.43597412109375,542.0,550.0,530.0,549.0,2600
2010-02-02,293.0936279296875,527.0,528.0,523.0,526.0,2200
2010-02-03,296.43060302734375,533.0,535.0,527.0,534.0,2500
2010-02-04,293.0936279296875,527.0,533.0,527.0,533.0,2700
2010-02-05,290.86895751953125,523.0,527.0,523.0,526.0,2200
2010-02-08,289.2005920410156,520.0,522.0,519.0,521.0,1700
2010-02-09,291.4251708984375,524.0,527.0,523.0,525.0,1500
2010-02-10,293.6498107910156,528.0,528.0,525.0,525.0,1100
2010-02-12,294.7621154785156,530.0,530.0,526.0,526.0,2900
2010-02-15,289.7567138671875,521.0,524.0,521.0,523.0,3500
2010-02-16,294.7621154785156,530.0,540.0,530.0,530.0,1600
2010-02-17,299.21136474609375,538.0,545.0,538.0,540.0,1800
2010-02-18,298.09906005859375,536.0,546.0,532.0,542.0,2200
2010-02-19,288.08819580078125,518.0,528.0,518.0,526.0,5500
2010-02-22,294.7621154785156,530.0,530.0,516.0,516.0,1600
2010-02-23,290.86895751953125,523.0,533.0,523.0,533.0,1700
2010-02-24,289.2005920410156,520.0,534.0,520.0,520.0,3600
2010-02-25,296.43060302734375,533.0,533.0,520.0,520.0,1400
2010-02-26,301.9921569824219,543.0,543.0,542.0,542.0,1400
2010-03-01,299.7674560546875,539.0,543.0,536.0,542.0,2400
2010-03-02,299.21136474609375,538.0,539.0,537.0,539.0,900
2010-03-03,296.43060302734375,533.0,538.0,533.0,538.0,1400
2010-03-04,295.8743896484375,532.0,534.0,532.0,533.0,700
2010-03-05,296.43060302734375,533.0,541.0,532.0,541.0,4100
2010-03-08,299.21136474609375,538.0,543.0,538.0,540.0,4200
2010-03-09,298.09906005859375,536.0,539.0,530.0,539.0,1200
2010-03-10,294.20599365234375,529.0,538.0,529.0,538.0,2400
2010-03-11,298.09906005859375,536.0,544.0,531.0,536.0,4400
2010-03-12,301.43597412109375,542.0,545.0,540.0,545.0,10100
2010-03-15,305.8852233886719,550.0,552.0,549.0,552.0,2300
2010-03-16,309.22210693359375,556.0,563.0,553.0,563.0,900
2010-03-17,314.2275390625,565.0,565.0,548.0,563.0,1400
2010-03-18,311.4468078613281,560.0,569.0,549.0,569.0,2800
2010-03-19,310.8906555175781,559.0,565.0,559.0,561.0,4900
2010-03-23,317.00823974609375,570.0,573.0,565.0,565.0,800
2010-03-24,322.5698547363281,580.0,580.0,575.0,575.0,4300
2010-03-25,324.2383117675781,583.0,585.0,580.0,580.0,2200
2010-03-26,333.69293212890625,600.0,600.0,589.0,590.0,9700
2010-03-29,336.1059265136719,592.0,600.0,592.0,599.0,1600
2010-03-30,354.2738342285156,624.0,624.0,590.0,595.0,3800
2010-03-31,350.8673400878906,618.0,628.0,614.0,614.0,5600
2010-04-01,346.8930358886719,611.0,620.0,595.0,615.0,6500
2010-04-02,348.028564453125,613.0,613.0,605.0,612.0,6800
2010-04-05,346.3253479003906,610.0,613.0,610.0,611.0,4100
2010-04-06,326.4541931152344,575.0,601.0,575.0,601.0,26400
2010-04-07,342.35107421875,603.0,619.0,579.0,579.0,12600
2010-04-08,346.8930358886719,611.0,614.0,597.0,602.0,5000
2010-04-09,347.4609069824219,612.0,612.0,591.0,611.0,6300
2010-04-12,343.48663330078125,605.0,608.0,598.0,598.0,4600
2010-04-13,342.35107421875,603.0,606.0,602.0,606.0,1900
2010-04-14,344.6220397949219,607.0,609.0,598.0,609.0,4600
2010-04-15,345.1898498535156,608.0,610.0,595.0,605.0,9000
2010-04-16,344.6220397949219,607.0,610.0,606.0,610.0,2600
2010-04-19,340.0801696777344,599.0,607.0,590.0,607.0,4700
2010-04-20,334.9703674316406,590.0,601.0,585.0,601.0,4900
2010-04-21,345.1898498535156,608.0,612.0,594.0,594.0,4600
2010-04-22,341.21563720703125,601.0,608.0,601.0,608.0,2000
2010-04-23,342.35107421875,603.0,613.0,600.0,601.0,3300
2010-04-26,349.1640319824219,615.0,615.0,602.0,614.0,7600
2010-04-27,345.757568359375,609.0,610.0,598.0,599.0,3500
2010-04-28,340.0801696777344,599.0,601.0,596.0,601.0,2300
2010-04-30,340.0801696777344,599.0,602.0,596.0,596.0,3400
2010-05-06,330.9961242675781,583.0,594.0,583.0,592.0,7400
2010-05-07,331.56390380859375,584.0,586.0,565.0,565.0,4700
2010-05-10,324.75091552734375,572.0,576.0,566.0,568.0,7100
2010-05-11,325.31866455078125,573.0,595.0,573.0,579.0,4500
2010-05-12,330.9961242675781,583.0,584.0,575.0,575.0,2400
2010-05-13,338.3768310546875,596.0,622.0,596.0,622.0,9300
2010-05-14,343.48663330078125,605.0,607.0,583.0,583.0,6300
2010-05-17,333.8349304199219,588.0,592.0,587.0,592.0,3700
2010-05-18,330.4283752441406,582.0,585.0,567.0,583.0,6000
2010-05-19,337.8091735839844,595.0,595.0,576.0,580.0,9100
2010-05-20,338.944580078125,597.0,599.0,581.0,581.0,2200
2010-05-21,330.4283752441406,582.0,598.0,575.0,582.0,10400
2010-05-24,339.5123596191406,598.0,610.0,573.0,574.0,6900
2010-05-25,332.13165283203125,585.0,600.0,584.0,588.0,10400
2010-05-26,330.9961242675781,583.0,592.0,570.0,590.0,8300
2010-05-27,324.1831970214844,571.0,578.0,571.0,573.0,5700
2010-05-28,324.1831970214844,571.0,575.0,571.0,572.0,4700
2010-05-31,324.1831970214844,571.0,574.0,570.0,574.0,4900
2010-06-01,323.0476989746094,569.0,574.0,569.0,574.0,3200
2010-06-02,320.77667236328125,565.0,574.0,563.0,574.0,1800
2010-06-03,321.34442138671875,566.0,574.0,566.0,574.0,3400
2010-06-04,320.77667236328125,565.0,570.0,565.0,570.0,2500
2010-06-07,315.0992431640625,555.0,563.0,555.0,563.0,7900
2010-06-08,314.531494140625,554.0,564.0,554.0,564.0,1100
2010-06-09,311.125,548.0,554.0,547.0,554.0,1500
2010-06-10,316.2347717285156,557.0,557.0,546.0,546.0,2900
2010-06-11,311.125,548.0,561.0,548.0,561.0,9900
2010-06-14,308.28631591796875,543.0,559.0,543.0,556.0,7200
2010-06-15,308.28631591796875,543.0,543.0,543.0,543.0,2100
2010-06-16,309.9895324707031,546.0,553.0,546.0,553.0,1300
2010-06-17,311.6927490234375,549.0,556.0,547.0,547.0,2000
2010-06-18,315.6669921875,556.0,559.0,545.0,545.0,2700
2010-06-21,319.0734558105469,562.0,567.0,562.0,565.0,3300
2010-06-22,323.61541748046875,570.0,570.0,562.0,570.0,3400
2010-06-23,315.6669921875,556.0,567.0,551.0,551.0,3000
2010-06-24,319.0734558105469,562.0,565.0,551.0,551.0,900
2010-06-25,319.0734558105469,562.0,569.0,562.0,569.0,2400
2010-06-28,316.2347717285156,557.0,563.0,555.0,555.0,1400
2010-06-29,316.8024597167969,558.0,561.0,557.0,561.0,1800
2010-06-30,318.5057678222656,561.0,561.0,552.0,552.0,1200
2010-07-01,313.39605712890625,552.0,552.0,552.0,552.0,2200
2010-07-02,317.93798828125,560.0,568.0,557.0,568.0,2800
2010-07-05,314.531494140625,554.0,555.0,553.0,553.0,1200
2010-07-06,317.3702087402344,559.0,559.0,552.0,552.0,1500
2010-07-07,313.9637145996094,553.0,555.0,553.0,554.0,1500
2010-07-08,317.3702087402344,559.0,559.0,557.0,557.0,1200
2010-07-09,319.0734558105469,562.0,562.0,553.0,553.0,1800
2010-07-12,314.531494140625,554.0,562.0,554.0,562.0,3000
2010-07-13,309.9895324707031,546.0,557.0,546.0,556.0,4000
2010-07-14,317.3702087402344,559.0,559.0,553.0,553.0,2100
2010-07-15,304.8798522949219,537.0,567.0,537.0,565.0,13400
2010-07-16,308.8540344238281,544.0,547.0,542.0,542.0,1100
2010-07-21,301.47332763671875,531.0,541.0,531.0,541.0,2200
2010-07-22,305.44757080078125,538.0,540.0,530.0,531.0,3300
2010-07-23,308.8540344238281,544.0,548.0,540.0,541.0,4700
2010-07-26,315.6669921875,556.0,564.0,551.0,564.0,5900
2010-07-27,320.77667236328125,565.0,566.0,555.0,555.0,2700
2010-07-28,321.34442138671875,566.0,566.0,559.0,560.0,4700
2010-07-29,318.5057678222656,561.0,565.0,557.0,559.0,1600
2010-07-30,315.6669921875,556.0,564.0,556.0,560.0,2900
2010-08-02,318.5057678222656,561.0,565.0,561.0,565.0,500
2010-08-03,317.93798828125,560.0,560.0,557.0,558.0,1600
2010-08-04,312.26055908203125,550.0,556.0,548.0,556.0,2300
2010-08-05,312.26055908203125,550.0,558.0,550.0,558.0,1300
2010-08-06,319.0734558105469,562.0,562.0,551.0,551.0,1300
2010-08-09,317.93798828125,560.0,563.0,558.0,562.0,1500
2010-08-10,315.0992431640625,555.0,563.0,551.0,563.0,2500
2010-08-11,307.7185363769531,542.0,554.0,542.0,554.0,2800
2010-08-12,306.5830993652344,540.0,544.0,535.0,542.0,4800
2010-08-13,312.26055908203125,550.0,558.0,535.0,535.0,3900
2010-08-16,315.6669921875,556.0,558.0,548.0,555.0,4900
2010-08-17,312.8282775878906,551.0,557.0,550.0,554.0,3400
2010-08-18,316.8024597167969,558.0,558.0,546.0,546.0,1900
2010-08-19,312.8282775878906,551.0,556.0,550.0,553.0,1800
2010-08-20,309.9895324707031,546.0,551.0,545.0,551.0,800
2010-08-23,303.744384765625,535.0,548.0,533.0,548.0,2300
2010-08-24,306.0152893066406,539.0,539.0,525.0,525.0,2700
2010-08-25,302.0411071777344,532.0,539.0,525.0,525.0,1800
2010-08-26,311.125,548.0,548.0,525.0,525.0,3500
2010-08-27,315.0992431640625,555.0,555.0,540.0,547.0,3700
2010-08-30,314.531494140625,554.0,557.0,550.0,555.0,2200
2010-08-31,307.1508483886719,541.0,551.0,541.0,549.0,2900
2010-09-01,304.8798522949219,537.0,540.0,533.0,533.0,4000
2010-09-02,310.5573425292969,547.0,547.0,540.0,547.0,3400
2010-09-03,309.9895324707031,546.0,549.0,541.0,549.0,1200
2010-09-06,314.531494140625,554.0,558.0,545.0,553.0,24500
2010-09-07,314.531494140625,554.0,557.0,554.0,554.0,1900
2010-09-08,310.5573425292969,547.0,550.0,547.0,550.0,1100
2010-09-09,313.9637145996094,553.0,553.0,537.0,537.0,3200
2010-09-10,318.5057678222656,561.0,573.0,557.0,573.0,7400
2010-09-13,321.34442138671875,566.0,573.0,565.0,565.0,5900
2010-09-14,324.1831970214844,571.0,571.0,567.0,570.0,2200
2010-09-16,322.4798583984375,568.0,571.0,567.0,571.0,1200
2010-09-17,323.0476989746094,569.0,571.0,569.0,571.0,1800
2010-09-21,324.75091552734375,572.0,582.0,569.0,569.0,5300
2010-09-22,324.75091552734375,572.0,579.0,572.0,572.0,1300
2010-09-24,327.5896301269531,577.0,578.0,568.0,569.0,3500
2010-09-27,330.4283752441406,582.0,582.0,570.0,570.0,3800
2010-09-28,335.7929992675781,579.0,585.0,563.0,583.0,3200
2010-09-29,336.37298583984375,580.0,580.0,570.0,570.0,4400
2010-09-30,341.0125732421875,588.0,590.0,585.0,590.0,3700
2010-10-01,333.47314453125,575.0,585.0,574.0,585.0,3000
2010-10-04,328.8335266113281,567.0,574.0,565.0,574.0,700
2010-10-05,327.09368896484375,564.0,572.0,555.0,570.0,2600
2010-10-06,331.7332763671875,572.0,574.0,557.0,574.0,2700
2010-10-07,332.8931884765625,574.0,574.0,571.0,572.0,1900
2010-10-08,326.5137023925781,563.0,564.0,561.0,564.0,2400
2010-10-12,324.7738952636719,560.0,573.0,560.0,573.0,4900
2010-10-13,324.7738952636719,560.0,561.0,560.0,561.0,2100
2010-10-14,331.1533508300781,571.0,571.0,561.0,570.0,2700
2010-10-15,320.71417236328125,553.0,562.0,552.0,562.0,4000
2010-10-18,328.8335266113281,567.0,567.0,553.0,553.0,2400
2010-10-19,322.4540710449219,556.0,567.0,556.0,558.0,1900
2010-10-20,318.974365234375,550.0,559.0,550.0,553.0,3700
2010-10-21,323.0340576171875,557.0,557.0,539.0,551.0,8500
2010-10-22,319.55426025390625,551.0,555.0,550.0,552.0,1700
2010-10-25,319.55426025390625,551.0,565.0,551.0,561.0,2300
2010-10-26,313.7547912597656,541.0,565.0,541.0,551.0,6500
2010-10-27,318.39434814453125,549.0,558.0,544.0,551.0,1700
2010-10-28,352.61163330078125,608.0,608.0,538.0,543.0,15700
2010-10-29,323.6139831542969,558.0,608.0,538.0,543.0,8300
2010-11-01,325.93377685546875,562.0,569.0,538.0,543.0,6300
2010-11-02,325.93377685546875,562.0,562.0,552.0,552.0,2000
2010-11-04,328.25360107421875,566.0,578.0,557.0,557.0,2400
2010-11-05,331.7332763671875,572.0,575.0,556.0,556.0,5200
2010-11-08,334.6330261230469,577.0,582.0,572.0,582.0,900
2010-11-09,335.7929992675781,579.0,579.0,570.0,570.0,800
2010-11-10,333.47314453125,575.0,580.0,569.0,569.0,1600
2010-11-11,338.11279296875,583.0,585.0,574.0,574.0,3200
2010-11-12,341.592529296875,589.0,590.0,586.0,586.0,4100
2010-11-15,342.75238037109375,591.0,593.0,587.0,587.0,3100
2010-11-16,342.1725158691406,590.0,598.0,589.0,598.0,1900
2010-11-17,342.1725158691406,590.0,590.0,588.0,588.0,1600
2010-11-18,344.4923400878906,594.0,601.0,591.0,601.0,1800
2010-11-19,342.75238037109375,591.0,600.0,591.0,598.0,3400
2010-11-22,349.1318664550781,602.0,609.0,596.0,597.0,10000
2010-11-24,342.75238037109375,591.0,604.0,591.0,604.0,1500
2010-11-25,347.9720458984375,600.0,600.0,582.0,588.0,1700
2010-11-26,346.232177734375,597.0,603.0,597.0,603.0,1100
2010-11-29,359.5710144042969,620.0,620.0,603.0,604.0,3200
2010-11-30,345.6521911621094,596.0,617.0,595.0,617.0,4400
2010-12-01,344.4923400878906,594.0,594.0,587.0,592.0,2200
2010-12-02,349.71185302734375,603.0,603.0,589.0,589.0,2500
2010-12-03,345.6521911621094,596.0,601.0,596.0,601.0,1600
2010-12-06,347.9720458984375,600.0,600.0,584.0,596.0,1500
2010-12-07,347.9720458984375,600.0,600.0,592.0,595.0,2900
2010-12-08,343.912353515625,593.0,600.0,590.0,600.0,4600
2010-12-09,346.232177734375,597.0,597.0,594.0,595.0,1200
2010-12-10,346.81207275390625,598.0,599.0,592.0,592.0,10500
2010-12-13,344.4923400878906,594.0,596.0,589.0,593.0,3400
2010-12-14,347.3920593261719,599.0,599.0,591.0,596.0,4100
2010-12-15,349.1318664550781,602.0,602.0,598.0,599.0,10600
2010-12-16,347.3920593261719,599.0,603.0,592.0,592.0,5900
2010-12-17,347.3920593261719,599.0,602.0,592.0,592.0,2800
2010-12-20,343.912353515625,593.0,597.0,589.0,589.0,3000
2010-12-21,345.0722961425781,595.0,597.0,589.0,589.0,2700
2010-12-22,346.232177734375,597.0,602.0,594.0,596.0,2700
2010-12-24,341.0125732421875,588.0,600.0,586.0,600.0,6900
2010-12-27,331.7332763671875,572.0,597.0,570.0,590.0,7100
2010-12-28,334.6330261230469,577.0,579.0,576.0,579.0,5300
2010-12-29,337.5328369140625,582.0,582.0,575.0,576.0,1300
2010-12-30,336.9529724121094,581.0,591.0,580.0,591.0,3300
2011-01-04,341.0125732421875,588.0,595.0,585.0,589.0,6400
2011-01-05,343.912353515625,593.0,594.0,589.0,589.0,3200
2011-01-06,346.232177734375,597.0,598.0,595.0,595.0,4100
2011-01-07,345.6521911621094,596.0,599.0,596.0,598.0,1700
2011-01-11,347.9720458984375,600.0,600.0,594.0,596.0,3100
2011-01-12,346.232177734375,597.0,599.0,590.0,597.0,3900
2011-01-13,348.55194091796875,601.0,604.0,600.0,600.0,3600
2011-01-14,356.6712646484375,615.0,630.0,602.0,602.0,3800
2011-01-17,362.47088623046875,625.0,625.0,620.0,625.0,4800
2011-01-18,364.7906799316406,629.0,633.0,619.0,629.0,4800
2011-01-19,363.6307678222656,627.0,632.0,622.0,632.0,1800
2011-01-20,358.4112243652344,618.0,627.0,617.0,627.0,1500
2011-01-21,346.81207275390625,598.0,613.0,598.0,613.0,1600
2011-01-24,357.8312072753906,617.0,619.0,608.0,617.0,11700
2011-01-25,363.05078125,626.0,628.0,617.0,617.0,1600
2011-01-26,363.05078125,626.0,626.0,618.0,625.0,2100
2011-01-27,357.25128173828125,616.0,618.0,607.0,617.0,1300
2011-01-28,361.89093017578125,624.0,624.0,613.0,622.0,2700
2011-01-31,358.4112243652344,618.0,618.0,611.0,616.0,1800
2011-02-01,356.6712646484375,615.0,625.0,613.0,625.0,2500
2011-02-02,357.8312072753906,617.0,618.0,614.0,614.0,3500
2011-02-03,356.0914001464844,614.0,623.0,612.0,612.0,2200
2011-02-04,358.4112243652344,618.0,620.0,610.0,610.0,1400
2011-02-07,356.0914001464844,614.0,618.0,608.0,608.0,3800
2011-02-08,359.5710144042969,620.0,624.0,614.0,614.0,2100
2011-02-09,358.4112243652344,618.0,619.0,617.0,617.0,1500
2011-02-10,358.9911193847656,619.0,623.0,618.0,618.0,1200
2011-02-14,362.47088623046875,625.0,625.0,620.0,624.0,1800
2011-02-15,357.8312072753906,617.0,620.0,616.0,619.0,3200
2011-02-16,358.4112243652344,618.0,618.0,611.0,612.0,1300
2011-02-17,360.1510314941406,621.0,625.0,617.0,621.0,2400
2011-02-18,357.8312072753906,617.0,618.0,617.0,617.0,1700
2011-02-21,360.7309875488281,622.0,624.0,621.0,621.0,500
2011-02-22,358.9911193847656,619.0,619.0,618.0,618.0,800
2011-02-23,356.6712646484375,615.0,622.0,615.0,619.0,3400
2011-02-24,358.4112243652344,618.0,622.0,616.0,619.0,700
2011-02-25,358.4112243652344,618.0,623.0,610.0,623.0,3400
2011-02-28,359.5710144042969,620.0,622.0,615.0,622.0,600
2011-03-01,360.1510314941406,621.0,629.0,621.0,623.0,4700
2011-03-02,357.25128173828125,616.0,627.0,616.0,621.0,2100
2011-03-03,357.25128173828125,616.0,616.0,616.0,616.0,500
2011-03-04,358.4112243652344,618.0,626.0,617.0,626.0,1600
2011-03-07,358.4112243652344,618.0,619.0,615.0,617.0,2600
2011-03-08,356.6712646484375,615.0,617.0,615.0,615.0,1700
2011-03-09,357.25128173828125,616.0,620.0,616.0,616.0,2400
2011-03-10,357.25128173828125,616.0,621.0,615.0,615.0,1800
2011-03-11,361.3110046386719,623.0,627.0,617.0,625.0,14100
2011-03-14,305.6354675292969,527.0,591.0,527.0,581.0,11100
2011-03-15,288.8167724609375,498.0,553.0,461.0,540.0,17200
2011-03-16,289.9766845703125,500.0,535.0,471.0,500.0,8000
2011-03-17,301.5757751464844,520.0,531.0,500.0,500.0,4600
2011-03-18,322.4540710449219,556.0,556.0,525.0,525.0,5200
2011-03-22,330.5733642578125,570.0,590.0,570.0,590.0,2900
2011-03-23,338.69268798828125,584.0,585.0,566.0,568.0,2700
2011-03-24,330.5733642578125,570.0,584.0,570.0,584.0,5400
2011-03-25,341.0125732421875,588.0,600.0,577.0,580.0,7100
2011-03-28,348.55194091796875,601.0,601.0,566.0,580.0,2800
2011-03-29,339.8196716308594,574.0,580.0,570.0,570.0,5100
2011-03-30,338.6355895996094,572.0,580.0,566.0,566.0,7100
2011-03-31,342.7797546386719,579.0,581.0,572.0,572.0,1700
2011-04-01,361.72442626953125,611.0,611.0,585.0,585.0,9100
2011-04-04,361.1324462890625,610.0,610.0,597.0,597.0,4000
2011-04-05,357.58026123046875,604.0,613.0,593.0,601.0,6600
2011-04-06,352.8441162109375,596.0,600.0,570.0,600.0,10900
2011-04-07,355.2122497558594,600.0,602.0,575.0,586.0,8500
2011-04-08,349.2919921875,590.0,595.0,571.0,594.0,9400
2011-04-11,344.5558166503906,582.0,592.0,582.0,592.0,3300
2011-04-12,343.371826171875,580.0,584.0,578.0,578.0,3100
2011-04-13,342.7797546386719,579.0,586.0,578.0,579.0,1900
2011-04-14,353.4361877441406,597.0,597.0,579.0,579.0,1500
2011-04-15,352.2521667480469,595.0,597.0,591.0,596.0,3000
2011-04-18,350.47601318359375,592.0,592.0,587.0,588.0,400
2011-04-19,350.47601318359375,592.0,592.0,587.0,592.0,700
2011-04-20,348.6999816894531,589.0,597.0,586.0,586.0,1800
2011-04-21,347.51593017578125,587.0,594.0,584.0,594.0,3800
2011-04-22,355.2122497558594,600.0,600.0,586.0,587.0,1000
2011-04-25,346.92388916015625,586.0,588.0,580.0,581.0,5100
2011-04-26,342.7797546386719,579.0,586.0,579.0,586.0,5200
2011-04-27,344.5558166503906,582.0,588.0,579.0,579.0,1500
2011-04-28,348.6999816894531,589.0,593.0,586.0,589.0,3500
2011-05-02,355.80419921875,601.0,607.0,597.0,599.0,2700
2011-05-06,353.4361877441406,597.0,611.0,591.0,601.0,2400
2011-05-09,353.4361877441406,597.0,597.0,591.0,597.0,500
2011-05-10,354.02813720703125,598.0,603.0,593.0,593.0,400
2011-05-11,351.0680847167969,593.0,601.0,593.0,599.0,3000
2011-05-12,346.92388916015625,586.0,591.0,586.0,591.0,1100
2011-05-13,345.73980712890625,584.0,587.0,580.0,586.0,2400
2011-05-16,346.3319091796875,585.0,592.0,581.0,592.0,2700
2011-05-17,341.5956726074219,577.0,589.0,577.0,580.0,2300
2011-05-18,343.371826171875,580.0,580.0,577.0,577.0,1600
2011-05-19,341.5956726074219,577.0,580.0,577.0,578.0,1600
2011-05-20,341.00372314453125,576.0,581.0,567.0,567.0,2000
2011-05-23,342.7797546386719,579.0,581.0,579.0,581.0,300
2011-05-24,342.7797546386719,579.0,580.0,578.0,580.0,700
2011-05-25,343.9638671875,581.0,581.0,571.0,579.0,1400
2011-05-26,343.371826171875,580.0,583.0,580.0,583.0,1200
2011-05-27,337.4515380859375,570.0,575.0,567.0,575.0,1100
2011-05-30,342.7797546386719,579.0,586.0,571.0,571.0,800
2011-05-31,346.92388916015625,586.0,586.0,585.0,586.0,500
2011-06-01,343.9638671875,581.0,590.0,581.0,590.0,900
2011-06-02,347.51593017578125,587.0,589.0,587.0,589.0,500
2011-06-03,338.6355895996094,572.0,579.0,569.0,579.0,1500
2011-06-06,332.7154235839844,562.0,573.0,561.0,573.0,1500
2011-06-07,330.9393310546875,559.0,579.0,558.0,558.0,1800
2011-06-08,336.2674255371094,568.0,568.0,556.0,558.0,1700
2011-06-09,330.9393310546875,559.0,559.0,559.0,559.0,200
2011-06-10,339.8196716308594,574.0,574.0,569.0,569.0,5800
2011-06-13,346.3319091796875,585.0,585.0,571.0,571.0,400
2011-06-14,358.17230224609375,605.0,610.0,580.0,580.0,2300
2011-06-15,351.6601257324219,594.0,600.0,591.0,600.0,1700
2011-06-16,352.8441162109375,596.0,604.0,596.0,604.0,1200
2011-06-17,342.187744140625,578.0,595.0,578.0,595.0,1300
2011-06-20,345.73980712890625,584.0,590.0,573.0,578.0,600
2011-06-21,346.3319091796875,585.0,589.0,582.0,585.0,1200
2011-06-22,355.2122497558594,600.0,600.0,590.0,590.0,1300
2011-06-23,360.5403747558594,609.0,609.0,590.0,590.0,1900
2011-06-24,355.2122497558594,600.0,609.0,600.0,609.0,2800
2011-06-27,353.4361877441406,597.0,606.0,592.0,592.0,2100
2011-06-28,351.6601257324219,594.0,600.0,594.0,600.0,800
2011-06-29,352.2521667480469,595.0,600.0,592.0,600.0,1000
2011-06-30,355.2122497558594,600.0,600.0,585.0,585.0,2500
2011-07-01,357.58026123046875,604.0,610.0,598.0,600.0,4800
2011-07-04,357.58026123046875,604.0,606.0,602.0,604.0,3300
2011-07-05,357.58026123046875,604.0,607.0,604.0,607.0,1000
2011-07-06,365.86865234375,618.0,618.0,604.0,606.0,4100
2011-07-07,361.72442626953125,611.0,618.0,611.0,618.0,1700
2011-07-08,358.17230224609375,605.0,609.0,601.0,608.0,2100
2011-07-11,362.31646728515625,612.0,612.0,601.0,604.0,6400
2011-07-12,360.5403747558594,609.0,613.0,602.0,602.0,1900
2011-07-13,365.2765197753906,617.0,617.0,600.0,610.0,4500
2011-07-14,361.72442626953125,611.0,613.0,607.0,609.0,4400
2011-07-15,358.17230224609375,605.0,616.0,604.0,606.0,8000
2011-07-19,359.9483642578125,608.0,612.0,607.0,612.0,1300
2011-07-20,384.22113037109375,649.0,650.0,603.0,603.0,24000
2011-07-21,375.9328918457031,635.0,645.0,635.0,641.0,6500
2011-07-22,374.1568298339844,632.0,638.0,629.0,635.0,1700
2011-07-25,374.1568298339844,632.0,643.0,632.0,643.0,2500
2011-07-26,377.7089538574219,638.0,641.0,638.0,641.0,3900
2011-07-27,366.4605407714844,619.0,638.0,619.0,628.0,3000
2011-07-28,365.2765197753906,617.0,617.0,612.0,614.0,2100
2011-07-29,361.72442626953125,611.0,626.0,609.0,609.0,2200
2011-08-01,361.72442626953125,611.0,621.0,611.0,621.0,2600
2011-08-02,353.4361877441406,597.0,615.0,595.0,610.0,4700
2011-08-03,355.2122497558594,600.0,601.0,584.0,584.0,3500
2011-08-04,346.92388916015625,586.0,587.0,583.0,583.0,4700
2011-08-05,339.8196716308594,574.0,585.0,573.0,581.0,4200
2011-08-08,332.7154235839844,562.0,586.0,554.0,555.0,5300
2011-08-09,322.65106201171875,545.0,552.0,541.0,551.0,3200
2011-08-10,333.30743408203125,563.0,564.0,548.0,549.0,3300
2011-08-11,330.34735107421875,558.0,558.0,550.0,550.0,1200
2011-08-12,332.7154235839844,562.0,574.0,562.0,568.0,1000
2011-08-15,337.4515380859375,570.0,592.0,570.0,592.0,2900
2011-08-16,333.8994445800781,564.0,567.0,560.0,560.0,1800
2011-08-17,343.371826171875,580.0,585.0,560.0,564.0,4100
2011-08-18,341.00372314453125,576.0,576.0,570.0,575.0,2500
2011-08-19,336.8595275878906,569.0,572.0,565.0,565.0,2800
2011-08-22,332.1234130859375,561.0,562.0,552.0,552.0,1800
2011-08-23,339.8196716308594,574.0,574.0,560.0,571.0,2200
2011-08-24,343.371826171875,580.0,584.0,580.0,584.0,1100
2011-08-25,339.8196716308594,574.0,579.0,571.0,579.0,2000
2011-08-26,340.41168212890625,575.0,579.0,571.0,579.0,2100
2011-08-29,341.5956726074219,577.0,586.0,576.0,579.0,1500
2011-08-30,349.88397216796875,591.0,591.0,577.0,577.0,1000
2011-08-31,348.6999816894531,589.0,596.0,588.0,596.0,1200
2011-09-01,351.6601257324219,594.0,599.0,580.0,590.0,3300
2011-09-02,349.2919921875,590.0,605.0,580.0,599.0,5600
2011-09-05,348.1079406738281,588.0,588.0,588.0,588.0,400
2011-09-06,352.2521667480469,595.0,597.0,588.0,588.0,2000
2011-09-07,352.8441162109375,596.0,596.0,590.0,596.0,600
2011-09-08,349.2919921875,590.0,593.0,590.0,591.0,700
2011-09-09,345.73980712890625,584.0,593.0,583.0,585.0,6300
2011-09-12,349.2919921875,590.0,596.0,588.0,596.0,900
2011-09-13,351.0680847167969,593.0,593.0,588.0,589.0,2400
2011-09-14,351.0680847167969,593.0,594.0,586.0,589.0,1900
2011-09-15,336.8595275878906,569.0,588.0,569.0,578.0,3500
2011-09-16,352.2521667480469,595.0,595.0,588.0,588.0,1700
2011-09-20,342.7797546386719,579.0,595.0,572.0,595.0,2400
2011-09-21,340.41168212890625,575.0,579.0,573.0,579.0,1500
2011-09-22,334.4914855957031,565.0,577.0,564.0,577.0,900
2011-09-26,322.65106201171875,545.0,568.0,535.0,568.0,4300
2011-09-27,334.4914855957031,565.0,565.0,546.0,546.0,1400
2011-09-28,338.8787536621094,560.0,560.0,547.0,553.0,5000
2011-09-29,338.8787536621094,560.0,574.0,553.0,561.0,8900
2011-09-30,336.458251953125,556.0,560.0,555.0,560.0,2600
2011-10-03,331.0119323730469,547.0,549.0,544.0,546.0,3400
2011-10-04,324.3553161621094,536.0,536.0,522.0,532.0,4000
2011-10-05,316.4885559082031,523.0,533.0,521.0,526.0,3400
2011-10-06,325.5657043457031,538.0,540.0,524.0,524.0,1100
2011-10-07,321.934814453125,532.0,537.0,532.0,537.0,3200
2011-10-11,327.98626708984375,542.0,550.0,530.0,532.0,4800
2011-10-12,329.8016357421875,545.0,548.0,533.0,533.0,2300
2011-10-13,337.0633544921875,557.0,559.0,555.0,555.0,1700
2011-10-14,326.7759094238281,540.0,553.0,528.0,553.0,3200
2011-10-17,329.8016357421875,545.0,550.0,541.0,550.0,2300
2011-10-18,328.59136962890625,543.0,549.0,542.0,542.0,500
2011-10-19,327.3811340332031,541.0,541.0,540.0,541.0,1400
2011-10-20,324.3553161621094,536.0,540.0,535.0,540.0,1400
2011-10-21,323.7502746582031,535.0,537.0,535.0,537.0,600
2011-10-24,322.5399475097656,533.0,533.0,516.0,525.0,2500
2011-10-25,320.72454833984375,530.0,532.0,519.0,528.0,2300
2011-10-26,317.0937194824219,524.0,526.0,509.0,526.0,3900
2011-10-27,314.6731262207031,520.0,521.0,512.0,519.0,2600
2011-10-28,314.6731262207031,520.0,525.0,500.0,521.0,6500
2011-10-31,310.4371643066406,513.0,517.0,513.0,515.0,5500
2011-11-01,310.4371643066406,513.0,523.0,511.0,523.0,2000
2011-11-02,307.4114685058594,508.0,513.0,508.0,510.0,1300
2011-11-04,314.0679626464844,519.0,544.0,502.0,509.0,7100
2011-11-07,315.8834533691406,522.0,522.0,511.0,519.0,4800
2011-11-08,309.83203125,512.0,512.0,511.0,512.0,400
2011-11-09,315.27825927734375,521.0,521.0,510.0,513.0,1500
2011-11-10,313.4628601074219,518.0,521.0,511.0,521.0,1000
2011-11-11,314.6731262207031,520.0,520.0,513.0,513.0,1300
2011-11-14,308.6217041015625,510.0,520.0,509.0,520.0,1700
2011-11-15,311.042236328125,514.0,514.0,513.0,514.0,1700
2011-11-16,309.83203125,512.0,517.0,511.0,515.0,700
2011-11-17,314.6731262207031,520.0,520.0,510.0,512.0,1300
2011-11-18,308.0166015625,509.0,519.0,509.0,519.0,1700
2011-11-21,311.6474304199219,515.0,515.0,510.0,510.0,900
2011-11-22,311.6474304199219,515.0,517.0,510.0,515.0,1500
2011-11-24,306.8063049316406,507.0,516.0,507.0,516.0,1600
2011-11-25,309.22686767578125,511.0,516.0,510.0,515.0,2700
2011-11-28,301.96514892578125,499.0,516.0,488.0,506.0,5900
2011-11-29,313.4628601074219,518.0,518.0,507.0,507.0,2500
2011-11-30,311.6474304199219,515.0,515.0,507.0,508.0,3700
2011-12-01,311.042236328125,514.0,524.0,510.0,524.0,5000
2011-12-02,310.4371643066406,513.0,519.0,510.0,519.0,4200
2011-12-05,312.2525329589844,516.0,516.0,510.0,510.0,700
2011-12-06,309.83203125,512.0,516.0,510.0,516.0,3900
2011-12-07,313.4628601074219,518.0,518.0,512.0,512.0,1000
2011-12-08,312.2525329589844,516.0,520.0,510.0,520.0,2700
2011-12-09,309.22686767578125,511.0,512.0,506.0,506.0,8700
2011-12-12,308.6217041015625,510.0,512.0,510.0,510.0,3900
2011-12-13,309.83203125,512.0,514.0,503.0,503.0,2900
2011-12-14,314.6731262207031,520.0,520.0,514.0,514.0,3000
2011-12-15,309.22686767578125,511.0,520.0,510.0,520.0,19100
2011-12-16,309.22686767578125,511.0,511.0,511.0,511.0,2100
2011-12-19,306.201171875,506.0,507.0,504.0,506.0,2300
2011-12-20,308.6217041015625,510.0,510.0,505.0,505.0,300
2011-12-21,303.7806091308594,502.0,510.0,501.0,510.0,2000
2011-12-22,309.83203125,512.0,512.0,502.0,507.0,1900
2011-12-26,304.9908447265625,504.0,519.0,503.0,519.0,5400
2011-12-27,304.9908447265625,504.0,504.0,502.0,502.0,500
2011-12-28,305.5960388183594,505.0,509.0,503.0,504.0,500
2011-12-29,306.8063049316406,507.0,507.0,507.0,507.0,500
2011-12-30,308.0166015625,509.0,514.0,509.0,514.0,1600
2012-01-04,312.85772705078125,517.0,517.0,509.0,509.0,2200
2012-01-05,311.6474304199219,515.0,516.0,509.0,511.0,1800
2012-01-06,306.201171875,506.0,515.0,506.0,515.0,1500
2012-01-10,307.4114685058594,508.0,515.0,507.0,507.0,800
2012-01-11,308.6217041015625,510.0,510.0,507.0,509.0,1200
2012-01-12,306.201171875,506.0,510.0,506.0,510.0,1200
2012-01-13,311.6474304199219,515.0,515.0,506.0,506.0,2000
2012-01-16,308.6217041015625,510.0,514.0,509.0,514.0,1800
2012-01-17,303.1755065917969,501.0,509.0,501.0,509.0,2000
2012-01-18,308.0166015625,509.0,510.0,509.0,509.0,800
2012-01-19,308.0166015625,509.0,510.0,501.0,510.0,2900
2012-01-20,311.6474304199219,515.0,515.0,509.0,512.0,4400
2012-01-23,311.6474304199219,515.0,515.0,515.0,515.0,900
2012-01-24,311.6474304199219,515.0,515.0,512.0,515.0,1900
2012-01-25,317.0937194824219,524.0,531.0,515.0,515.0,7300
2012-01-26,315.27825927734375,521.0,526.0,514.0,526.0,7600
2012-01-27,313.4628601074219,518.0,520.0,518.0,519.0,2400
2012-01-30,311.042236328125,514.0,518.0,514.0,518.0,1600
2012-01-31,312.85772705078125,517.0,524.0,514.0,524.0,1600
2012-02-01,312.2525329589844,516.0,517.0,515.0,517.0,2600
2012-02-02,315.27825927734375,521.0,521.0,516.0,516.0,2500
2012-02-03,313.4628601074219,518.0,520.0,518.0,520.0,800
2012-02-06,315.27825927734375,521.0,521.0,516.0,521.0,3400
2012-02-07,312.85772705078125,517.0,524.0,517.0,522.0,1000
2012-02-08,317.0937194824219,524.0,524.0,521.0,522.0,1600
2012-02-09,316.4885559082031,523.0,530.0,520.0,524.0,2000
2012-02-10,316.4885559082031,523.0,534.0,522.0,529.0,3000
2012-02-13,323.14508056640625,534.0,535.0,528.0,530.0,1800
2012-02-14,329.1965026855469,544.0,544.0,534.0,535.0,1200
2012-02-15,329.1965026855469,544.0,544.0,537.0,542.0,3200
2012-02-16,324.3553161621094,536.0,544.0,536.0,544.0,800
2012-02-17,321.934814453125,532.0,544.0,532.0,544.0,500
2012-02-20,328.59136962890625,543.0,543.0,534.0,534.0,900
2012-02-21,323.7502746582031,535.0,543.0,534.0,543.0,1400
2012-02-22,325.5657043457031,538.0,543.0,525.0,543.0,3700
2012-02-23,323.7502746582031,535.0,542.0,535.0,538.0,3400
2012-02-24,331.0119323730469,547.0,550.0,543.0,544.0,3600
2012-02-27,335.24786376953125,554.0,558.0,547.0,554.0,2900
2012-02-28,338.8787536621094,560.0,560.0,554.0,554.0,2800
2012-02-29,338.27362060546875,559.0,560.0,551.0,556.0,2000
2012-03-01,334.03765869140625,552.0,569.0,552.0,569.0,2100
2012-03-02,340.0890197753906,562.0,570.0,555.0,570.0,1400
2012-03-05,338.8787536621094,560.0,564.0,560.0,560.0,600
2012-03-06,336.458251953125,556.0,561.0,556.0,560.0,1500
2012-03-07,336.458251953125,556.0,560.0,556.0,556.0,900
2012-03-08,332.8273620605469,550.0,555.0,549.0,554.0,4000
2012-03-09,342.50958251953125,566.0,570.0,559.0,561.0,8600
2012-03-12,348.56103515625,576.0,576.0,559.0,559.0,1200
2012-03-13,349.77130126953125,578.0,578.0,576.0,576.0,800
2012-03-14,343.11474609375,567.0,585.0,567.0,580.0,3400
2012-03-15,354.6123962402344,586.0,588.0,567.0,567.0,4100
2012-03-16,354.6123962402344,586.0,586.0,577.0,585.0,2500
2012-03-19,347.3507385253906,574.0,578.0,570.0,576.0,2300
2012-03-21,346.74560546875,573.0,578.0,570.0,570.0,3100
2012-03-22,351.58673095703125,581.0,581.0,578.0,578.0,1500
2012-03-23,353.402099609375,584.0,584.0,577.0,580.0,1300
2012-03-26,347.95587158203125,575.0,583.0,575.0,579.0,2700
2012-03-27,361.26898193359375,597.0,597.0,573.0,585.0,3500
2012-03-28,357.7165222167969,579.0,585.0,572.0,585.0,2000
2012-03-29,351.5382995605469,569.0,578.0,568.0,570.0,2200
2012-03-30,348.44921875,564.0,569.0,554.0,569.0,1200
2012-04-02,342.2710266113281,554.0,560.0,554.0,559.0,1600
2012-04-03,345.3601379394531,559.0,574.0,555.0,574.0,1600
2012-04-04,341.6531982421875,553.0,553.0,549.0,553.0,800
2012-04-05,343.5067138671875,556.0,568.0,543.0,543.0,800
2012-04-06,339.7998046875,550.0,556.0,544.0,556.0,1400
2012-04-09,337.94635009765625,547.0,547.0,540.0,545.0,900
2012-04-10,332.385986328125,538.0,542.0,538.0,542.0,800
2012-04-11,327.44342041015625,530.0,540.0,530.0,538.0,1700
2012-04-12,324.3543701171875,525.0,530.0,521.0,530.0,2200
2012-04-13,328.0611877441406,531.0,534.0,525.0,525.0,900
2012-04-16,330.53253173828125,535.0,535.0,531.0,535.0,2300
2012-04-17,324.97216796875,526.0,535.0,526.0,535.0,1800
2012-04-18,336.710693359375,545.0,548.0,527.0,534.0,2100
2012-04-19,328.0611877441406,531.0,536.0,531.0,536.0,1300
2012-04-20,330.53253173828125,535.0,535.0,535.0,535.0,600
2012-04-23,328.0611877441406,531.0,533.0,531.0,531.0,600
2012-04-24,331.15032958984375,536.0,536.0,531.0,531.0,700
2012-04-25,331.15032958984375,536.0,536.0,528.0,528.0,600
2012-04-26,330.53253173828125,535.0,536.0,535.0,536.0,1100
2012-04-27,329.296875,533.0,540.0,527.0,529.0,1500
2012-05-01,326.2077941894531,528.0,539.0,523.0,539.0,2000
2012-05-02,323.11871337890625,523.0,530.0,523.0,528.0,1100
2012-05-07,319.41180419921875,517.0,517.0,508.0,513.0,800
2012-05-08,321.2652587890625,520.0,520.0,510.0,510.0,600
2012-05-09,314.4692687988281,509.0,517.0,509.0,510.0,700
2012-05-10,315.08709716796875,510.0,510.0,509.0,509.0,500
2012-05-11,313.233642578125,507.0,510.0,506.0,510.0,3000
2012-05-14,308.9089050292969,500.0,501.0,494.0,500.0,3900
2012-05-15,307.055419921875,497.0,499.0,496.0,499.0,2100
2012-05-16,301.4951171875,488.0,499.0,488.0,498.0,3100
2012-05-17,305.2019958496094,494.0,494.0,474.0,480.0,5200
2012-05-18,303.96636962890625,492.0,492.0,485.0,485.0,1400
2012-05-21,302.730712890625,490.0,492.0,478.0,492.0,1400
2012-05-22,297.78814697265625,482.0,506.0,475.0,482.0,2100
2012-05-23,300.25946044921875,486.0,486.0,474.0,479.0,4100
2012-05-24,297.78814697265625,482.0,484.0,472.0,475.0,2400
2012-05-25,296.5525207519531,480.0,482.0,479.0,482.0,1500
2012-05-28,294.0812683105469,476.0,480.0,473.0,480.0,800
2012-05-29,292.8456726074219,474.0,477.0,472.0,474.0,1100
2012-05-30,292.8456726074219,474.0,474.0,472.0,474.0,2200
2012-05-31,295.3168640136719,478.0,478.0,472.0,472.0,1700
2012-06-01,294.6990661621094,477.0,480.0,476.0,480.0,1300
2012-06-04,295.3168640136719,478.0,478.0,470.0,477.0,3800
2012-06-05,293.4634094238281,475.0,478.0,474.0,478.0,2000
2012-06-06,293.4634094238281,475.0,482.0,474.0,482.0,1100
2012-06-07,297.78814697265625,482.0,482.0,475.0,477.0,1800
2012-06-08,296.5525207519531,480.0,489.0,480.0,482.0,4900
2012-06-11,308.29107666015625,499.0,499.0,488.0,488.0,2200
2012-06-12,308.29107666015625,499.0,499.0,489.0,495.0,1200
2012-06-13,297.17034912109375,481.0,499.0,481.0,499.0,2900
2012-06-14,296.5525207519531,480.0,499.0,478.0,485.0,9400
2012-06-15,303.3485412597656,491.0,491.0,488.0,488.0,2900
2012-06-18,307.055419921875,497.0,500.0,497.0,499.0,600
2012-06-19,306.4376220703125,496.0,496.0,496.0,496.0,100
2012-06-20,308.29107666015625,499.0,499.0,496.0,496.0,600
2012-06-21,303.3485412597656,491.0,499.0,490.0,499.0,800
2012-06-22,307.6732482910156,498.0,498.0,491.0,491.0,600
2012-06-25,304.5841979980469,493.0,498.0,493.0,498.0,900
2012-06-26,304.5841979980469,493.0,501.0,493.0,501.0,2300
2012-06-27,305.2019958496094,494.0,494.0,494.0,494.0,200
2012-06-28,314.4692687988281,509.0,509.0,491.0,502.0,3100
2012-06-29,309.5267333984375,501.0,510.0,494.0,499.0,3200
2012-07-02,316.9405212402344,513.0,513.0,505.0,505.0,1100
2012-07-03,316.9405212402344,513.0,515.0,510.0,513.0,3100
2012-07-04,315.7049255371094,511.0,515.0,511.0,515.0,700
2012-07-05,316.32269287109375,512.0,512.0,503.0,511.0,900
2012-07-06,318.1761779785156,515.0,520.0,512.0,520.0,1600
2012-07-09,317.5583190917969,514.0,520.0,514.0,520.0,500
2012-07-10,318.1761779785156,515.0,524.0,515.0,520.0,1400
2012-07-11,319.41180419921875,517.0,518.0,512.0,512.0,800
2012-07-12,325.5900573730469,527.0,531.0,521.0,522.0,1400
2012-07-13,323.7365417480469,524.0,540.0,524.0,524.0,3600
2012-07-17,335.4750671386719,543.0,550.0,511.0,549.0,10000
2012-07-18,311.9979553222656,505.0,518.0,505.0,518.0,1300
2012-07-19,320.6474304199219,519.0,520.0,519.0,520.0,500
2012-07-20,320.6474304199219,519.0,519.0,508.0,519.0,800
2012-07-23,320.6474304199219,519.0,519.0,519.0,519.0,300
2012-07-24,316.9405212402344,513.0,519.0,510.0,519.0,1400
2012-07-25,321.883056640625,521.0,530.0,510.0,510.0,1800
2012-07-26,326.2077941894531,528.0,539.0,528.0,539.0,3600
2012-07-27,330.53253173828125,535.0,535.0,535.0,535.0,100
2012-07-30,329.9146728515625,534.0,539.0,528.0,539.0,1500
2012-07-31,326.82562255859375,529.0,529.0,523.0,528.0,2200
2012-08-01,323.11871337890625,523.0,534.0,513.0,534.0,1700
2012-08-02,326.2077941894531,528.0,529.0,525.0,529.0,500
2012-08-03,323.11871337890625,523.0,523.0,515.0,515.0,1100
2012-08-06,318.7939453125,516.0,523.0,516.0,523.0,1000
2012-08-07,315.7049255371094,511.0,514.0,511.0,514.0,1900
2012-08-08,319.41180419921875,517.0,517.0,510.0,517.0,1100
2012-08-09,323.7365417480469,524.0,524.0,515.0,517.0,1900
2012-08-10,320.0296325683594,518.0,527.0,517.0,517.0,1300
2012-08-13,328.0611877441406,531.0,531.0,522.0,523.0,900
2012-08-14,329.9146728515625,534.0,536.0,527.0,536.0,1400
2012-08-15,333.0037536621094,539.0,540.0,529.0,540.0,3100
2012-08-16,331.15032958984375,536.0,544.0,536.0,540.0,2800
2012-08-17,333.6216125488281,540.0,540.0,531.0,532.0,1200
2012-08-20,333.0037536621094,539.0,540.0,530.0,540.0,500
2012-08-21,331.7681884765625,537.0,546.0,530.0,539.0,3100
2012-08-22,325.5900573730469,527.0,533.0,527.0,527.0,1900
2012-08-23,333.6216125488281,540.0,540.0,531.0,537.0,1000
2012-08-24,329.9146728515625,534.0,544.0,534.0,544.0,1300
2012-08-27,329.9146728515625,534.0,535.0,533.0,535.0,400
2012-08-28,334.8572692871094,542.0,543.0,532.0,543.0,3300
2012-08-29,334.2394714355469,541.0,542.0,541.0,542.0,200
2012-08-30,328.6790771484375,532.0,532.0,532.0,532.0,300
2012-08-31,330.53253173828125,535.0,536.0,535.0,536.0,700
2012-09-03,326.82562255859375,529.0,545.0,529.0,545.0,1600
2012-09-04,325.5900573730469,527.0,543.0,527.0,533.0,1900
2012-09-05,316.32269287109375,512.0,520.0,512.0,520.0,1500
2012-09-06,314.4692687988281,509.0,517.0,505.0,513.0,1800
2012-09-07,312.6158447265625,506.0,509.0,500.0,508.0,2100
2012-09-10,312.6158447265625,506.0,506.0,503.0,503.0,1200
2012-09-11,313.233642578125,507.0,508.0,506.0,506.0,1000
2012-09-12,320.0296325683594,518.0,518.0,506.0,506.0,500
2012-09-13,321.883056640625,521.0,521.0,501.0,521.0,2400
2012-09-14,330.53253173828125,535.0,535.0,524.0,524.0,4400
2012-09-18,331.15032958984375,536.0,536.0,535.0,536.0,1500
2012-09-19,331.15032958984375,536.0,536.0,534.0,536.0,900
2012-09-20,331.15032958984375,536.0,536.0,526.0,534.0,600
2012-09-21,313.233642578125,507.0,525.0,500.0,525.0,10600
2012-09-24,320.0296325683594,518.0,518.0,508.0,513.0,3200
2012-09-25,323.7365417480469,524.0,524.0,500.0,524.0,5900
2012-09-26,334.016357421875,528.0,528.0,502.0,502.0,2100
2012-09-27,325.79254150390625,515.0,531.0,515.0,528.0,1800
2012-09-28,328.3229064941406,519.0,529.0,519.0,521.0,900
2012-10-01,331.4859924316406,524.0,527.0,517.0,527.0,1100
2012-10-02,325.15985107421875,514.0,520.0,510.0,520.0,900
2012-10-03,324.5272521972656,513.0,520.0,509.0,518.0,800
2012-10-04,322.62945556640625,510.0,513.0,509.0,513.0,700
2012-10-05,328.9555358886719,520.0,520.0,510.0,514.0,1300
2012-10-09,323.8946838378906,512.0,513.0,512.0,513.0,600
2012-10-10,323.2620849609375,511.0,514.0,511.0,511.0,1100
2012-10-11,321.99688720703125,509.0,511.0,504.0,511.0,2100
2012-10-12,318.8337707519531,504.0,513.0,493.0,513.0,2000
2012-10-15,316.3033752441406,500.0,508.0,500.0,501.0,2200
2012-10-16,311.8751525878906,493.0,503.0,493.0,497.0,1300
2012-10-17,315.6707763671875,499.0,506.0,493.0,506.0,4000
2012-10-18,305.549072265625,483.0,494.0,480.0,491.0,20000
2012-10-19,306.8143005371094,485.0,485.0,479.0,480.0,10300
2012-10-22,309.9773254394531,490.0,494.0,484.0,486.0,4800
2012-10-23,309.3447265625,489.0,492.0,487.0,491.0,3300
2012-10-24,309.3447265625,489.0,490.0,486.0,486.0,2200
2012-10-25,311.2425537109375,492.0,492.0,482.0,482.0,4200
2012-10-26,308.07952880859375,487.0,493.0,483.0,493.0,3000
2012-10-29,311.2425537109375,492.0,492.0,485.0,487.0,1300
2012-10-30,304.2838439941406,481.0,491.0,481.0,491.0,3000
2012-10-31,309.9773254394531,490.0,491.0,481.0,483.0,1600
2012-11-01,309.9773254394531,490.0,491.0,487.0,491.0,1900
2012-11-02,311.8751525878906,493.0,493.0,489.0,490.0,3600
2012-11-05,310.6099548339844,491.0,494.0,486.0,494.0,1900
2012-11-06,312.50775146484375,494.0,494.0,486.0,486.0,200
2012-11-07,312.50775146484375,494.0,495.0,487.0,495.0,700
2012-11-08,309.3447265625,489.0,493.0,489.0,493.0,600
2012-11-09,309.3447265625,489.0,494.0,478.0,487.0,5900
2012-11-12,306.1816711425781,484.0,484.0,478.0,481.0,2400
2012-11-13,308.07952880859375,487.0,491.0,480.0,482.0,2100
2012-11-14,305.549072265625,483.0,487.0,483.0,487.0,600
2012-11-15,310.6099548339844,491.0,491.0,483.0,483.0,2800
2012-11-16,310.6099548339844,491.0,492.0,486.0,492.0,2300
2012-11-19,312.50775146484375,494.0,495.0,493.0,493.0,1400
2012-11-20,311.2425537109375,492.0,494.0,490.0,490.0,1400
2012-11-21,311.8751525878906,493.0,493.0,491.0,492.0,800
2012-11-22,311.2425537109375,492.0,496.0,491.0,492.0,3900
2012-11-26,313.7729797363281,496.0,497.0,492.0,496.0,2800
2012-11-27,319.4664306640625,505.0,505.0,496.0,496.0,4100
2012-11-28,318.20123291015625,503.0,505.0,503.0,505.0,500
2012-11-29,315.6707763671875,499.0,501.0,498.0,501.0,1800
2012-11-30,314.4055480957031,497.0,500.0,497.0,500.0,2100
2012-12-03,319.4664306640625,505.0,505.0,498.0,498.0,2800
2012-12-04,318.20123291015625,503.0,503.0,501.0,503.0,1000
2012-12-05,319.4664306640625,505.0,505.0,499.0,501.0,2400
2012-12-06,319.4664306640625,505.0,505.0,501.0,501.0,1900
2012-12-07,320.0990905761719,506.0,509.0,505.0,509.0,1900
2012-12-10,321.3642883300781,508.0,508.0,503.0,505.0,7700
2012-12-11,320.7315979003906,507.0,508.0,501.0,508.0,2800
2012-12-12,318.8337707519531,504.0,508.0,501.0,507.0,4000
2012-12-13,316.3033752441406,500.0,505.0,500.0,501.0,5000
2012-12-14,320.7315979003906,507.0,507.0,497.0,497.0,12900
2012-12-17,320.7315979003906,507.0,510.0,497.0,497.0,12900
2012-12-18,320.7315979003906,507.0,512.0,506.0,509.0,2500
2012-12-19,322.62945556640625,510.0,512.0,507.0,507.0,6000
2012-12-20,325.15985107421875,514.0,514.0,510.0,510.0,3000
2012-12-21,327.0577087402344,517.0,517.0,514.0,515.0,4500
2012-12-25,335.9141845703125,531.0,534.0,518.0,534.0,6300
2012-12-26,337.8119812011719,534.0,538.0,524.0,538.0,4900
2012-12-27,340.3424987792969,538.0,541.0,535.0,537.0,5200
2012-12-28,339.0772399902344,536.0,548.0,536.0,548.0,2900
2013-01-04,348.5663146972656,551.0,565.0,541.0,541.0,10400
2013-01-07,354.8923645019531,561.0,564.0,559.0,562.0,4700
2013-01-08,358.055419921875,566.0,566.0,559.0,559.0,4200
2013-01-09,358.68804931640625,567.0,576.0,561.0,576.0,5000
2013-01-10,364.3815612792969,576.0,576.0,566.0,566.0,3000
2013-01-11,366.9119567871094,580.0,583.0,573.0,581.0,6300
2013-01-15,368.80975341796875,583.0,586.0,581.0,586.0,2700
2013-01-16,367.5445556640625,581.0,584.0,575.0,583.0,3800
2013-01-17,360.5858154296875,570.0,572.0,561.0,561.0,9600
2013-01-18,368.1771240234375,582.0,582.0,576.0,576.0,1300
2013-01-21,367.5445556640625,581.0,582.0,572.0,572.0,3400
2013-01-22,363.7488708496094,575.0,581.0,573.0,581.0,3100
2013-01-23,363.1163024902344,574.0,576.0,572.0,575.0,1600
2013-01-24,358.68804931640625,567.0,571.0,562.0,570.0,5400
2013-01-25,359.9532165527344,569.0,572.0,565.0,572.0,4600
2013-01-28,363.7488708496094,575.0,578.0,575.0,575.0,2100
2013-01-29,363.7488708496094,575.0,576.0,575.0,575.0,4000
2013-01-30,366.2793273925781,579.0,579.0,576.0,578.0,3500
2013-01-31,370.0749816894531,585.0,585.0,577.0,579.0,2200
2013-02-01,366.2793273925781,579.0,594.0,578.0,594.0,4700
2013-02-04,366.2793273925781,579.0,580.0,575.0,580.0,7700
2013-02-05,363.7488708496094,575.0,580.0,574.0,575.0,5000
2013-02-06,363.1163024902344,574.0,580.0,572.0,578.0,5000
2013-02-07,365.646728515625,578.0,578.0,574.0,574.0,4100
2013-02-08,363.7488708496094,575.0,578.0,574.0,578.0,1900
2013-02-12,363.7488708496094,575.0,579.0,574.0,578.0,3900
2013-02-13,362.48370361328125,573.0,585.0,571.0,572.0,3800
2013-02-14,360.5858154296875,570.0,575.0,570.0,572.0,6500
2013-02-15,361.2184753417969,571.0,573.0,570.0,570.0,17200
2013-02-18,362.48370361328125,573.0,573.0,568.0,570.0,5500
2013-02-19,361.2184753417969,571.0,573.0,569.0,569.0,4500
2013-02-20,363.7488708496094,575.0,575.0,571.0,573.0,2000
2013-02-21,363.1163024902344,574.0,578.0,571.0,571.0,2400
2013-02-22,361.85101318359375,572.0,574.0,572.0,573.0,5500
2013-02-25,367.5445556640625,581.0,581.0,576.0,580.0,3400
2013-02-26,363.7488708496094,575.0,578.0,575.0,575.0,7100
2013-02-27,363.1163024902344,574.0,575.0,572.0,572.0,3100
2013-02-28,365.0140380859375,577.0,580.0,575.0,576.0,4600
2013-03-01,370.70758056640625,586.0,616.0,577.0,577.0,25300
2013-03-04,387.1553649902344,612.0,623.0,610.0,616.0,18200
2013-03-05,380.1966857910156,601.0,634.0,598.0,634.0,17300
2013-03-06,387.7879638671875,613.0,614.0,606.0,606.0,6700
2013-03-07,387.7879638671875,613.0,626.0,610.0,610.0,12200
2013-03-08,389.0531311035156,615.0,620.0,612.0,620.0,21800
2013-03-11,389.0531311035156,615.0,625.0,612.0,614.0,16200
2013-03-12,396.01177978515625,626.0,650.0,626.0,630.0,17200
2013-03-13,401.705322265625,635.0,640.0,626.0,626.0,11100
2013-03-14,407.39874267578125,644.0,644.0,637.0,638.0,16200
2013-03-15,398.5422668457031,630.0,655.0,630.0,647.0,16300
2013-03-18,408.66400146484375,646.0,650.0,636.0,640.0,10100
2013-03-19,416.25531005859375,658.0,660.0,648.0,649.0,9800
2013-03-21,420.68353271484375,665.0,670.0,660.0,660.0,11300
2013-03-22,411.8270568847656,651.0,670.0,651.0,660.0,11300
2013-03-25,413.09228515625,653.0,656.0,650.0,652.0,8700
2013-03-26,404.86834716796875,640.0,652.0,634.0,652.0,10900
2013-03-27,408.2543029785156,633.0,636.0,603.0,603.0,9700
2013-03-28,398.58001708984375,618.0,620.0,615.0,617.0,6100
2013-03-29,405.02947998046875,628.0,628.0,598.0,615.0,7800
2013-04-01,385.0361022949219,597.0,620.0,594.0,620.0,7600
2013-04-02,375.36181640625,582.0,595.0,575.0,595.0,8400
2013-04-03,381.1663818359375,591.0,600.0,578.0,582.0,5900
2013-04-04,391.4855651855469,607.0,607.0,572.0,583.0,4800
2013-04-05,396.6451416015625,615.0,628.0,609.0,611.0,11200
2013-04-08,397.2901611328125,616.0,625.0,605.0,605.0,13100
2013-04-09,398.58001708984375,618.0,629.0,618.0,618.0,12500
2013-04-10,401.8048095703125,623.0,627.0,612.0,615.0,7400
2013-04-11,401.15985107421875,622.0,627.0,617.0,627.0,10100
2013-04-12,399.2250061035156,619.0,629.0,612.0,629.0,5400
2013-04-15,395.3552551269531,613.0,618.0,613.0,618.0,5200
2013-04-16,393.42047119140625,610.0,612.0,600.0,611.0,6500
2013-04-17,394.0653381347656,611.0,620.0,610.0,610.0,4800
2013-04-18,393.42047119140625,610.0,619.0,610.0,610.0,6800
2013-04-19,393.42047119140625,610.0,618.0,599.0,600.0,8600
2013-04-22,399.8699035644531,620.0,620.0,610.0,612.0,7400
2013-04-23,398.58001708984375,618.0,620.0,612.0,616.0,5800
2013-04-24,402.44976806640625,624.0,627.0,616.0,616.0,8300
2013-04-25,405.02947998046875,628.0,629.0,622.0,624.0,9600
2013-04-26,396.00030517578125,614.0,629.0,614.0,629.0,8300
2013-04-30,397.93505859375,617.0,628.0,615.0,622.0,12300
2013-05-01,392.7755432128906,609.0,615.0,607.0,615.0,12300
2013-05-02,392.7755432128906,609.0,609.0,605.0,609.0,9300
2013-05-07,393.42047119140625,610.0,612.0,606.0,609.0,19300
2013-05-08,392.7755432128906,609.0,615.0,608.0,610.0,9300
2013-05-09,391.4855651855469,607.0,614.0,605.0,605.0,8300
2013-05-10,390.1956481933594,605.0,611.0,603.0,607.0,8100
2013-05-13,390.1956481933594,605.0,609.0,602.0,604.0,15800
2013-05-14,390.1956481933594,605.0,607.0,605.0,606.0,15800
2013-05-15,385.6810302734375,598.0,607.0,594.0,606.0,39800
2013-05-16,385.0361022949219,597.0,600.0,594.0,598.0,9400
2013-05-17,383.1011962890625,594.0,597.0,592.0,594.0,6800
2013-05-20,380.52142333984375,590.0,593.0,583.0,590.0,28600
2013-05-21,378.5865173339844,587.0,595.0,585.0,595.0,23200
2013-05-22,377.941650390625,586.0,594.0,585.0,588.0,16300
2013-05-23,366.9774475097656,569.0,588.0,568.0,588.0,30300
2013-05-24,362.4627990722656,562.0,580.0,556.0,570.0,25100
2013-05-27,351.49853515625,545.0,563.0,524.0,562.0,28200
2013-05-28,347.6288146972656,539.0,547.0,532.0,545.0,15800
2013-05-29,349.563720703125,542.0,550.0,542.0,544.0,7200
2013-05-30,340.53436279296875,528.0,542.0,527.0,536.0,12700
2013-05-31,341.1793212890625,529.0,534.0,523.0,534.0,15600
2013-06-03,340.53436279296875,528.0,547.0,523.0,525.0,13900
2013-06-04,339.8894348144531,527.0,529.0,520.0,529.0,12900
2013-06-05,337.3096618652344,523.0,528.0,522.0,528.0,7900
2013-06-06,331.5050964355469,514.0,522.0,513.0,521.0,10600
2013-06-07,331.5050964355469,514.0,520.0,511.0,513.0,9500
2013-06-10,345.049072265625,535.0,539.0,534.0,539.0,20900
2013-06-11,348.9187927246094,541.0,548.0,539.0,539.0,14100
2013-06-12,337.3096618652344,523.0,530.0,520.0,527.0,12900
2013-06-13,334.0849304199219,518.0,523.0,518.0,523.0,4900
2013-06-14,336.0197448730469,521.0,529.0,518.0,524.0,14200
2013-06-17,336.0197448730469,521.0,538.0,518.0,526.0,10000
2013-06-18,337.95465087890625,524.0,531.0,516.0,531.0,2900
2013-06-19,336.66473388671875,522.0,525.0,519.0,525.0,5500
2013-06-20,337.3096618652344,523.0,524.0,519.0,520.0,5100
2013-06-21,335.37481689453125,520.0,523.0,515.0,523.0,3800
2013-06-24,333.4399108886719,517.0,528.0,517.0,520.0,4900
2013-06-25,336.0197448730469,521.0,521.0,515.0,515.0,5700
2013-06-26,330.8601379394531,513.0,525.0,513.0,525.0,9800
2013-06-27,334.0849304199219,518.0,519.0,518.0,518.0,2200
2013-06-28,334.7298889160156,519.0,521.0,516.0,518.0,8300
2013-07-01,337.95465087890625,524.0,526.0,513.0,525.0,14100
2013-07-02,340.53436279296875,528.0,530.0,518.0,530.0,8700
2013-07-03,343.7591247558594,533.0,533.0,528.0,533.0,2100
2013-07-04,343.7591247558594,533.0,535.0,521.0,533.0,5300
2013-07-05,345.6940612792969,536.0,539.0,532.0,538.0,5200
2013-07-08,344.4040832519531,534.0,539.0,533.0,537.0,4700
2013-07-09,341.1793212890625,529.0,538.0,528.0,535.0,8300
2013-07-10,339.2444763183594,526.0,535.0,524.0,535.0,12700
2013-07-11,337.95465087890625,524.0,533.0,523.0,524.0,7200
2013-07-12,342.4692687988281,531.0,534.0,527.0,527.0,7400
2013-07-16,345.049072265625,535.0,538.0,535.0,538.0,21400
2013-07-17,347.6288146972656,539.0,540.0,532.0,540.0,7100
2013-07-18,348.9187927246094,541.0,543.0,539.0,539.0,19000
2013-07-19,343.11419677734375,532.0,540.0,532.0,540.0,8900
2013-07-22,345.6940612792969,536.0,537.0,532.0,537.0,5800
2013-07-23,346.3390197753906,537.0,540.0,531.0,534.0,2800
2013-07-24,345.049072265625,535.0,540.0,534.0,534.0,3300
2013-07-25,345.049072265625,535.0,537.0,535.0,536.0,4400
2013-07-26,339.8894348144531,527.0,532.0,527.0,532.0,5900
2013-07-29,339.2444763183594,526.0,529.0,520.0,525.0,12000
2013-07-30,339.8894348144531,527.0,528.0,525.0,526.0,6800
2013-07-31,338.5995788574219,525.0,529.0,525.0,527.0,2600
2013-08-01,339.8894348144531,527.0,532.0,521.0,532.0,7300
2013-08-02,348.2738342285156,540.0,542.0,530.0,542.0,3700
2013-08-05,346.3390197753906,537.0,543.0,535.0,543.0,7400
2013-08-06,351.49853515625,545.0,545.0,530.0,530.0,5900
2013-08-07,344.4040832519531,534.0,535.0,532.0,535.0,2200
2013-08-08,345.049072265625,535.0,540.0,532.0,532.0,6100
2013-08-09,346.3390197753906,537.0,539.0,531.0,536.0,3400
2013-08-12,345.049072265625,535.0,544.0,535.0,542.0,4400
2013-08-13,343.7591247558594,533.0,543.0,533.0,543.0,3300
2013-08-14,346.98394775390625,538.0,538.0,534.0,534.0,1300
2013-08-15,342.4692687988281,531.0,541.0,531.0,541.0,4900
2013-08-16,341.1793212890625,529.0,532.0,528.0,531.0,2400
2013-08-19,339.2444763183594,526.0,527.0,526.0,526.0,1000
2013-08-20,339.8894348144531,527.0,527.0,526.0,527.0,2900
2013-08-21,336.0197448730469,521.0,528.0,520.0,528.0,6600
2013-08-22,337.3096618652344,523.0,523.0,520.0,521.0,2300
2013-08-23,337.95465087890625,524.0,524.0,523.0,523.0,4400
2013-08-26,337.3096618652344,523.0,526.0,523.0,524.0,2600
2013-08-27,337.95465087890625,524.0,527.0,523.0,527.0,900
2013-08-28,334.7298889160156,519.0,519.0,511.0,511.0,4000
2013-08-29,332.7949523925781,516.0,516.0,512.0,515.0,2100
2013-08-30,330.8601379394531,513.0,519.0,511.0,519.0,6400
2013-09-02,330.2151794433594,512.0,513.0,511.0,512.0,2700
2013-09-03,332.1500244140625,515.0,517.0,512.0,512.0,4700
2013-09-04,331.5050964355469,514.0,515.0,514.0,514.0,1300
2013-09-05,332.1500244140625,515.0,515.0,513.0,515.0,3600
2013-09-06,332.7949523925781,516.0,516.0,513.0,513.0,2700
2013-09-09,335.37481689453125,520.0,520.0,517.0,520.0,5900
2013-09-10,339.2444763183594,526.0,529.0,522.0,522.0,6800
2013-09-11,340.53436279296875,528.0,535.0,527.0,535.0,8700
2013-09-12,334.7298889160156,519.0,523.0,518.0,518.0,18800
2013-09-13,337.95465087890625,524.0,524.0,518.0,522.0,13600
2013-09-17,339.2444763183594,526.0,529.0,525.0,527.0,7500
2013-09-18,343.11419677734375,532.0,535.0,528.0,529.0,17400
2013-09-19,346.98394775390625,538.0,540.0,536.0,536.0,7500
2013-09-20,345.6940612792969,536.0,538.0,533.0,538.0,7900
2013-09-24,348.9187927246094,541.0,542.0,534.0,536.0,12200
2013-09-25,348.2738342285156,540.0,542.0,529.0,541.0,13700
2013-09-26,346.98394775390625,538.0,538.0,513.0,523.0,13300
2013-09-27,343.11419677734375,532.0,538.0,528.0,538.0,5900
2013-09-30,342.4692687988281,531.0,532.0,528.0,532.0,3400
2013-10-01,341.1793212890625,529.0,532.0,527.0,530.0,7500
2013-10-02,339.8894348144531,527.0,529.0,520.0,527.0,7900
2013-10-03,334.7298889160156,519.0,527.0,518.0,527.0,11400
2013-10-04,336.66473388671875,522.0,526.0,518.0,519.0,5700
2013-10-07,334.0849304199219,518.0,520.0,518.0,519.0,4900
2013-10-08,334.0849304199219,518.0,519.0,516.0,518.0,7500
2013-10-09,335.37481689453125,520.0,520.0,517.0,519.0,4800
2013-10-10,335.37481689453125,520.0,521.0,518.0,518.0,8000
2013-10-11,336.0197448730469,521.0,523.0,520.0,521.0,8000
2013-10-15,338.5995788574219,525.0,525.0,523.0,525.0,8100
2013-10-16,338.5995788574219,525.0,526.0,520.0,525.0,5400
2013-10-17,338.5995788574219,525.0,525.0,522.0,525.0,7300
2013-10-18,337.95465087890625,524.0,529.0,523.0,523.0,4000
2013-10-21,339.2444763183594,526.0,528.0,524.0,524.0,3800
2013-10-22,339.8894348144531,527.0,527.0,526.0,527.0,4400
2013-10-23,338.5995788574219,525.0,529.0,522.0,528.0,7200
2013-10-24,339.2444763183594,526.0,529.0,520.0,521.0,17400
2013-10-25,335.37481689453125,520.0,529.0,520.0,528.0,13900
2013-10-28,337.95465087890625,524.0,524.0,521.0,521.0,1900
2013-10-29,337.3096618652344,523.0,526.0,520.0,524.0,9900
2013-10-30,341.8242492675781,530.0,530.0,520.0,520.0,16000
2013-10-31,341.8242492675781,530.0,530.0,530.0,530.0,0
2013-11-01,336.0197448730469,521.0,530.0,521.0,530.0,13600
2013-11-05,341.8242492675781,530.0,533.0,522.0,531.0,12800
2013-11-06,342.4692687988281,531.0,531.0,525.0,531.0,2900
2013-11-07,341.8242492675781,530.0,534.0,527.0,533.0,2600
2013-11-08,338.5995788574219,525.0,528.0,525.0,526.0,5200
2013-11-11,337.95465087890625,524.0,529.0,522.0,526.0,4000
2013-11-12,339.8894348144531,527.0,529.0,524.0,524.0,5800
2013-11-13,341.1793212890625,529.0,534.0,525.0,527.0,10100
2013-11-14,343.7591247558594,533.0,533.0,529.0,533.0,8300
2013-11-15,344.4040832519531,534.0,535.0,531.0,535.0,10800
2013-11-18,343.7591247558594,533.0,535.0,530.0,535.0,7600
2013-11-19,343.11419677734375,532.0,535.0,530.0,531.0,9300
2013-11-20,340.53436279296875,528.0,534.0,526.0,531.0,8200
2013-11-21,343.7591247558594,533.0,533.0,529.0,532.0,6200
2013-11-22,342.4692687988281,531.0,534.0,529.0,533.0,12100
2013-11-25,343.7591247558594,533.0,534.0,531.0,534.0,9000
2013-11-26,343.11419677734375,532.0,532.0,529.0,530.0,5900
2013-11-27,343.11419677734375,532.0,532.0,529.0,529.0,4700
2013-11-28,341.8242492675781,530.0,532.0,530.0,532.0,8600
2013-11-29,341.8242492675781,530.0,531.0,529.0,530.0,5600
2013-12-02,341.8242492675781,530.0,532.0,530.0,530.0,9600
2013-12-03,343.7591247558594,533.0,535.0,532.0,533.0,9500
2013-12-04,342.4692687988281,531.0,533.0,529.0,533.0,7900
2013-12-05,341.8242492675781,530.0,534.0,530.0,534.0,7300
2013-12-06,340.53436279296875,528.0,535.0,528.0,533.0,16000
2013-12-09,342.4692687988281,531.0,537.0,529.0,535.0,12900
2013-12-10,339.8894348144531,527.0,532.0,527.0,528.0,14900
2013-12-11,340.53436279296875,528.0,530.0,527.0,529.0,6800
2013-12-12,341.1793212890625,529.0,533.0,528.0,533.0,5700
2013-12-13,341.8242492675781,530.0,533.0,524.0,529.0,38800
2013-12-16,339.2444763183594,526.0,528.0,523.0,528.0,14500
2013-12-17,338.5995788574219,525.0,528.0,524.0,526.0,4600
2013-12-18,339.2444763183594,526.0,529.0,524.0,524.0,18600
2013-12-19,339.2444763183594,526.0,530.0,524.0,524.0,18100
2013-12-20,338.5995788574219,525.0,526.0,522.0,526.0,14000
2013-12-24,337.3096618652344,523.0,532.0,523.0,525.0,24100
2013-12-25,339.2444763183594,526.0,527.0,523.0,523.0,27400
2013-12-26,343.7591247558594,533.0,535.0,526.0,526.0,12600
2013-12-27,348.2738342285156,540.0,540.0,533.0,533.0,9400
2013-12-30,354.72332763671875,550.0,553.0,542.0,542.0,15400
2014-01-06,359.238037109375,557.0,564.0,547.0,563.0,21300
2014-01-07,360.5279541015625,559.0,562.0,550.0,557.0,9600
2014-01-08,357.94805908203125,555.0,566.0,551.0,563.0,14200
2014-01-09,359.8829650878906,558.0,559.0,555.0,556.0,8600
2014-01-10,361.8178405761719,561.0,565.0,558.0,558.0,11400
2014-01-14,363.1077575683594,563.0,574.0,558.0,560.0,16000
2014-01-15,365.6875915527344,567.0,568.0,561.0,564.0,6100
2014-01-16,366.3324890136719,568.0,571.0,565.0,568.0,10500
2014-01-17,368.2673645019531,571.0,573.0,568.0,573.0,2400
2014-01-20,368.9122619628906,572.0,574.0,571.0,574.0,5600
2014-01-21,367.6223449707031,570.0,572.0,570.0,572.0,3300
2014-01-22,366.9774475097656,569.0,573.0,566.0,572.0,9600
2014-01-23,365.0426330566406,566.0,575.0,565.0,566.0,10600
2014-01-24,363.752685546875,564.0,570.0,563.0,564.0,13400
2014-01-27,354.0783996582031,549.0,566.0,549.0,559.0,26600
2014-01-28,356.0132751464844,552.0,562.0,550.0,550.0,5700
2014-01-29,366.3324890136719,568.0,568.0,550.0,550.0,5400
2014-01-30,355.3682861328125,551.0,565.0,549.0,565.0,17100
2014-01-31,356.6581726074219,553.0,561.0,551.0,561.0,6000
2014-02-03,368.9122619628906,572.0,572.0,550.0,550.0,18500
2014-02-04,353.4333801269531,548.0,562.0,540.0,548.0,18300
2014-02-05,346.98394775390625,538.0,565.0,538.0,550.0,13900
2014-02-06,352.1435241699219,546.0,560.0,543.0,550.0,6000
2014-02-07,359.238037109375,557.0,559.0,549.0,549.0,4100
2014-02-10,360.5279541015625,559.0,563.0,552.0,563.0,4900
2014-02-12,364.3976745605469,565.0,570.0,555.0,559.0,7300
2014-02-13,363.752685546875,564.0,572.0,554.0,572.0,6600
2014-02-14,357.3031311035156,554.0,566.0,552.0,566.0,5900
2014-02-17,359.8829650878906,558.0,559.0,550.0,557.0,4300
2014-02-18,359.8829650878906,558.0,564.0,555.0,563.0,6700
2014-02-19,357.94805908203125,555.0,561.0,549.0,555.0,3600
2014-02-20,360.5279541015625,559.0,559.0,549.0,550.0,2100
2014-02-21,363.1077575683594,563.0,569.0,557.0,569.0,3300
2014-02-24,361.8178405761719,561.0,567.0,560.0,567.0,3900
2014-02-25,363.1077575683594,563.0,568.0,560.0,568.0,4100
2014-02-26,361.8178405761719,561.0,567.0,560.0,567.0,3700
2014-02-27,363.1077575683594,563.0,563.0,561.0,561.0,3200
2014-02-28,361.8178405761719,561.0,567.0,560.0,567.0,3800
2014-03-03,359.8829650878906,558.0,561.0,558.0,561.0,1700
2014-03-04,360.5279541015625,559.0,562.0,556.0,556.0,3200
2014-03-05,361.1728820800781,560.0,562.0,557.0,557.0,800
2014-03-06,362.4627990722656,562.0,563.0,560.0,563.0,3300
2014-03-07,360.5279541015625,559.0,565.0,559.0,562.0,7000
2014-03-10,358.5930480957031,556.0,565.0,554.0,565.0,8000
2014-03-11,361.1728820800781,560.0,562.0,555.0,562.0,7100
2014-03-12,359.238037109375,557.0,561.0,553.0,561.0,9700
2014-03-13,358.5930480957031,556.0,558.0,555.0,558.0,2700
2014-03-14,352.1435241699219,546.0,555.0,545.0,548.0,18200
2014-03-17,348.9187927246094,541.0,550.0,541.0,546.0,5700
2014-03-18,347.6288146972656,539.0,553.0,537.0,553.0,4600
2014-03-19,348.2738342285156,540.0,542.0,539.0,540.0,6800
2014-03-20,345.049072265625,535.0,544.0,535.0,542.0,5100
2014-03-24,345.6940612792969,536.0,548.0,534.0,537.0,4500
2014-03-25,348.9187927246094,541.0,546.0,534.0,536.0,8900
2014-03-26,350.20867919921875,543.0,544.0,540.0,542.0,11600
2014-03-27,354.1733093261719,536.0,538.0,534.0,538.0,3700
2014-03-28,360.1202392578125,545.0,545.0,537.0,540.0,7300
2014-03-31,360.781005859375,546.0,548.0,540.0,548.0,5200
2014-04-01,362.1025695800781,548.0,550.0,535.0,550.0,9500
2014-04-02,362.1025695800781,548.0,548.0,544.0,548.0,3700
2014-04-03,360.1202392578125,545.0,548.0,542.0,548.0,6400
2014-04-04,362.1025695800781,548.0,548.0,545.0,546.0,3800
2014-04-07,362.1025695800781,548.0,548.0,542.0,544.0,2300
2014-04-08,352.85174560546875,534.0,544.0,534.0,544.0,3100
2014-04-09,350.2086181640625,530.0,540.0,530.0,540.0,8200
2014-04-10,354.8341369628906,537.0,540.0,528.0,530.0,3300
2014-04-11,347.56561279296875,526.0,537.0,525.0,537.0,4000
2014-04-14,346.90484619140625,525.0,530.0,525.0,526.0,3600
2014-04-15,348.88714599609375,528.0,531.0,524.0,525.0,6600
2014-04-16,350.2086181640625,530.0,535.0,528.0,535.0,1400
2014-04-17,350.86944580078125,531.0,536.0,529.0,536.0,1800
2014-04-18,351.53021240234375,532.0,535.0,531.0,535.0,2200
2014-04-21,348.88714599609375,528.0,539.0,525.0,539.0,4200
2014-04-22,348.2264099121094,527.0,532.0,523.0,532.0,4200
2014-04-23,348.2264099121094,527.0,530.0,526.0,526.0,2900
2014-04-24,350.2086181640625,530.0,535.0,529.0,535.0,700
2014-04-25,348.88714599609375,528.0,530.0,525.0,530.0,5600
2014-04-28,348.88714599609375,528.0,531.0,527.0,531.0,1300
2014-04-30,349.54791259765625,529.0,529.0,525.0,526.0,2200
2014-05-01,354.1733093261719,536.0,537.0,526.0,537.0,13600
2014-05-02,352.85174560546875,534.0,534.0,528.0,531.0,2700
2014-05-07,348.88714599609375,528.0,535.0,527.0,530.0,5500
2014-05-08,344.9225158691406,522.0,527.0,521.0,524.0,10300
2014-05-09,346.90484619140625,525.0,531.0,522.0,522.0,1700
2014-05-12,340.2970886230469,515.0,527.0,515.0,525.0,2800
2014-05-13,342.2793884277344,518.0,523.0,518.0,518.0,1400
2014-05-14,341.6186218261719,517.0,520.0,517.0,520.0,1200
2014-05-15,333.0286560058594,504.0,513.0,504.0,510.0,11600
2014-05-16,330.3855285644531,500.0,503.0,500.0,503.0,8400
2014-05-19,327.7424621582031,496.0,502.0,496.0,500.0,7500
2014-05-20,325.76019287109375,493.0,503.0,493.0,503.0,5400
2014-05-21,324.4386291503906,491.0,500.0,491.0,500.0,2000
2014-05-22,327.0816955566406,495.0,498.0,495.0,497.0,1800
2014-05-23,329.7247619628906,499.0,508.0,497.0,498.0,2400
2014-05-26,333.0286560058594,504.0,507.0,502.0,507.0,2700
2014-05-27,334.3501892089844,506.0,508.0,504.0,504.0,3300
2014-05-28,332.367919921875,503.0,506.0,502.0,502.0,2900
2014-05-29,333.6894226074219,505.0,507.0,504.0,506.0,1700
2014-05-30,335.6717224121094,508.0,511.0,506.0,511.0,2600
2014-06-02,337.6540222167969,511.0,511.0,506.0,506.0,1600
2014-06-03,338.9755554199219,513.0,513.0,510.0,513.0,3700
2014-06-04,338.3147888183594,512.0,512.0,511.0,511.0,5100
2014-06-05,339.6363220214844,514.0,514.0,511.0,512.0,3100
2014-06-06,338.9755554199219,513.0,515.0,513.0,515.0,4600
2014-06-09,341.6186218261719,517.0,517.0,511.0,514.0,4500
2014-06-10,338.9755554199219,513.0,515.0,510.0,515.0,5400
2014-06-11,336.9932556152344,510.0,512.0,510.0,510.0,2400
2014-06-12,336.3324890136719,509.0,510.0,508.0,510.0,1600
2014-06-13,338.9755554199219,513.0,513.0,509.0,513.0,11200
2014-06-16,338.3147888183594,512.0,518.0,512.0,518.0,9300
2014-06-17,340.9578552246094,516.0,520.0,514.0,518.0,4700
2014-06-18,339.6363220214844,514.0,518.0,511.0,516.0,3900
2014-06-19,340.9578552246094,516.0,519.0,513.0,519.0,6400
2014-06-20,342.2793884277344,518.0,519.0,514.0,519.0,6200
2014-06-23,342.2793884277344,518.0,520.0,515.0,520.0,4800
2014-06-24,349.54791259765625,529.0,530.0,516.0,519.0,17000
2014-06-25,346.2440490722656,524.0,525.0,521.0,521.0,5400
2014-06-26,347.56561279296875,526.0,532.0,524.0,532.0,7100
2014-06-27,344.2617492675781,521.0,524.0,520.0,521.0,6700
2014-06-30,346.2440490722656,524.0,525.0,521.0,521.0,5000
2014-07-01,346.2440490722656,524.0,527.0,520.0,527.0,10100
2014-07-02,347.56561279296875,526.0,533.0,525.0,527.0,4400
2014-07-03,349.54791259765625,529.0,529.0,525.0,529.0,3400
2014-07-04,348.88714599609375,528.0,533.0,527.0,533.0,5400
2014-07-07,348.2264099121094,527.0,534.0,523.0,534.0,6100
2014-07-08,348.88714599609375,528.0,529.0,523.0,527.0,3600
2014-07-09,348.2264099121094,527.0,527.0,524.0,524.0,2600
2014-07-10,347.56561279296875,526.0,534.0,526.0,534.0,2500
2014-07-11,348.2264099121094,527.0,528.0,525.0,525.0,2800
2014-07-14,354.1733093261719,536.0,536.0,523.0,532.0,6900
2014-07-15,346.2440490722656,524.0,534.0,524.0,525.0,15100
2014-07-16,345.583251953125,523.0,524.0,521.0,524.0,6500
2014-07-17,345.583251953125,523.0,526.0,523.0,525.0,4600
2014-07-18,346.2440490722656,524.0,526.0,520.0,521.0,3600
2014-07-22,346.2440490722656,524.0,524.0,521.0,521.0,2000
2014-07-23,346.90484619140625,525.0,525.0,523.0,523.0,2400
2014-07-24,346.2440490722656,524.0,526.0,518.0,526.0,12200
2014-07-25,348.2264099121094,527.0,528.0,524.0,525.0,6300
2014-07-28,348.88714599609375,528.0,529.0,523.0,527.0,3000
2014-07-29,346.2440490722656,524.0,529.0,523.0,528.0,4300
2014-07-30,353.5125427246094,535.0,535.0,521.0,526.0,6200
2014-07-31,344.2617492675781,521.0,532.0,521.0,532.0,3500
2014-08-01,347.56561279296875,526.0,526.0,521.0,525.0,5000
2014-08-04,344.9225158691406,522.0,525.0,522.0,525.0,4200
2014-08-05,344.2617492675781,521.0,524.0,521.0,522.0,2800
2014-08-06,343.6009826660156,520.0,522.0,520.0,520.0,3400
2014-08-07,341.6186218261719,517.0,521.0,517.0,521.0,3000
2014-08-08,340.2970886230469,515.0,517.0,512.0,517.0,3500
2014-08-11,344.2617492675781,521.0,521.0,517.0,517.0,1200
2014-08-12,344.9225158691406,522.0,522.0,520.0,521.0,3300
2014-08-13,344.2617492675781,521.0,523.0,520.0,522.0,3200
2014-08-14,344.2617492675781,521.0,521.0,519.0,521.0,2100
2014-08-15,348.2264099121094,527.0,529.0,525.0,529.0,13700
2014-08-18,350.2086181640625,530.0,530.0,526.0,526.0,4400
2014-08-19,346.2440490722656,524.0,531.0,522.0,525.0,10200
2014-08-20,346.2440490722656,524.0,524.0,518.0,524.0,7500
2014-08-21,348.2264099121094,527.0,531.0,520.0,524.0,9800
2014-08-22,346.90484619140625,525.0,528.0,520.0,528.0,6800
2014-08-25,348.88714599609375,528.0,529.0,525.0,525.0,3700
2014-08-26,347.56561279296875,526.0,532.0,525.0,527.0,6000
2014-08-27,348.2264099121094,527.0,528.0,523.0,523.0,2600
2014-08-28,350.2086181640625,530.0,530.0,526.0,526.0,3200
2014-08-29,350.86944580078125,531.0,532.0,528.0,530.0,3700
2014-09-01,353.5125427246094,535.0,535.0,531.0,532.0,9600
2014-09-02,353.5125427246094,535.0,539.0,531.0,534.0,12900
2014-09-03,354.8341369628906,537.0,537.0,530.0,535.0,4300
2014-09-04,356.1556091308594,539.0,539.0,527.0,539.0,6500
2014-09-05,350.2086181640625,530.0,539.0,529.0,539.0,4400
2014-09-08,351.53021240234375,532.0,538.0,529.0,529.0,2600
2014-09-09,350.86944580078125,531.0,533.0,530.0,530.0,1300
2014-09-10,354.8341369628906,537.0,538.0,528.0,530.0,5500
2014-09-11,352.85174560546875,534.0,539.0,534.0,537.0,6300
2014-09-12,358.79876708984375,543.0,545.0,538.0,538.0,23800
2014-09-16,354.1733093261719,536.0,543.0,534.0,543.0,5300
2014-09-17,356.1556091308594,539.0,545.0,536.0,540.0,4800
2014-09-18,357.4771423339844,541.0,545.0,540.0,545.0,3100
2014-09-19,358.1379699707031,542.0,544.0,529.0,541.0,8800
2014-09-22,356.8163757324219,540.0,541.0,532.0,532.0,4100
2014-09-24,357.4771423339844,541.0,541.0,535.0,541.0,5000
2014-09-25,359.4595031738281,544.0,544.0,535.0,541.0,4500
2014-09-26,356.1556091308594,539.0,540.0,536.0,540.0,6300
2014-09-29,353.5125427246094,535.0,540.0,533.0,540.0,3200
2014-09-30,352.85174560546875,534.0,537.0,532.0,537.0,2300
2014-10-01,354.1733093261719,536.0,538.0,535.0,538.0,2600
2014-10-02,347.56561279296875,526.0,536.0,525.0,536.0,8200
2014-10-03,347.56561279296875,526.0,531.0,525.0,525.0,2400
2014-10-06,352.85174560546875,534.0,539.0,534.0,539.0,2600
2014-10-07,353.5125427246094,535.0,540.0,533.0,534.0,3400
2014-10-08,344.9225158691406,522.0,535.0,516.0,534.0,6400
2014-10-09,341.6186218261719,517.0,532.0,517.0,532.0,2300
2014-10-10,340.9578552246094,516.0,519.0,511.0,512.0,6600
2014-10-14,336.3324890136719,509.0,516.0,505.0,512.0,12400
2014-10-15,340.9578552246094,516.0,516.0,509.0,509.0,2800
2014-10-16,331.70709228515625,502.0,511.0,502.0,506.0,5400
2014-10-17,330.3855285644531,500.0,512.0,500.0,502.0,6000
2014-10-20,336.3324890136719,509.0,516.0,502.0,502.0,3000
2014-10-21,335.0109558105469,507.0,508.0,505.0,506.0,2000
2014-10-22,338.3147888183594,512.0,512.0,500.0,500.0,2900
2014-10-23,335.6717224121094,508.0,514.0,507.0,514.0,1400
2014-10-24,335.0109558105469,507.0,518.0,507.0,518.0,3300
2014-10-27,338.3147888183594,512.0,517.0,512.0,512.0,2600
2014-10-28,338.9755554199219,513.0,513.0,508.0,512.0,3300
2014-10-29,341.6186218261719,517.0,519.0,512.0,512.0,4500
2014-10-30,332.367919921875,503.0,519.0,503.0,517.0,9300
2014-10-31,341.6186218261719,517.0,519.0,511.0,519.0,12100
2014-11-04,341.6186218261719,517.0,522.0,514.0,520.0,10500
2014-11-05,344.9225158691406,522.0,522.0,516.0,520.0,5700
2014-11-06,342.940185546875,519.0,521.0,518.0,520.0,5200
2014-11-07,343.6009826660156,520.0,525.0,518.0,520.0,6400
2014-11-10,345.583251953125,523.0,524.0,520.0,524.0,4200
2014-11-11,347.56561279296875,526.0,526.0,520.0,520.0,2400
2014-11-12,345.583251953125,523.0,530.0,523.0,526.0,5600
2014-11-13,348.88714599609375,528.0,528.0,523.0,523.0,2400
2014-11-14,346.90484619140625,525.0,527.0,524.0,524.0,7100
2014-11-17,346.2440490722656,524.0,532.0,524.0,527.0,7400
2014-11-18,350.2086181640625,530.0,530.0,522.0,522.0,10300
2014-11-19,348.2264099121094,527.0,530.0,527.0,530.0,5000
2014-11-20,347.56561279296875,526.0,529.0,525.0,527.0,3600
2014-11-21,348.2264099121094,527.0,528.0,525.0,525.0,2100
2014-11-25,350.2086181640625,530.0,534.0,526.0,526.0,3200
2014-11-26,349.54791259765625,529.0,531.0,526.0,526.0,6400
2014-11-27,350.2086181640625,530.0,531.0,527.0,530.0,6400
2014-11-28,350.86944580078125,531.0,531.0,529.0,530.0,3700
2014-12-01,351.53021240234375,532.0,535.0,530.0,532.0,9300
2014-12-02,353.5125427246094,535.0,535.0,528.0,528.0,9300
2014-12-03,352.1910095214844,533.0,535.0,531.0,535.0,4200
2014-12-04,353.5125427246094,535.0,535.0,533.0,533.0,6600
2014-12-05,355.4949035644531,538.0,538.0,534.0,537.0,7200
2014-12-08,354.8341369628906,537.0,538.0,536.0,537.0,10900
2014-12-09,350.86944580078125,531.0,537.0,531.0,535.0,4900
2014-12-10,348.2264099121094,527.0,531.0,527.0,530.0,8800
2014-12-11,344.9225158691406,522.0,528.0,520.0,526.0,15800
2014-12-12,346.90484619140625,525.0,528.0,522.0,522.0,11800
2014-12-15,346.2440490722656,524.0,528.0,519.0,519.0,8200
2014-12-16,341.6186218261719,517.0,520.0,514.0,519.0,8900
2014-12-17,342.2793884277344,518.0,520.0,511.0,517.0,6100
2014-12-18,341.6186218261719,517.0,524.0,517.0,522.0,7100
2014-12-19,346.2440490722656,524.0,529.0,521.0,528.0,13000
2014-12-22,345.583251953125,523.0,523.0,517.0,521.0,9200
2014-12-24,346.90484619140625,525.0,527.0,522.0,522.0,10300
2014-12-25,340.9578552246094,516.0,525.0,513.0,525.0,33100
2014-12-26,346.2440490722656,524.0,524.0,516.0,516.0,5100
2014-12-29,351.53021240234375,532.0,532.0,530.0,532.0,14100
2014-12-30,354.1733093261719,536.0,538.0,532.0,537.0,20100
2015-01-05,354.8341369628906,537.0,540.0,536.0,537.0,5400
2015-01-06,350.86944580078125,531.0,537.0,531.0,537.0,11400
2015-01-07,350.86944580078125,531.0,535.0,530.0,530.0,4700
2015-01-08,355.4949035644531,538.0,539.0,531.0,531.0,2900
2015-01-09,355.4949035644531,538.0,539.0,536.0,538.0,6300
2015-01-13,353.5125427246094,535.0,536.0,533.0,536.0,4200
2015-01-14,354.8341369628906,537.0,537.0,533.0,535.0,3100
2015-01-15,353.5125427246094,535.0,537.0,533.0,533.0,4500
2015-01-16,352.1910095214844,533.0,535.0,533.0,535.0,3500
2015-01-19,352.1910095214844,533.0,538.0,533.0,538.0,6900
2015-01-20,354.1733093261719,536.0,539.0,533.0,534.0,5700
2015-01-21,352.1910095214844,533.0,538.0,533.0,538.0,2700
2015-01-22,352.1910095214844,533.0,534.0,532.0,533.0,4300
2015-01-23,352.85174560546875,534.0,536.0,533.0,533.0,2800
2015-01-26,358.1379699707031,542.0,542.0,535.0,537.0,4900
2015-01-27,356.8163757324219,540.0,542.0,535.0,541.0,6100
2015-01-28,356.1556091308594,539.0,540.0,531.0,531.0,5100
2015-01-29,356.1556091308594,539.0,541.0,539.0,539.0,1800
2015-01-30,358.1379699707031,542.0,542.0,534.0,542.0,7100
2015-02-02,363.42413330078125,550.0,556.0,543.0,552.0,17500
2015-02-03,358.1379699707031,542.0,555.0,541.0,555.0,12600
2015-02-04,359.4595031738281,544.0,548.0,541.0,541.0,4000
2015-02-05,358.1379699707031,542.0,543.0,541.0,543.0,2800
2015-02-06,359.4595031738281,544.0,546.0,542.0,544.0,6400
2015-02-09,359.4595031738281,544.0,546.0,541.0,545.0,9200
2015-02-10,358.1379699707031,542.0,548.0,541.0,545.0,4600
2015-02-12,360.781005859375,546.0,553.0,546.0,552.0,11300
2015-02-13,362.76336669921875,549.0,552.0,548.0,552.0,8400
2015-02-16,363.42413330078125,550.0,552.0,545.0,550.0,7900
2015-02-17,364.7456970214844,552.0,554.0,550.0,550.0,9400
2015-02-18,368.04949951171875,557.0,559.0,553.0,553.0,11100
2015-02-19,370.03179931640625,560.0,562.0,556.0,559.0,8000
2015-02-20,368.04949951171875,557.0,571.0,554.0,560.0,13800
2015-02-23,372.67486572265625,564.0,566.0,560.0,565.0,8300
2015-02-24,375.3179626464844,568.0,573.0,561.0,573.0,21000
2015-02-25,374.6572570800781,567.0,574.0,563.0,563.0,4800
2015-02-26,374.6572570800781,567.0,569.0,565.0,569.0,6800
2015-02-27,374.6572570800781,567.0,570.0,564.0,570.0,6300
2015-03-02,374.6572570800781,567.0,567.0,560.0,563.0,4600
2015-03-03,372.67486572265625,564.0,570.0,561.0,570.0,6800
2015-03-04,373.335693359375,565.0,567.0,559.0,563.0,3900
2015-03-05,372.67486572265625,564.0,568.0,563.0,563.0,4400
2015-03-06,372.0140686035156,563.0,565.0,562.0,564.0,4000
2015-03-09,371.35333251953125,562.0,562.0,560.0,562.0,2900
2015-03-10,371.35333251953125,562.0,564.0,561.0,562.0,4100
2015-03-11,372.0140686035156,563.0,565.0,562.0,562.0,2500
2015-03-12,373.335693359375,565.0,568.0,555.0,568.0,6800
2015-03-13,373.9964599609375,566.0,569.0,548.0,561.0,18400
2015-03-16,374.6572570800781,567.0,569.0,560.0,569.0,10500
2015-03-17,376.6394958496094,570.0,575.0,567.0,567.0,4400
2015-03-18,376.6394958496094,570.0,572.0,567.0,570.0,3900
2015-03-19,375.978759765625,569.0,573.0,564.0,573.0,2800
2015-03-20,380.6042175292969,576.0,580.0,563.0,572.0,21100
2015-03-23,385.22955322265625,583.0,583.0,574.0,579.0,12000
2015-03-24,381.2649230957031,577.0,581.0,574.0,575.0,9400
2015-03-25,379.9433898925781,575.0,581.0,573.0,573.0,15600
2015-03-26,378.6218566894531,573.0,575.0,567.0,575.0,14900
2015-03-27,377.2622985839844,555.0,570.0,555.0,567.0,7300
2015-03-30,380.6611022949219,560.0,569.0,557.0,557.0,4100
2015-03-31,375.9028015136719,553.0,562.0,550.0,558.0,6600
2015-04-01,374.5433654785156,551.0,557.0,550.0,557.0,3700
2015-04-02,375.9028015136719,553.0,561.0,545.0,546.0,7100
2015-04-03,376.58258056640625,554.0,560.0,548.0,560.0,11300
2015-04-06,379.30157470703125,558.0,559.0,549.0,549.0,2900
2015-04-07,377.9421081542969,556.0,560.0,552.0,560.0,4200
2015-04-08,377.9421081542969,556.0,562.0,548.0,562.0,10100
2015-04-09,376.58258056640625,554.0,563.0,547.0,563.0,3500
2015-04-10,374.5433654785156,551.0,556.0,550.0,556.0,6300
2015-04-13,373.86358642578125,550.0,560.0,550.0,554.0,4600
2015-04-14,373.183837890625,549.0,552.0,542.0,552.0,13000
2015-04-15,375.2231140136719,552.0,554.0,546.0,546.0,5200
2015-04-16,375.9028015136719,553.0,555.0,548.0,550.0,4900
2015-04-17,372.5040588378906,548.0,555.0,548.0,555.0,10300
2015-04-20,374.5433654785156,551.0,554.0,549.0,549.0,7300
2015-04-21,374.5433654785156,551.0,555.0,551.0,555.0,4600
2015-04-22,375.2231140136719,552.0,561.0,550.0,551.0,7800
2015-04-23,377.9421081542969,556.0,556.0,552.0,552.0,2600
2015-04-24,380.6611022949219,560.0,568.0,560.0,560.0,11500
2015-04-27,379.98138427734375,559.0,561.0,556.0,560.0,5200
2015-04-28,379.98138427734375,559.0,559.0,551.0,554.0,10000
2015-04-30,379.30157470703125,558.0,562.0,557.0,557.0,10500
2015-05-01,371.8243103027344,547.0,561.0,547.0,555.0,11600
2015-05-07,365.0268249511719,537.0,545.0,530.0,545.0,8700
2015-05-08,367.74578857421875,541.0,541.0,535.0,535.0,7000
2015-05-11,370.4648132324219,545.0,547.0,541.0,541.0,10500
2015-05-12,373.183837890625,549.0,552.0,549.0,549.0,6100
2015-05-13,377.2622985839844,555.0,555.0,554.0,555.0,7700
2015-05-14,369.1053466796875,543.0,552.0,543.0,551.0,5300
2015-05-15,369.7850646972656,544.0,546.0,544.0,545.0,6600
2015-05-18,384.05987548828125,565.0,565.0,552.0,555.0,33500
2015-05-19,386.77886962890625,569.0,570.0,560.0,565.0,16900
2015-05-20,388.8180847167969,572.0,574.0,569.0,570.0,13300
2015-05-21,389.4978942871094,573.0,576.0,571.0,572.0,6100
2015-05-22,387.4586181640625,570.0,573.0,570.0,573.0,9700
2015-05-25,387.4586181640625,570.0,574.0,569.0,570.0,16900
2015-05-26,388.1383972167969,571.0,574.0,570.0,573.0,7600
2015-05-27,388.8180847167969,572.0,574.0,568.0,568.0,4000
2015-05-28,388.1383972167969,571.0,574.0,568.0,570.0,7500
2015-05-29,389.4978942871094,573.0,573.0,565.0,573.0,8000
2015-06-01,384.7396240234375,566.0,570.0,560.0,570.0,8200
2015-06-02,384.05987548828125,565.0,569.0,563.0,563.0,5800
2015-06-03,384.7396240234375,566.0,567.0,561.0,565.0,4300
2015-06-04,384.05987548828125,565.0,569.0,565.0,569.0,3500
2015-06-05,385.4194030761719,567.0,570.0,565.0,570.0,4900
2015-06-08,381.3408508300781,561.0,572.0,561.0,570.0,16200
2015-06-09,382.0205993652344,562.0,565.0,561.0,561.0,7000
2015-06-10,378.621826171875,557.0,562.0,556.0,561.0,14400
2015-06-11,380.6611022949219,560.0,561.0,556.0,557.0,6200
2015-06-12,382.7003173828125,563.0,565.0,556.0,561.0,17700
2015-06-15,386.77886962890625,569.0,578.0,566.0,566.0,12600
2015-06-16,388.8180847167969,572.0,579.0,571.0,571.0,13600
2015-06-17,386.0990905761719,568.0,573.0,561.0,572.0,10500
2015-06-18,382.0205993652344,562.0,569.0,552.0,569.0,14300
2015-06-19,382.7003173828125,563.0,573.0,560.0,563.0,5800
2015-06-22,383.3800964355469,564.0,568.0,560.0,568.0,5600
2015-06-23,384.7396240234375,566.0,567.0,564.0,565.0,10200
2015-06-24,388.1383972167969,571.0,572.0,566.0,568.0,12000
2015-06-25,386.0990905761719,568.0,570.0,567.0,568.0,3200
2015-06-26,385.4194030761719,567.0,572.0,565.0,571.0,5600
2015-06-29,381.3408508300781,561.0,567.0,561.0,566.0,8500
2015-06-30,384.05987548828125,565.0,566.0,560.0,564.0,6800
2015-07-01,384.05987548828125,565.0,567.0,565.0,567.0,4700
2015-07-02,385.4194030761719,567.0,569.0,564.0,569.0,5100
2015-07-03,384.7396240234375,566.0,569.0,565.0,569.0,5600
2015-07-06,382.0205993652344,562.0,566.0,562.0,565.0,5600
2015-07-07,384.7396240234375,566.0,568.0,564.0,567.0,8800
2015-07-08,377.2622985839844,555.0,564.0,555.0,562.0,11300
2015-07-09,375.9028015136719,553.0,554.0,547.0,550.0,9400
2015-07-10,377.2622985839844,555.0,559.0,555.0,559.0,5000
2015-07-13,378.621826171875,557.0,562.0,555.0,560.0,4200
2015-07-14,381.3408508300781,561.0,561.0,556.0,559.0,6400
2015-07-15,386.0990905761719,568.0,569.0,563.0,569.0,15700
2015-07-16,386.77886962890625,569.0,573.0,565.0,569.0,10600
2015-07-17,383.3800964355469,564.0,569.0,561.0,565.0,4700
2015-07-21,382.0205993652344,562.0,567.0,562.0,567.0,11700
2015-07-22,381.3408508300781,561.0,566.0,560.0,561.0,10600
2015-07-23,382.7003173828125,563.0,564.0,561.0,561.0,5000
2015-07-24,383.3800964355469,564.0,569.0,564.0,564.0,8600
2015-07-27,381.3408508300781,561.0,564.0,560.0,564.0,6700
2015-07-28,380.6611022949219,560.0,561.0,555.0,559.0,7300
2015-07-29,379.30157470703125,558.0,569.0,550.0,569.0,7700
2015-07-30,382.0205993652344,562.0,565.0,560.0,564.0,8500
2015-07-31,390.857421875,575.0,575.0,569.0,574.0,11700
2015-08-03,388.1383972167969,571.0,574.0,564.0,565.0,8800
2015-08-04,386.77886962890625,569.0,572.0,565.0,571.0,6900
2015-08-05,383.3800964355469,564.0,567.0,560.0,566.0,5700
2015-08-06,381.3408508300781,561.0,564.0,558.0,564.0,6900
2015-08-07,385.4194030761719,567.0,567.0,559.0,559.0,4700
2015-08-10,388.1383972167969,571.0,572.0,565.0,567.0,7200
2015-08-11,386.0990905761719,568.0,570.0,562.0,570.0,5200
2015-08-12,381.3408508300781,561.0,565.0,560.0,564.0,2900
2015-08-13,379.98138427734375,559.0,563.0,558.0,560.0,5300
2015-08-14,382.0205993652344,562.0,562.0,558.0,559.0,5200
2015-08-17,379.98138427734375,559.0,561.0,556.0,560.0,11200
2015-08-18,382.0205993652344,562.0,562.0,559.0,560.0,4200
2015-08-19,378.621826171875,557.0,562.0,557.0,562.0,13100
2015-08-20,375.9028015136719,553.0,558.0,553.0,558.0,2000
2015-08-21,369.7850646972656,544.0,552.0,544.0,550.0,14900
2015-08-24,348.7127380371094,513.0,540.0,510.0,534.0,24200
2015-08-25,343.2747802734375,505.0,528.0,498.0,499.0,13500
2015-08-26,353.4710388183594,520.0,525.0,513.0,513.0,7600
2015-08-27,350.75201416015625,516.0,527.0,513.0,526.0,7800
2015-08-28,358.2293395996094,527.0,529.0,523.0,529.0,3000
2015-08-31,361.6280517578125,532.0,533.0,525.0,531.0,2800
2015-09-01,355.51025390625,523.0,539.0,523.0,539.0,11400
2015-09-02,350.0722351074219,515.0,527.0,512.0,518.0,6500
2015-09-03,348.03302001953125,512.0,523.0,512.0,518.0,5600
2015-09-04,343.2747802734375,505.0,510.0,503.0,509.0,5700
2015-09-07,345.9937744140625,509.0,515.0,502.0,502.0,2900
2015-09-08,343.95452880859375,506.0,512.0,505.0,512.0,2700
2015-09-09,355.51025390625,523.0,523.0,511.0,514.0,6300
2015-09-10,352.791259765625,519.0,523.0,519.0,523.0,2900
2015-09-11,351.4317321777344,517.0,535.0,517.0,535.0,9200
2015-09-14,352.791259765625,519.0,523.0,519.0,521.0,2600
2015-09-15,353.4710388183594,520.0,525.0,520.0,524.0,2600
2015-09-16,352.1114807128906,518.0,528.0,518.0,528.0,1700
2015-09-17,356.1900329589844,524.0,528.0,519.0,519.0,3900
2015-09-18,353.4710388183594,520.0,530.0,520.0,530.0,3700
2015-09-24,345.3139953613281,508.0,523.0,507.0,520.0,7700
2015-09-25,349.3924865722656,514.0,514.0,506.0,507.0,5500
2015-09-28,346.6734924316406,510.0,524.0,509.0,524.0,3800
2015-09-29,340.55572509765625,501.0,520.0,501.0,520.0,14600
2015-09-30,343.2747802734375,505.0,506.0,503.0,503.0,2300
2015-10-01,350.0722351074219,515.0,517.0,513.0,513.0,4100
2015-10-02,350.0722351074219,515.0,520.0,515.0,520.0,1000
2015-10-05,349.3924865722656,514.0,521.0,511.0,511.0,2100
2015-10-06,352.1114807128906,518.0,525.0,517.0,520.0,3200
2015-10-07,353.4710388183594,520.0,521.0,513.0,513.0,4100
2015-10-08,352.1114807128906,518.0,521.0,517.0,521.0,1800
2015-10-09,354.1507568359375,521.0,524.0,515.0,515.0,4100
2015-10-13,356.1900329589844,524.0,528.0,522.0,522.0,6000
2015-10-14,357.5495300292969,526.0,527.0,520.0,524.0,4200
2015-10-15,356.86981201171875,525.0,530.0,524.0,527.0,2400
2015-10-16,356.1900329589844,524.0,528.0,522.0,528.0,2300
2015-10-19,356.86981201171875,525.0,526.0,520.0,521.0,3400
2015-10-20,352.791259765625,519.0,527.0,519.0,527.0,1900
2015-10-21,356.1900329589844,524.0,524.0,519.0,519.0,2300
2015-10-22,356.86981201171875,525.0,527.0,519.0,522.0,4300
2015-10-23,358.2293395996094,527.0,527.0,525.0,526.0,5000
2015-10-26,361.6280517578125,532.0,538.0,525.0,532.0,8500
2015-10-27,358.9090270996094,528.0,535.0,525.0,535.0,3700
2015-10-28,362.9875183105469,534.0,535.0,524.0,535.0,2700
2015-10-29,358.9090270996094,528.0,536.0,527.0,536.0,4900
2015-10-30,370.4648132324219,545.0,548.0,532.0,538.0,15000
2015-11-02,373.183837890625,549.0,558.0,547.0,549.0,11600
2015-11-04,372.5040588378906,548.0,567.0,541.0,567.0,7700
2015-11-05,372.5040588378906,548.0,555.0,547.0,548.0,5800
2015-11-06,369.7850646972656,544.0,550.0,542.0,549.0,2200
2015-11-09,375.2231140136719,552.0,552.0,543.0,544.0,7500
2015-11-10,374.5433654785156,551.0,554.0,551.0,554.0,3000
2015-11-11,373.86358642578125,550.0,554.0,543.0,551.0,9300
2015-11-12,372.5040588378906,548.0,550.0,545.0,547.0,4100
2015-11-13,376.58258056640625,554.0,555.0,543.0,548.0,7200
2015-11-16,371.1445617675781,546.0,550.0,545.0,550.0,6400
2015-11-17,371.8243103027344,547.0,548.0,545.0,546.0,4400
2015-11-18,373.86358642578125,550.0,557.0,541.0,557.0,3300
2015-11-19,371.8243103027344,547.0,551.0,543.0,550.0,14400
2015-11-20,382.0205993652344,562.0,562.0,549.0,551.0,9500
2015-11-24,382.0205993652344,562.0,562.0,555.0,557.0,18300
2015-11-25,380.6611022949219,560.0,563.0,555.0,555.0,5100
2015-11-26,379.98138427734375,559.0,562.0,555.0,560.0,5100
2015-11-27,379.98138427734375,559.0,560.0,555.0,557.0,6000
2015-11-30,379.30157470703125,558.0,560.0,552.0,559.0,6000
2015-12-01,383.3800964355469,564.0,564.0,557.0,560.0,9600
2015-12-02,381.3408508300781,561.0,562.0,557.0,557.0,4000
2015-12-03,392.89666748046875,578.0,578.0,555.0,558.0,10700
2015-12-04,379.98138427734375,559.0,560.0,555.0,555.0,11700
2015-12-07,379.98138427734375,559.0,566.0,558.0,559.0,7900
2015-12-08,377.2622985839844,555.0,563.0,549.0,561.0,10200
2015-12-09,375.9028015136719,553.0,555.0,547.0,555.0,6100
2015-12-10,373.183837890625,549.0,553.0,545.0,553.0,6600
2015-12-11,374.5433654785156,551.0,551.0,542.0,542.0,11100
2015-12-14,375.9028015136719,553.0,554.0,538.0,540.0,6700
2015-12-15,371.1445617675781,546.0,549.0,546.0,546.0,4000
2015-12-16,371.1445617675781,546.0,550.0,545.0,550.0,6400
2015-12-17,373.86358642578125,550.0,551.0,530.0,546.0,23400
2015-12-18,371.8243103027344,547.0,554.0,544.0,550.0,4400
2015-12-21,371.1445617675781,546.0,548.0,541.0,547.0,6500
2015-12-22,369.7850646972656,544.0,545.0,531.0,536.0,9700
2015-12-24,359.5887756347656,529.0,546.0,521.0,545.0,29800
2015-12-25,359.5887756347656,529.0,529.0,529.0,529.0,0
2015-12-28,362.9875183105469,534.0,536.0,526.0,530.0,15800
2015-12-29,366.3862609863281,539.0,540.0,533.0,539.0,5600
2015-12-30,366.3862609863281,539.0,544.0,537.0,544.0,5500
2016-01-04,361.6280517578125,532.0,539.0,531.0,539.0,5600
2016-01-05,362.30780029296875,533.0,539.0,530.0,530.0,5400
2016-01-06,361.6280517578125,532.0,540.0,532.0,534.0,6100
2016-01-07,358.2293395996094,527.0,533.0,524.0,532.0,8900
2016-01-08,354.8305358886719,522.0,532.0,522.0,525.0,10100
2016-01-12,350.0722351074219,515.0,527.0,515.0,522.0,16300
2016-01-13,353.4710388183594,520.0,526.0,515.0,519.0,7300
2016-01-14,351.4317321777344,517.0,519.0,511.0,519.0,6900
2016-01-15,348.03302001953125,512.0,522.0,510.0,520.0,6300
2016-01-18,346.6734924316406,510.0,513.0,508.0,510.0,4700
2016-01-19,345.9937744140625,509.0,514.0,508.0,513.0,3900
2016-01-20,341.2354736328125,502.0,510.0,502.0,509.0,8200
2016-01-21,336.47723388671875,495.0,505.0,495.0,500.0,11700
2016-01-22,344.6342468261719,507.0,508.0,480.0,498.0,25100
2016-01-25,348.03302001953125,512.0,515.0,509.0,511.0,6700
2016-01-26,343.2747802734375,505.0,509.0,504.0,507.0,6100
2016-01-27,345.9937744140625,509.0,512.0,506.0,506.0,3100
2016-01-28,345.3139953613281,508.0,510.0,507.0,507.0,3900
2016-01-29,350.75201416015625,516.0,516.0,506.0,506.0,5200
2016-02-01,356.86981201171875,525.0,526.0,521.0,521.0,9600
2016-02-02,354.8305358886719,522.0,526.0,521.0,526.0,7000
2016-02-03,345.3139953613281,508.0,522.0,507.0,522.0,10000
2016-02-04,342.59503173828125,504.0,511.0,503.0,510.0,8200
2016-02-05,337.156982421875,496.0,505.0,495.0,501.0,15100
2016-02-08,341.915283203125,503.0,507.0,500.0,500.0,6100
2016-02-09,334.43798828125,492.0,498.0,489.0,494.0,14000
2016-02-10,328.3201904296875,483.0,492.0,483.0,492.0,8000
2016-02-12,320.84295654296875,472.0,488.0,472.0,479.0,19300
2016-02-15,331.03924560546875,487.0,490.0,483.0,488.0,9400
2016-02-16,329.6796875,485.0,493.0,485.0,486.0,12000
2016-02-17,332.39874267578125,489.0,493.0,488.0,490.0,11400
2016-02-18,334.43798828125,492.0,504.0,491.0,496.0,7100
2016-02-19,333.0784912109375,490.0,493.0,489.0,490.0,4100
2016-02-22,329.6796875,485.0,499.0,482.0,490.0,16600
2016-02-23,326.2809143066406,480.0,494.0,480.0,488.0,10600
2016-02-24,327.6404724121094,482.0,486.0,475.0,476.0,10800
2016-02-25,331.03924560546875,487.0,498.0,481.0,481.0,8500
2016-02-26,333.7582092285156,491.0,503.0,489.0,489.0,15500
2016-02-29,328.3201904296875,483.0,495.0,483.0,495.0,11000
2016-03-01,330.3594055175781,486.0,500.0,483.0,484.0,9300
2016-03-02,331.7189636230469,488.0,494.0,487.0,494.0,11500
2016-03-03,337.836669921875,497.0,497.0,490.0,493.0,10500
2016-03-04,340.55572509765625,501.0,501.0,494.0,498.0,8300
2016-03-07,341.915283203125,503.0,505.0,501.0,501.0,5400
2016-03-08,339.1961975097656,499.0,503.0,498.0,503.0,4000
2016-03-09,338.5164794921875,498.0,502.0,496.0,497.0,6200
2016-03-10,341.2354736328125,502.0,504.0,498.0,500.0,4600
2016-03-11,343.95452880859375,506.0,512.0,500.0,500.0,9000
2016-03-14,346.6734924316406,510.0,516.0,510.0,512.0,9600
2016-03-15,347.353271484375,511.0,514.0,509.0,513.0,6100
2016-03-16,346.6734924316406,510.0,513.0,510.0,510.0,4500
2016-03-17,347.353271484375,511.0,516.0,508.0,512.0,6000
2016-03-18,345.3139953613281,508.0,510.0,507.0,509.0,7000
2016-03-22,350.75201416015625,516.0,517.0,510.0,517.0,9400
2016-03-23,358.9090270996094,528.0,530.0,519.0,519.0,16400
2016-03-24,364.3470764160156,536.0,546.0,530.0,530.0,35000
2016-03-25,364.3470764160156,536.0,541.0,532.0,532.0,8600
2016-03-28,364.3470764160156,536.0,540.0,529.0,537.0,20900
2016-03-29,365.0504455566406,519.0,528.0,503.0,520.0,15200
2016-03-30,361.5335388183594,514.0,517.0,509.0,515.0,6100
2016-03-31,353.09307861328125,502.0,514.0,502.0,514.0,7600
2016-04-01,343.9492492675781,489.0,506.0,489.0,506.0,9500
2016-04-04,348.8728332519531,496.0,499.0,489.0,489.0,4400
2016-04-05,339.025634765625,482.0,496.0,482.0,496.0,5200
2016-04-06,339.025634765625,482.0,494.0,481.0,488.0,5700
2016-04-07,340.432373046875,484.0,485.0,481.0,481.0,5000
2016-04-08,336.9154968261719,479.0,486.0,479.0,480.0,9300
2016-04-11,333.3986511230469,474.0,481.0,472.0,480.0,7700
2016-04-12,336.2121276855469,478.0,484.0,474.0,474.0,7800
2016-04-13,337.618896484375,480.0,483.0,479.0,480.0,3900
2016-04-14,343.9492492675781,489.0,491.0,483.0,485.0,5700
2016-04-15,341.83917236328125,486.0,487.0,477.0,477.0,25600
2016-04-18,339.025634765625,482.0,486.0,482.0,485.0,7000
2016-04-19,343.245849609375,488.0,491.0,485.0,489.0,3600
2016-04-20,342.5425109863281,487.0,499.0,484.0,485.0,9600
2016-04-21,346.0593566894531,492.0,494.0,489.0,494.0,2900
2016-04-22,347.46612548828125,494.0,494.0,491.0,492.0,4300
2016-04-25,348.8728332519531,496.0,497.0,491.0,496.0,5400
2016-04-26,346.7627258300781,493.0,496.0,491.0,496.0,5900
2016-04-27,344.6526184082031,490.0,495.0,490.0,495.0,4500
2016-04-28,343.245849609375,488.0,498.0,487.0,495.0,9700
2016-05-02,337.618896484375,480.0,482.0,480.0,480.0,3900
2016-05-06,335.5087585449219,477.0,484.0,476.0,480.0,7100
2016-05-09,337.618896484375,480.0,483.0,478.0,478.0,5800
2016-05-10,342.5425109863281,487.0,492.0,480.0,480.0,10000
2016-05-11,332.69525146484375,473.0,482.0,473.0,479.0,26900
2016-05-12,334.805419921875,476.0,476.0,474.0,474.0,4600
2016-05-13,334.10198974609375,475.0,479.0,475.0,477.0,9100
2016-05-16,327.06829833984375,465.0,477.0,463.0,477.0,15900
2016-05-17,325.6615295410156,463.0,470.0,462.0,468.0,8500
2016-05-18,324.2547912597656,461.0,467.0,460.0,466.0,31300
2016-05-19,325.6615295410156,463.0,466.0,460.0,460.0,12700
2016-05-20,324.9581604003906,462.0,472.0,462.0,464.0,6300
2016-05-23,327.06829833984375,465.0,470.0,462.0,462.0,18600
2016-05-24,325.6615295410156,463.0,468.0,462.0,466.0,18000
2016-05-25,329.1784362792969,468.0,469.0,466.0,466.0,5000
2016-05-26,330.5851745605469,470.0,474.0,469.0,473.0,6000
2016-05-27,333.3986511230469,474.0,474.0,470.0,470.0,4400
2016-05-30,339.025634765625,482.0,482.0,474.0,474.0,8500
2016-05-31,342.5425109863281,487.0,487.0,481.0,481.0,7500
2016-06-01,348.1694641113281,495.0,496.0,488.0,489.0,10000
2016-06-02,342.5425109863281,487.0,495.0,487.0,495.0,2300
2016-06-03,341.1357421875,485.0,489.0,483.0,487.0,5100
2016-06-06,346.0593566894531,492.0,493.0,475.0,476.0,11500
2016-06-07,345.35595703125,491.0,493.0,485.0,492.0,9000
2016-06-08,344.6526184082031,490.0,490.0,481.0,487.0,6400
2016-06-09,343.9492492675781,489.0,492.0,488.0,488.0,2100
2016-06-10,346.0593566894531,492.0,498.0,490.0,498.0,9100
2016-06-13,345.35595703125,491.0,499.0,490.0,490.0,8000
2016-06-14,344.6526184082031,490.0,491.0,483.0,491.0,9200
2016-06-15,339.025634765625,482.0,491.0,482.0,490.0,4500
2016-06-16,333.3986511230469,474.0,479.0,472.0,479.0,8400
2016-06-17,342.5425109863281,487.0,487.0,475.0,475.0,7000
2016-06-20,345.35595703125,491.0,492.0,482.0,492.0,6900
2016-06-21,346.7627258300781,493.0,495.0,486.0,490.0,5800
2016-06-22,348.8728332519531,496.0,497.0,488.0,488.0,3300
2016-06-23,348.1694641113281,495.0,499.0,494.0,498.0,5700
2016-06-24,338.3222351074219,481.0,499.0,473.0,499.0,10300
2016-06-27,343.9492492675781,489.0,493.0,474.0,479.0,6200
2016-06-28,346.0593566894531,492.0,493.0,478.0,485.0,2700
2016-06-29,348.8728332519531,496.0,497.0,492.0,492.0,3500
2016-06-30,348.1694641113281,495.0,499.0,493.0,498.0,2700
2016-07-01,348.8728332519531,496.0,499.0,493.0,499.0,6500
2016-07-04,353.09307861328125,502.0,502.0,498.0,498.0,4400
2016-07-05,353.09307861328125,502.0,503.0,494.0,502.0,4800
2016-07-06,350.98297119140625,499.0,500.0,495.0,500.0,15300
2016-07-07,348.8728332519531,496.0,498.0,494.0,498.0,3300
2016-07-08,341.1357421875,485.0,492.0,485.0,490.0,11500
2016-07-11,341.1357421875,485.0,485.0,485.0,485.0,0
2016-07-12,352.3896789550781,501.0,501.0,493.0,495.0,19200
2016-07-13,352.3896789550781,501.0,504.0,495.0,504.0,2900
2016-07-14,354.4998474121094,504.0,505.0,500.0,500.0,6800
2016-07-15,355.90655517578125,506.0,513.0,502.0,513.0,14800
2016-07-19,357.3133239746094,508.0,508.0,503.0,507.0,9200
2016-07-20,358.0166931152344,509.0,509.0,505.0,506.0,9500
2016-07-21,360.8302001953125,513.0,513.0,507.0,507.0,10100
2016-07-22,361.5335388183594,514.0,514.0,506.0,508.0,4200
2016-07-25,357.3133239746094,508.0,515.0,504.0,515.0,10700
2016-07-26,360.8302001953125,513.0,516.0,511.0,513.0,8900
2016-07-27,361.5335388183594,514.0,516.0,510.0,514.0,6100
2016-07-28,356.6099548339844,507.0,515.0,505.0,515.0,4800
2016-07-29,354.4998474121094,504.0,509.0,502.0,509.0,2900
2016-08-01,352.3896789550781,501.0,514.0,496.0,514.0,6100
2016-08-02,344.6526184082031,490.0,506.0,481.0,505.0,5300
2016-08-03,337.618896484375,480.0,493.0,480.0,482.0,7400
2016-08-04,343.9492492675781,489.0,489.0,481.0,484.0,1800
2016-08-05,341.83917236328125,486.0,500.0,486.0,500.0,5300
2016-08-08,361.5335388183594,514.0,515.0,486.0,486.0,6100
2016-08-09,352.3896789550781,501.0,505.0,499.0,505.0,1500
2016-08-10,340.432373046875,484.0,498.0,482.0,497.0,7200
2016-08-12,348.8728332519531,496.0,499.0,479.0,490.0,17200
2016-08-15,345.35595703125,491.0,495.0,486.0,489.0,6400
2016-08-16,340.432373046875,484.0,494.0,484.0,491.0,6700
2016-08-17,341.1357421875,485.0,495.0,484.0,484.0,4600
2016-08-18,343.245849609375,488.0,491.0,482.0,485.0,3600
2016-08-19,343.245849609375,488.0,492.0,483.0,483.0,1800
2016-08-22,340.432373046875,484.0,491.0,484.0,487.0,3400
2016-08-23,335.5087585449219,477.0,482.0,477.0,482.0,9600
2016-08-24,336.2121276855469,478.0,482.0,468.0,481.0,8200
2016-08-25,331.9919128417969,472.0,485.0,471.0,475.0,5500
2016-08-26,333.3986511230469,474.0,475.0,471.0,475.0,4000
2016-08-29,332.69525146484375,473.0,477.0,472.0,477.0,2400
2016-08-30,334.10198974609375,475.0,480.0,473.0,473.0,9100
2016-08-31,334.805419921875,476.0,478.0,470.0,474.0,33500
2016-09-01,335.5087585449219,477.0,481.0,475.0,481.0,3800
2016-09-02,339.025634765625,482.0,482.0,475.0,481.0,2600
2016-09-05,343.9492492675781,489.0,491.0,482.0,483.0,3700
2016-09-06,339.7290344238281,483.0,489.0,481.0,489.0,5700
2016-09-07,339.025634765625,482.0,485.0,480.0,482.0,6200
2016-09-08,343.245849609375,488.0,488.0,482.0,482.0,3000
2016-09-09,341.83917236328125,486.0,491.0,482.0,485.0,6200
2016-09-12,342.5425109863281,487.0,487.0,486.0,486.0,1200
2016-09-13,341.1357421875,485.0,486.0,482.0,484.0,2900
2016-09-14,340.432373046875,484.0,488.0,481.0,482.0,2200
2016-09-15,341.1357421875,485.0,486.0,482.0,485.0,4100
2016-09-16,340.432373046875,484.0,489.0,481.0,489.0,2800
2016-09-20,340.432373046875,484.0,490.0,480.0,480.0,4300
2016-09-21,344.6526184082031,490.0,491.0,481.0,483.0,5500
2016-09-23,348.1694641113281,495.0,495.0,489.0,492.0,5800
2016-09-26,350.98297119140625,499.0,500.0,494.0,499.0,3000
2016-09-27,353.7964782714844,503.0,503.0,489.0,492.0,5100
2016-09-28,344.6526184082031,490.0,495.0,486.0,495.0,1700
2016-09-29,348.8728332519531,496.0,496.0,490.0,490.0,3500
2016-09-30,339.7290344238281,483.0,496.0,480.0,496.0,13000
2016-10-03,342.5425109863281,487.0,490.0,483.0,487.0,2600
2016-10-04,343.245849609375,488.0,495.0,488.0,488.0,1000
2016-10-05,343.245849609375,488.0,493.0,486.0,488.0,4700
2016-10-06,343.245849609375,488.0,494.0,486.0,486.0,4000
2016-10-07,340.432373046875,484.0,490.0,482.0,489.0,3100
2016-10-11,341.1357421875,485.0,485.0,482.0,482.0,2500
2016-10-12,341.1357421875,485.0,488.0,483.0,488.0,5700
2016-10-13,341.1357421875,485.0,487.0,484.0,484.0,2300
2016-10-14,342.5425109863281,487.0,487.0,482.0,482.0,2600
2016-10-17,338.3222351074219,481.0,491.0,479.0,491.0,4700
2016-10-18,340.432373046875,484.0,486.0,481.0,481.0,800
2016-10-19,343.9492492675781,489.0,490.0,482.0,482.0,2100
2016-10-20,343.9492492675781,489.0,490.0,487.0,488.0,2200
2016-10-21,345.35595703125,491.0,493.0,489.0,489.0,3200
2016-10-24,346.7627258300781,493.0,493.0,490.0,490.0,2100
2016-10-25,344.6526184082031,490.0,493.0,482.0,492.0,6500
2016-10-26,343.9492492675781,489.0,493.0,483.0,490.0,7000
2016-10-27,342.5425109863281,487.0,492.0,487.0,489.0,3700
2016-10-28,343.245849609375,488.0,492.0,488.0,491.0,6300
2016-10-31,353.09307861328125,502.0,503.0,493.0,494.0,5100
2016-11-01,346.0593566894531,492.0,493.0,487.0,490.0,20700
2016-11-02,346.0593566894531,492.0,498.0,489.0,489.0,3900
2016-11-04,343.9492492675781,489.0,496.0,488.0,488.0,4800
2016-11-07,341.83917236328125,486.0,491.0,486.0,490.0,4500
2016-11-08,339.7290344238281,483.0,487.0,483.0,483.0,5000
2016-11-09,331.9919128417969,472.0,488.0,472.0,487.0,10200
2016-11-10,341.83917236328125,486.0,487.0,476.0,476.0,5800
2016-11-11,339.7290344238281,483.0,490.0,482.0,486.0,4000
2016-11-14,345.35595703125,491.0,492.0,487.0,487.0,3500
2016-11-15,343.245849609375,488.0,493.0,485.0,493.0,5300
2016-11-16,346.0593566894531,492.0,492.0,488.0,488.0,3300
2016-11-17,346.7627258300781,493.0,493.0,486.0,492.0,10100
2016-11-18,345.35595703125,491.0,496.0,486.0,493.0,10700
2016-11-21,348.8728332519531,496.0,497.0,491.0,491.0,3700
2016-11-22,349.57623291015625,497.0,499.0,493.0,499.0,4200
2016-11-24,350.2796325683594,498.0,500.0,497.0,497.0,6800
2016-11-25,350.98297119140625,499.0,501.0,497.0,500.0,6100
2016-11-28,351.68634033203125,500.0,500.0,492.0,499.0,7700
2016-11-29,348.1694641113281,495.0,502.0,495.0,500.0,8300
2016-11-30,351.68634033203125,500.0,501.0,494.0,494.0,6700
2016-12-01,352.3896789550781,501.0,510.0,499.0,510.0,8800
2016-12-02,349.57623291015625,497.0,502.0,495.0,502.0,6400
2016-12-05,350.98297119140625,499.0,499.0,495.0,496.0,3400
2016-12-06,350.2796325683594,498.0,501.0,495.0,499.0,9600
2016-12-07,349.57623291015625,497.0,498.0,493.0,494.0,12400
2016-12-08,350.2796325683594,498.0,502.0,493.0,499.0,16400
2016-12-09,349.57623291015625,497.0,498.0,492.0,492.0,14000
2016-12-12,352.3896789550781,501.0,502.0,495.0,498.0,19500
2016-12-13,351.68634033203125,500.0,502.0,498.0,498.0,12700
2016-12-14,353.7964782714844,503.0,503.0,502.0,503.0,19000
2016-12-15,356.6099548339844,507.0,508.0,504.0,504.0,34300
2016-12-16,359.4234313964844,511.0,513.0,508.0,508.0,25300
2016-12-19,360.8302001953125,513.0,515.0,507.0,507.0,9700
2016-12-20,358.7200927734375,510.0,514.0,506.0,514.0,12300
2016-12-21,369.97406005859375,526.0,527.0,510.0,514.0,74000
2016-12-22,368.5672912597656,524.0,532.0,521.0,531.0,22500
2016-12-26,371.3807678222656,528.0,531.0,525.0,525.0,17500
2016-12-27,369.2706604003906,525.0,529.0,525.0,525.0,16100
2016-12-28,374.19427490234375,532.0,532.0,526.0,526.0,7800
2016-12-29,371.3807678222656,528.0,530.0,526.0,530.0,9500
2016-12-30,371.3807678222656,528.0,529.0,522.0,522.0,10200
2017-01-04,374.19427490234375,532.0,533.0,527.0,527.0,20500
2017-01-05,374.19427490234375,532.0,533.0,530.0,532.0,8000
2017-01-06,374.19427490234375,532.0,533.0,522.0,522.0,8900
2017-01-10,374.19427490234375,532.0,532.0,523.0,530.0,15300
2017-01-11,373.49090576171875,531.0,532.0,526.0,532.0,4800
2017-01-12,372.0841369628906,529.0,531.0,526.0,531.0,6300
2017-01-13,372.0841369628906,529.0,529.0,523.0,525.0,10100
2017-01-16,369.2706604003906,525.0,525.0,515.0,523.0,10800
2017-01-17,369.97406005859375,526.0,531.0,520.0,525.0,8300
2017-01-18,369.2706604003906,525.0,527.0,523.0,526.0,7200
2017-01-19,370.6773681640625,527.0,530.0,525.0,527.0,9700
2017-01-20,372.0841369628906,529.0,530.0,522.0,522.0,5800
2017-01-23,368.5672912597656,524.0,528.0,523.0,528.0,13100
2017-01-24,369.2706604003906,525.0,525.0,522.0,522.0,3400
2017-01-25,370.6773681640625,527.0,530.0,517.0,530.0,10600
2017-01-26,371.3807678222656,528.0,530.0,524.0,530.0,6100
2017-01-27,371.3807678222656,528.0,530.0,524.0,530.0,5900
2017-01-30,368.5672912597656,524.0,529.0,520.0,528.0,10200
2017-01-31,366.4571533203125,521.0,525.0,519.0,519.0,4800
2017-02-01,363.64361572265625,517.0,518.0,515.0,515.0,6200
2017-02-02,362.9403381347656,516.0,518.0,516.0,517.0,5300
2017-02-03,363.64361572265625,517.0,518.0,515.0,515.0,3400
2017-02-06,365.7537841796875,520.0,520.0,516.0,517.0,7800
2017-02-07,362.9403381347656,516.0,519.0,516.0,517.0,3000
2017-02-08,363.64361572265625,517.0,518.0,515.0,517.0,2100
2017-02-09,364.3470764160156,518.0,518.0,516.0,516.0,2700
2017-02-10,365.7537841796875,520.0,520.0,516.0,516.0,6600
2017-02-13,366.4571533203125,521.0,522.0,520.0,522.0,2600
2017-02-14,366.4571533203125,521.0,527.0,520.0,527.0,4300
2017-02-15,367.1605529785156,522.0,526.0,521.0,526.0,3400
2017-02-16,365.7537841796875,520.0,521.0,520.0,520.0,3200
2017-02-17,365.7537841796875,520.0,522.0,518.0,520.0,8700
2017-02-20,366.4571533203125,521.0,525.0,517.0,525.0,5600
2017-02-21,365.0504455566406,519.0,520.0,517.0,518.0,3600
2017-02-22,364.3470764160156,518.0,520.0,517.0,518.0,2700
2017-02-23,365.7537841796875,520.0,521.0,518.0,521.0,1700
2017-02-24,365.0504455566406,519.0,521.0,519.0,520.0,2400
2017-02-27,365.7537841796875,520.0,521.0,517.0,519.0,6100
2017-02-28,368.5672912597656,524.0,528.0,522.0,522.0,12400
2017-03-01,369.97406005859375,526.0,528.0,523.0,528.0,4800
2017-03-02,369.97406005859375,526.0,530.0,526.0,528.0,10400
2017-03-03,368.5672912597656,524.0,529.0,524.0,526.0,5500
2017-03-06,367.1605529785156,522.0,525.0,522.0,525.0,1600
2017-03-07,378.4145202636719,538.0,543.0,522.0,525.0,35500
2017-03-08,377.0077819824219,536.0,538.0,533.0,533.0,10800
2017-03-09,377.7111511230469,537.0,542.0,530.0,530.0,8800
2017-03-10,380.5246276855469,541.0,542.0,539.0,539.0,9100
2017-03-13,377.7111511230469,537.0,542.0,532.0,540.0,10500
2017-03-14,380.5246276855469,541.0,545.0,537.0,537.0,8600
2017-03-15,377.7111511230469,537.0,540.0,536.0,540.0,4900
2017-03-16,376.3043518066406,535.0,538.0,535.0,537.0,4300
2017-03-17,376.3043518066406,535.0,537.0,534.0,535.0,3300
2017-03-21,375.60107421875,534.0,541.0,534.0,540.0,13400
2017-03-22,372.78753662109375,530.0,539.0,525.0,525.0,8100
2017-03-23,373.49090576171875,531.0,533.0,528.0,528.0,2500
2017-03-24,370.6773681640625,527.0,540.0,527.0,536.0,4800
2017-03-27,369.2706604003906,525.0,532.0,525.0,526.0,7700
2017-03-28,372.78753662109375,530.0,531.0,526.0,526.0,10800
2017-03-29,382.9411926269531,528.0,528.0,524.0,525.0,4600
2017-03-30,382.21600341796875,527.0,529.0,523.0,528.0,5600
2017-03-31,382.21600341796875,527.0,530.0,524.0,530.0,6200
2017-04-03,377.8643798828125,521.0,527.0,521.0,527.0,2100
2017-04-04,374.96331787109375,517.0,526.0,510.0,526.0,7700
2017-04-05,369.16119384765625,509.0,516.0,508.0,515.0,3800
2017-04-06,363.3590393066406,501.0,507.0,501.0,507.0,5000
2017-04-07,365.5348815917969,504.0,505.0,502.0,503.0,3900
2017-04-10,367.71063232421875,507.0,509.0,505.0,506.0,6700
2017-04-11,366.2601013183594,505.0,507.0,505.0,507.0,2700
2017-04-12,365.5348815917969,504.0,505.0,503.0,505.0,2800
2017-04-13,362.6337585449219,500.0,502.0,500.0,502.0,3500
2017-04-14,360.4580078125,497.0,501.0,495.0,500.0,11200
2017-04-17,358.2821960449219,494.0,497.0,493.0,495.0,12600
2017-04-18,359.0074157714844,495.0,496.0,494.0,494.0,6000
2017-04-19,358.2821960449219,494.0,497.0,494.0,495.0,7800
2017-04-20,358.2821960449219,494.0,499.0,494.0,494.0,3200
2017-04-21,361.90850830078125,499.0,504.0,496.0,496.0,4700
2017-04-24,363.3590393066406,501.0,504.0,501.0,504.0,1900
2017-04-25,365.5348815917969,504.0,506.0,502.0,502.0,4400
2017-04-26,376.4139099121094,519.0,524.0,516.0,524.0,21000
2017-04-27,377.1391296386719,520.0,524.0,519.0,524.0,8200
2017-04-28,377.1391296386719,520.0,525.0,510.0,510.0,8600
2017-05-01,378.58966064453125,522.0,525.0,521.0,525.0,4700
2017-05-02,372.0622253417969,513.0,524.0,503.0,524.0,35900
2017-05-08,370.6116943359375,511.0,519.0,509.0,517.0,18200
2017-05-09,376.4139099121094,519.0,519.0,515.0,515.0,9400
2017-05-10,380.04022216796875,524.0,524.0,520.0,520.0,11900
2017-05-11,380.04022216796875,524.0,527.0,520.0,524.0,12200
2017-05-12,391.6445007324219,540.0,559.0,533.0,555.0,47600
2017-05-15,395.9960632324219,546.0,547.0,543.0,547.0,13300
2017-05-16,398.8970947265625,550.0,555.0,542.0,542.0,20400
2017-05-17,394.5455322265625,544.0,551.0,541.0,551.0,8800
2017-05-18,388.01812744140625,535.0,539.0,531.0,534.0,10100
2017-05-19,393.0950622558594,542.0,542.0,539.0,541.0,5000
2017-05-22,396.7213439941406,547.0,550.0,543.0,550.0,7500
2017-05-23,396.7213439941406,547.0,550.0,547.0,550.0,2800
2017-05-24,402.5235290527344,555.0,556.0,550.0,550.0,17400
2017-05-25,404.6993103027344,558.0,560.0,553.0,553.0,11400
2017-05-26,395.2708435058594,545.0,565.0,540.0,562.0,22300
2017-05-29,399.6224060058594,551.0,556.0,545.0,545.0,12000
2017-05-30,414.1277770996094,571.0,571.0,562.0,563.0,51000
2017-05-31,407.6003723144531,562.0,569.0,562.0,569.0,7700
2017-06-01,417.0288391113281,575.0,579.0,566.0,570.0,27800
2017-06-02,420.6551513671875,580.0,581.0,575.0,575.0,26300
2017-06-05,427.1825256347656,589.0,592.0,578.0,580.0,37800
2017-06-06,417.7540588378906,576.0,592.0,572.0,592.0,13000
2017-06-07,420.6551513671875,580.0,580.0,570.0,570.0,10100
2017-06-08,411.9519958496094,568.0,577.0,568.0,576.0,6100
2017-06-09,409.0509338378906,564.0,574.0,555.0,570.0,16400
2017-06-12,412.67724609375,569.0,569.0,558.0,560.0,10100
2017-06-13,441.68798828125,609.0,624.0,569.0,569.0,98400
2017-06-14,422.83099365234375,583.0,612.0,583.0,609.0,33000
2017-06-15,422.83099365234375,583.0,594.0,574.0,588.0,21500
2017-06-16,431.5342102050781,595.0,596.0,581.0,581.0,10200
2017-06-19,438.7868347167969,605.0,607.0,603.0,607.0,14100
2017-06-20,442.4131774902344,610.0,615.0,608.0,608.0,12800
2017-06-21,455.46807861328125,628.0,631.0,610.0,615.0,42800
2017-06-22,485.92926025390625,670.0,682.0,635.0,635.0,132900
2017-06-23,491.0061340332031,677.0,688.0,665.0,665.0,94300
2017-06-26,498.9839782714844,688.0,688.0,682.0,688.0,38900
2017-06-27,518.5662841796875,715.0,727.0,681.0,688.0,89400
2017-06-28,526.5442504882812,726.0,726.0,714.0,720.0,78300
2017-06-29,516.3905029296875,712.0,725.0,707.0,725.0,42000
2017-06-30,493.9071960449219,681.0,704.0,678.0,704.0,61600
2017-07-03,522.1926879882812,720.0,725.0,685.0,691.0,64000
2017-07-04,526.5442504882812,726.0,737.0,724.0,727.0,59200
2017-07-05,512.0388793945312,706.0,731.0,700.0,729.0,56800
2017-07-06,505.5115051269531,697.0,709.0,694.0,706.0,38900
2017-07-07,506.2367248535156,698.0,715.0,696.0,715.0,19100
2017-07-10,506.2367248535156,698.0,713.0,698.0,698.0,11200
2017-07-11,507.687255859375,700.0,705.0,699.0,699.0,4800
2017-07-12,513.4894409179688,708.0,711.0,702.0,702.0,9400
2017-07-13,525.8189086914062,725.0,727.0,715.0,716.0,30900
2017-07-14,533.0716552734375,735.0,735.0,727.0,730.0,43200
2017-07-17,533.0716552734375,735.0,735.0,735.0,735.0,0
2017-07-18,560.6317138671875,773.0,777.0,736.0,736.0,66400
2017-07-19,594.7193603515625,820.0,821.0,766.0,774.0,106600
2017-07-20,585.2908935546875,807.0,811.0,792.0,811.0,52100
2017-07-21,589.6425170898438,813.0,815.0,801.0,801.0,22000
2017-07-24,596.8952026367188,823.0,830.0,809.0,814.0,53300
2017-07-25,590.3677368164062,814.0,829.0,812.0,829.0,16600
2017-07-26,579.48876953125,799.0,817.0,799.0,812.0,34500
2017-07-27,549.0275268554688,757.0,791.0,752.0,791.0,71800
2017-07-28,548.3023071289062,756.0,770.0,752.0,755.0,20600
2017-07-31,557.7307739257812,769.0,790.0,751.0,753.0,19500
2017-08-01,559.1813354492188,771.0,804.0,769.0,800.0,27700
2017-08-02,549.7528076171875,758.0,774.0,749.0,770.0,24100
2017-08-03,517.1157836914062,713.0,745.0,713.0,743.0,35900
2017-08-04,525.09375,724.0,738.0,700.0,702.0,40000
2017-08-07,561.3571166992188,774.0,774.0,724.0,724.0,26400
2017-08-08,554.1043701171875,764.0,788.0,752.0,766.0,17300
2017-08-09,535.9727783203125,739.0,760.0,731.0,760.0,13600
2017-08-10,542.5001220703125,748.0,750.0,738.0,741.0,11200
2017-08-11,542.5001220703125,748.0,748.0,748.0,748.0,0
2017-08-14,535.2474365234375,738.0,747.0,731.0,739.0,11400
2017-08-15,546.8517456054688,754.0,763.0,745.0,745.0,12900
2017-08-16,541.0496826171875,746.0,757.0,742.0,742.0,16300
2017-08-17,545.4011840820312,752.0,758.0,743.0,743.0,5800
2017-08-18,553.3790893554688,763.0,765.0,746.0,746.0,18500
2017-08-21,530.1705932617188,731.0,758.0,731.0,748.0,31700
2017-08-22,517.841064453125,714.0,734.0,713.0,730.0,15000
2017-08-23,518.5662841796875,715.0,729.0,715.0,723.0,9100
2017-08-24,520.7421264648438,718.0,719.0,712.0,719.0,4800
2017-08-25,514.93994140625,710.0,723.0,708.0,718.0,7700
2017-08-28,512.76416015625,707.0,710.0,704.0,708.0,5100
2017-08-29,507.687255859375,700.0,713.0,700.0,707.0,14800
2017-08-30,500.4345703125,690.0,699.0,690.0,699.0,11600
2017-08-31,512.0388793945312,706.0,707.0,690.0,690.0,13400
2017-09-01,511.31365966796875,705.0,710.0,696.0,706.0,13400
2017-09-04,515.665283203125,711.0,711.0,699.0,700.0,14800
2017-09-05,515.665283203125,711.0,723.0,709.0,713.0,16100
2017-09-06,525.8189086914062,725.0,730.0,702.0,703.0,8700
2017-09-07,546.12646484375,753.0,764.0,730.0,730.0,27400
2017-09-08,543.95068359375,750.0,757.0,740.0,756.0,20300
2017-09-11,543.2254028320312,749.0,755.0,741.0,751.0,12300
2017-09-12,554.1043701171875,764.0,764.0,741.0,755.0,21500
2017-09-13,554.8296508789062,765.0,766.0,755.0,764.0,23700
2017-09-14,546.12646484375,753.0,769.0,751.0,769.0,21700
2017-09-15,561.3571166992188,774.0,779.0,751.0,752.0,22400
2017-09-18,561.3571166992188,774.0,774.0,774.0,774.0,0
2017-09-19,559.1813354492188,771.0,775.0,760.0,770.0,16800
2017-09-20,562.0823364257812,775.0,775.0,762.0,763.0,14500
2017-09-21,555.554931640625,766.0,775.0,759.0,775.0,16400
2017-09-22,558.4559936523438,770.0,773.0,754.0,761.0,14000
2017-09-25,552.65380859375,762.0,772.0,760.0,766.0,14800
2017-09-26,564.2581176757812,778.0,778.0,758.0,759.0,13900
2017-09-27,553.3790893554688,763.0,786.0,761.0,786.0,10400
2017-09-28,564.9833984375,779.0,780.0,760.0,766.0,12600
2017-09-29,564.9833984375,779.0,780.0,768.0,779.0,11900
2017-10-02,563.5328369140625,777.0,781.0,770.0,780.0,9500
2017-10-03,562.8075561523438,776.0,781.0,771.0,779.0,10000
2017-10-04,572.2361450195312,789.0,793.0,782.0,790.0,22400
2017-10-05,565.708740234375,780.0,790.0,780.0,789.0,6500
2017-10-06,570.7855834960938,787.0,787.0,779.0,781.0,6100
2017-10-09,570.7855834960938,787.0,787.0,787.0,787.0,0
2017-10-10,570.7855834960938,787.0,790.0,783.0,790.0,5200
2017-10-11,570.7855834960938,787.0,793.0,775.0,789.0,12000
2017-10-12,570.060302734375,786.0,794.0,784.0,794.0,11200
2017-10-13,564.2581176757812,778.0,786.0,771.0,786.0,17200
2017-10-16,573.6866455078125,791.0,797.0,778.0,779.0,15600
2017-10-17,572.2361450195312,789.0,799.0,785.0,799.0,9200
2017-10-18,572.2361450195312,789.0,796.0,780.0,780.0,14000
2017-10-19,570.7855834960938,787.0,800.0,787.0,791.0,16300
2017-10-20,572.2361450195312,789.0,794.0,785.0,787.0,9500
2017-10-23,578.0382690429688,797.0,799.0,789.0,790.0,19600
2017-10-24,583.1151123046875,804.0,810.0,795.0,800.0,20000
2017-10-25,578.7634887695312,798.0,814.0,796.0,806.0,15700
2017-10-26,586.01611328125,808.0,820.0,800.0,801.0,21300
2017-10-27,593.268798828125,818.0,821.0,808.0,808.0,15700
2017-10-30,601.9721069335938,830.0,830.0,813.0,824.0,21400
2017-10-31,599.7962646484375,827.0,829.0,800.0,827.0,26800
2017-11-01,593.994140625,819.0,830.0,812.0,830.0,26400
2017-11-02,591.8182983398438,816.0,821.0,810.0,820.0,24800
2017-11-03,591.8182983398438,816.0,816.0,816.0,816.0,0
2017-11-06,589.6425170898438,813.0,816.0,809.0,814.0,10400
2017-11-07,586.01611328125,808.0,818.0,803.0,813.0,9800
2017-11-08,586.01611328125,808.0,812.0,803.0,812.0,9900
2017-11-09,583.84033203125,805.0,819.0,795.0,809.0,25000
2017-11-10,573.6866455078125,791.0,806.0,786.0,797.0,10900
2017-11-13,572.9613647460938,790.0,820.0,783.0,786.0,15400
2017-11-14,566.4338989257812,781.0,795.0,770.0,790.0,21500
2017-11-15,545.4011840820312,752.0,773.0,752.0,770.0,20400
2017-11-16,552.65380859375,762.0,779.0,748.0,748.0,15700
2017-11-17,547.5770263671875,755.0,770.0,749.0,770.0,20400
2017-11-20,564.9833984375,779.0,785.0,759.0,759.0,17600
2017-11-21,562.0823364257812,775.0,783.0,768.0,783.0,11500
2017-11-22,562.8075561523438,776.0,799.0,771.0,775.0,13400
2017-11-23,562.8075561523438,776.0,776.0,776.0,776.0,0
2017-11-24,565.708740234375,780.0,784.0,771.0,779.0,9900
2017-11-27,559.9065551757812,772.0,789.0,759.0,789.0,18000
2017-11-28,577.31298828125,796.0,800.0,776.0,777.0,29000
2017-11-29,587.4667358398438,810.0,810.0,800.0,800.0,19700
2017-11-30,607.0490112304688,837.0,852.0,819.0,820.0,88400
2017-12-01,639.6859741210938,882.0,888.0,870.0,879.0,91100
2017-12-04,635.33447265625,876.0,893.0,874.0,893.0,26500
2017-12-05,633.8838500976562,874.0,885.0,873.0,884.0,25800
2017-12-06,627.3564453125,865.0,885.0,865.0,879.0,20000
2017-12-07,640.4112548828125,883.0,905.0,862.0,865.0,22500
2017-12-08,642.5870361328125,886.0,891.0,868.0,868.0,25300
2017-12-11,645.4880981445312,890.0,891.0,873.0,882.0,14900
2017-12-12,653.466064453125,901.0,904.0,886.0,886.0,17900
2017-12-13,669.4219970703125,923.0,928.0,904.0,909.0,29300
2017-12-14,661.4440307617188,912.0,926.0,911.0,923.0,17000
2017-12-15,654.1913452148438,902.0,920.0,889.0,909.0,26700
2017-12-18,656.3671264648438,905.0,924.0,905.0,910.0,13000
2017-12-19,639.6859741210938,882.0,904.0,881.0,904.0,16400
2017-12-20,643.312255859375,887.0,895.0,881.0,881.0,7400
2017-12-21,650.56494140625,897.0,897.0,886.0,887.0,28000
2017-12-22,654.1913452148438,902.0,905.0,897.0,897.0,9400
2017-12-25,651.2902221679688,898.0,898.0,888.0,898.0,7100
2017-12-26,648.3890991210938,894.0,900.0,880.0,895.0,11300
2017-12-27,649.8397216796875,896.0,900.0,895.0,898.0,2900
2017-12-28,645.4880981445312,890.0,896.0,888.0,896.0,4900
2017-12-29,643.312255859375,887.0,890.0,878.0,890.0,11000
2018-01-01,643.312255859375,887.0,887.0,887.0,887.0,0
2018-01-02,643.312255859375,887.0,887.0,887.0,887.0,0
2018-01-03,643.312255859375,887.0,887.0,887.0,887.0,0
2018-01-04,645.4880981445312,890.0,896.0,887.0,887.0,9100
2018-01-05,656.3671264648438,905.0,912.0,893.0,893.0,18200
2018-01-08,656.3671264648438,905.0,905.0,905.0,905.0,0
2018-01-09,652.0154418945312,899.0,909.0,897.0,909.0,11700
2018-01-10,657.0924682617188,906.0,907.0,899.0,899.0,9500
2018-01-11,655.641845703125,904.0,906.0,901.0,905.0,8300
2018-01-12,652.7407836914062,900.0,905.0,899.0,900.0,7300
2018-01-15,650.56494140625,897.0,907.0,895.0,899.0,10500
2018-01-16,649.1144409179688,895.0,899.0,894.0,897.0,7200
2018-01-17,638.9607543945312,881.0,894.0,880.0,893.0,11700
2018-01-18,636.0596313476562,877.0,889.0,876.0,882.0,10300
2018-01-19,634.6090698242188,875.0,881.0,868.0,880.0,20000
2018-01-22,643.312255859375,887.0,887.0,874.0,880.0,19800
2018-01-23,646.2134399414062,891.0,897.0,888.0,889.0,13200
2018-01-24,647.6638793945312,893.0,895.0,887.0,891.0,13800
2018-01-25,646.2134399414062,891.0,900.0,890.0,893.0,6500
2018-01-26,652.0154418945312,899.0,900.0,893.0,893.0,7300
2018-01-29,650.56494140625,897.0,901.0,892.0,899.0,13900
2018-01-30,649.1144409179688,895.0,902.0,887.0,900.0,15000
2018-01-31,639.6859741210938,882.0,890.0,881.0,890.0,11300
2018-02-01,658.5429077148438,908.0,938.0,900.0,938.0,90200
2018-02-02,662.1692504882812,913.0,916.0,900.0,910.0,32500
2018-02-05,635.33447265625,876.0,903.0,875.0,888.0,56200
2018-02-06,588.917236328125,812.0,838.0,798.0,831.0,62000
2018-02-07,593.994140625,819.0,851.0,813.0,851.0,27200
2018-02-08,607.0490112304688,837.0,842.0,820.0,820.0,15400
2018-02-09,599.7962646484375,827.0,831.0,815.0,828.0,12500
2018-02-12,599.7962646484375,827.0,827.0,827.0,827.0,0
2018-02-13,590.3677368164062,814.0,834.0,812.0,827.0,13500
2018-02-14,580.214111328125,800.0,810.0,796.0,809.0,21300
2018-02-15,600.521484375,828.0,828.0,803.0,805.0,26800
2018-02-16,601.9721069335938,830.0,840.0,827.0,828.0,23300
2018-02-19,605.598388671875,835.0,838.0,826.0,834.0,25800
2018-02-20,599.071044921875,826.0,832.0,818.0,832.0,13400
2018-02-21,591.8182983398438,816.0,823.0,811.0,822.0,26300
2018-02-22,587.4667358398438,810.0,814.0,806.0,814.0,22000
2018-02-23,589.6425170898438,813.0,816.0,807.0,807.0,8100
2018-02-26,593.994140625,819.0,822.0,815.0,817.0,20100
2018-02-27,593.994140625,819.0,828.0,818.0,820.0,13100
2018-02-28,586.01611328125,808.0,818.0,805.0,815.0,34100
2018-03-01,576.5877075195312,795.0,806.0,790.0,806.0,21400
2018-03-02,575.13720703125,793.0,794.0,781.0,788.0,21800
2018-03-05,533.0716552734375,735.0,779.0,733.0,778.0,74600
2018-03-06,544.6759033203125,751.0,753.0,743.0,747.0,26300
2018-03-07,538.873779296875,743.0,750.0,742.0,745.0,18100
2018-03-08,538.873779296875,743.0,753.0,741.0,753.0,14000
2018-03-09,535.2474365234375,738.0,747.0,735.0,745.0,24100
2018-03-12,543.95068359375,750.0,753.0,741.0,741.0,17400
2018-03-13,554.1043701171875,764.0,764.0,748.0,750.0,15700
2018-03-14,554.8296508789062,765.0,765.0,759.0,762.0,5700
2018-03-15,551.203369140625,760.0,764.0,750.0,764.0,11800
2018-03-16,557.7307739257812,769.0,772.0,761.0,762.0,15800
2018-03-19,558.4559936523438,770.0,776.0,769.0,774.0,23900
2018-03-20,546.8517456054688,754.0,769.0,751.0,769.0,25300
2018-03-21,546.8517456054688,754.0,754.0,754.0,754.0,0
2018-03-22,549.7528076171875,758.0,759.0,749.0,754.0,6900
2018-03-23,534.5221557617188,737.0,746.0,734.0,745.0,20300
2018-03-26,542.5001220703125,748.0,748.0,730.0,735.0,14800
2018-03-27,554.1043701171875,764.0,764.0,749.0,749.0,14600
2018-03-28,564.5874633789062,754.0,756.0,739.0,739.0,16300
2018-03-29,566.8338012695312,757.0,757.0,745.0,757.0,6600
2018-03-30,567.5826416015625,758.0,764.0,755.0,764.0,6000
2018-04-02,559.3460083007812,747.0,758.0,743.0,758.0,11800
2018-04-03,551.8580322265625,737.0,742.0,737.0,737.0,15300
2018-04-04,553.3555908203125,739.0,747.0,738.0,738.0,10000
2018-04-05,559.3460083007812,747.0,747.0,738.0,741.0,6500
2018-04-06,566.8338012695312,757.0,758.0,748.0,748.0,12800
2018-04-09,569.0802001953125,760.0,760.0,752.0,757.0,10800
2018-04-10,564.5874633789062,754.0,767.0,752.0,763.0,5400
2018-04-11,560.8434448242188,749.0,757.0,744.0,757.0,16600
2018-04-12,561.59228515625,750.0,754.0,744.0,749.0,5900
2018-04-13,562.3411254882812,751.0,753.0,740.0,750.0,11300
2018-04-16,557.8483276367188,745.0,754.0,724.0,752.0,16900
2018-04-17,555.60205078125,742.0,748.0,738.0,745.0,6800
2018-04-18,560.8434448242188,749.0,752.0,742.0,742.0,5600
2018-04-19,563.8386840820312,753.0,759.0,751.0,751.0,2600
2018-04-20,563.8386840820312,753.0,756.0,752.0,756.0,3600
2018-04-23,572.8241577148438,765.0,765.0,755.0,755.0,9100
2018-04-24,584.0559692382812,780.0,780.0,755.0,765.0,19700
2018-04-25,585.5535888671875,782.0,782.0,775.0,780.0,5100
2018-04-26,593.0414428710938,792.0,792.0,780.0,783.0,11900
2018-04-27,590.0462646484375,788.0,798.0,775.0,792.0,11300
2018-04-30,590.0462646484375,788.0,788.0,788.0,788.0,0
2018-05-01,587.0511474609375,784.0,797.0,784.0,788.0,6900
2018-05-02,593.790283203125,793.0,794.0,780.0,784.0,6100
2018-05-03,593.790283203125,793.0,793.0,793.0,793.0,0
2018-05-04,593.790283203125,793.0,793.0,793.0,793.0,0
2018-05-07,596.785400390625,797.0,798.0,784.0,798.0,6800
2018-05-08,599.0317993164062,800.0,805.0,791.0,794.0,11400
2018-05-09,601.2781982421875,803.0,803.0,791.0,800.0,5800
2018-05-10,598.2830200195312,799.0,802.0,792.0,801.0,6900
2018-05-11,608.0172729492188,812.0,825.0,805.0,819.0,32300
2018-05-14,602.7757568359375,805.0,822.0,802.0,813.0,12100
2018-05-15,608.7660522460938,813.0,814.0,803.0,814.0,13100
2018-05-16,617.0027465820312,824.0,825.0,810.0,816.0,21000
2018-05-17,605.7709350585938,809.0,827.0,805.0,821.0,21000
2018-05-18,610.263671875,815.0,815.0,807.0,808.0,13000
2018-05-21,610.263671875,815.0,818.0,814.0,818.0,6600
2018-05-22,613.2588500976562,819.0,829.0,815.0,829.0,21400
2018-05-23,613.2588500976562,819.0,822.0,818.0,821.0,6400
2018-05-24,605.0221557617188,808.0,813.0,806.0,808.0,9700
2018-05-25,606.5196533203125,810.0,815.0,810.0,810.0,5600
2018-05-28,591.5439453125,790.0,806.0,789.0,806.0,15700
2018-05-29,587.0511474609375,784.0,794.0,782.0,792.0,15900
2018-05-30,581.060791015625,776.0,788.0,770.0,781.0,12100
2018-05-31,581.060791015625,776.0,778.0,774.0,774.0,9000
2018-06-01,576.568115234375,770.0,776.0,767.0,776.0,7800
2018-06-04,576.568115234375,770.0,773.0,767.0,773.0,13800
2018-06-05,590.7951049804688,789.0,790.0,772.0,772.0,13000
2018-06-06,605.7709350585938,809.0,810.0,790.0,794.0,21300
2018-06-07,617.0027465820312,824.0,824.0,816.0,819.0,22100
2018-06-08,623.7418212890625,833.0,836.0,820.0,829.0,29500
2018-06-11,628.234619140625,839.0,846.0,833.0,841.0,22800
2018-06-12,628.9833984375,840.0,844.0,839.0,843.0,11700
2018-06-13,625.9882202148438,836.0,839.0,833.0,833.0,8200
2018-06-14,623.7418212890625,833.0,836.0,822.0,836.0,10200
2018-06-15,617.0027465820312,824.0,834.0,818.0,834.0,8500
2018-06-18,604.2733154296875,807.0,815.0,803.0,812.0,9200
2018-06-19,599.780517578125,801.0,808.0,801.0,808.0,4100
2018-06-20,607.2684936523438,811.0,813.0,791.0,800.0,11700
2018-06-21,594.5390014648438,794.0,811.0,793.0,811.0,6300
2018-06-22,600.5294189453125,802.0,802.0,795.0,795.0,4700
2018-06-25,599.0317993164062,800.0,802.0,796.0,802.0,5800
2018-06-26,597.5341796875,798.0,801.0,794.0,797.0,5900
2018-06-27,599.0317993164062,800.0,803.0,788.0,796.0,7200
2018-06-28,593.790283203125,793.0,807.0,790.0,800.0,4800
2018-06-29,593.790283203125,793.0,800.0,793.0,796.0,10900
2018-07-02,590.0462646484375,788.0,796.0,784.0,793.0,5000
2018-07-03,578.814453125,773.0,789.0,773.0,788.0,6800
2018-07-04,563.8386840820312,753.0,767.0,753.0,767.0,10100
2018-07-05,548.8628540039062,733.0,755.0,731.0,755.0,6600
2018-07-06,555.60205078125,742.0,746.0,725.0,733.0,11900
2018-07-09,560.0947265625,748.0,757.0,737.0,749.0,10000
2018-07-10,558.5971069335938,746.0,755.0,746.0,753.0,11100
2018-07-11,559.3460083007812,747.0,755.0,747.0,749.0,8800
2018-07-12,562.3411254882812,751.0,757.0,750.0,757.0,5400
2018-07-13,571.3264770507812,763.0,765.0,757.0,758.0,15700
2018-07-16,571.3264770507812,763.0,763.0,763.0,763.0,0
2018-07-17,587.7998657226562,785.0,790.0,775.0,779.0,33100
2018-07-18,582.558349609375,778.0,798.0,778.0,790.0,10000
2018-07-19,593.790283203125,793.0,798.0,778.0,778.0,9700
2018-07-20,587.0511474609375,784.0,793.0,784.0,793.0,3900
2018-07-23,587.0511474609375,784.0,787.0,784.0,787.0,3600
2018-07-24,590.7951049804688,789.0,794.0,785.0,788.0,3500
2018-07-25,582.558349609375,778.0,792.0,778.0,790.0,5900
2018-07-26,593.0414428710938,792.0,792.0,787.0,792.0,7700
2018-07-27,595.2877807617188,795.0,797.0,792.0,792.0,3600
2018-07-30,597.5341796875,798.0,798.0,794.0,795.0,10900
2018-07-31,591.5439453125,790.0,803.0,782.0,800.0,18000
2018-08-01,596.0366821289062,796.0,809.0,791.0,791.0,20100
2018-08-02,596.785400390625,797.0,813.0,797.0,801.0,31200
2018-08-03,599.0317993164062,800.0,805.0,798.0,798.0,9300
2018-08-06,599.780517578125,801.0,804.0,799.0,804.0,6000
2018-08-07,599.780517578125,801.0,806.0,798.0,801.0,6200
2018-08-08,596.0366821289062,796.0,801.0,796.0,801.0,10400
2018-08-09,587.7998657226562,785.0,798.0,785.0,798.0,5600
2018-08-10,588.5487670898438,786.0,794.0,781.0,784.0,3600
2018-08-13,569.8289794921875,761.0,779.0,757.0,779.0,12600
2018-08-14,596.0366821289062,796.0,796.0,747.0,773.0,18600
2018-08-15,587.0511474609375,784.0,800.0,782.0,800.0,6600
2018-08-16,574.3216552734375,767.0,777.0,758.0,777.0,7600
2018-08-17,572.8241577148438,765.0,773.0,763.0,773.0,2300
2018-08-20,572.8241577148438,765.0,775.0,765.0,770.0,1300
2018-08-21,571.3264770507812,763.0,766.0,762.0,765.0,6600
2018-08-22,574.3216552734375,767.0,773.0,764.0,764.0,7500
2018-08-23,579.5632934570312,774.0,776.0,767.0,767.0,4200
2018-08-24,584.0559692382812,780.0,781.0,774.0,774.0,5700
2018-08-27,581.8096923828125,777.0,782.0,773.0,781.0,9300
2018-08-28,580.3120727539062,775.0,779.0,773.0,776.0,4100
2018-08-29,581.8096923828125,777.0,781.0,776.0,780.0,5100
2018-08-30,582.558349609375,778.0,781.0,775.0,780.0,5400
2018-08-31,578.814453125,773.0,780.0,773.0,778.0,6500
2018-09-03,575.8193359375,769.0,775.0,764.0,775.0,7000
2018-09-04,571.3264770507812,763.0,782.0,763.0,769.0,5800
2018-09-05,566.0850219726562,756.0,762.0,755.0,762.0,9400
2018-09-06,563.08984375,752.0,755.0,752.0,752.0,4600
2018-09-07,562.3411254882812,751.0,753.0,750.0,750.0,5900
2018-09-10,560.8434448242188,749.0,750.0,746.0,749.0,5100
2018-09-11,562.3411254882812,751.0,754.0,747.0,753.0,4800
2018-09-12,557.8483276367188,745.0,751.0,743.0,751.0,7300
2018-09-13,560.0947265625,748.0,749.0,743.0,745.0,7100
2018-09-14,554.1043701171875,740.0,746.0,737.0,745.0,37000
2018-09-17,554.1043701171875,740.0,740.0,740.0,740.0,0
2018-09-18,555.60205078125,742.0,742.0,736.0,741.0,15200
2018-09-19,567.5826416015625,758.0,760.0,744.0,747.0,32600
2018-09-20,567.5826416015625,758.0,763.0,753.0,763.0,11400
2018-09-21,569.0802001953125,760.0,760.0,756.0,759.0,11500
2018-09-24,569.0802001953125,760.0,760.0,760.0,760.0,0
2018-09-25,578.065673828125,772.0,772.0,762.0,768.0,14400
2018-09-26,585.5535888671875,782.0,782.0,767.0,767.0,9200
2018-09-27,576.568115234375,770.0,780.0,770.0,778.0,11600
2018-09-28,587.7998657226562,785.0,786.0,770.0,770.0,10500
2018-10-01,578.065673828125,772.0,779.0,772.0,777.0,7600
2018-10-02,579.5632934570312,774.0,779.0,773.0,776.0,6000
2018-10-03,562.3411254882812,751.0,771.0,751.0,771.0,10200
2018-10-04,555.60205078125,742.0,769.0,742.0,753.0,28000
2018-10-05,554.1043701171875,740.0,746.0,740.0,741.0,12700
2018-10-08,554.1043701171875,740.0,740.0,740.0,740.0,0
2018-10-09,548.1140747070312,732.0,738.0,729.0,738.0,24100
2018-10-10,547.3652954101562,731.0,736.0,726.0,734.0,27500
2018-10-11,533.1383056640625,712.0,718.0,707.0,717.0,17600
2018-10-12,536.8822021484375,717.0,718.0,710.0,712.0,10800
2018-10-15,524.1527709960938,700.0,719.0,700.0,719.0,18400
2018-10-16,524.1527709960938,700.0,702.0,695.0,695.0,13800
2018-10-17,524.1527709960938,700.0,713.0,699.0,713.0,15000
2018-10-18,525.650390625,702.0,702.0,696.0,697.0,13000
2018-10-19,526.3991088867188,703.0,703.0,697.0,698.0,6200
2018-10-22,524.901611328125,701.0,704.0,698.0,702.0,4800
2018-10-23,514.4185180664062,687.0,698.0,687.0,698.0,13900
2018-10-24,510.67462158203125,682.0,689.0,682.0,689.0,10300
2018-10-25,480.72296142578125,642.0,671.0,642.0,671.0,47400
2018-10-26,467.9935607910156,625.0,648.0,607.0,648.0,26900
2018-10-29,450.02264404296875,601.0,622.0,601.0,615.0,19100
2018-10-30,462.0032653808594,617.0,617.0,601.0,602.0,36600
2018-10-31,485.9645080566406,649.0,649.0,621.0,625.0,18800
2018-11-01,521.1575927734375,696.0,698.0,669.0,683.0,69300
2018-11-02,527.896728515625,705.0,709.0,687.0,697.0,23300
2018-11-05,521.1575927734375,696.0,702.0,694.0,695.0,8700
2018-11-06,524.1527709960938,700.0,702.0,696.0,696.0,6700
2018-11-07,521.1575927734375,696.0,703.0,696.0,703.0,28000
2018-11-08,519.6600952148438,694.0,705.0,694.0,698.0,10500
2018-11-09,515.1673583984375,688.0,695.0,688.0,694.0,8100
2018-11-12,509.92578125,681.0,690.0,681.0,688.0,7800
2018-11-13,509.1770324707031,680.0,681.0,666.0,672.0,14400
2018-11-14,509.1770324707031,680.0,681.0,675.0,675.0,9600
2018-11-15,502.43792724609375,671.0,675.0,670.0,671.0,5100
2018-11-16,494.95001220703125,661.0,672.0,661.0,670.0,7000
2018-11-19,490.4573059082031,655.0,658.0,653.0,656.0,6500
2018-11-20,489.70843505859375,654.0,657.0,648.0,650.0,7000
2018-11-21,488.959716796875,653.0,653.0,641.0,645.0,9600
2018-11-22,490.4573059082031,655.0,657.0,640.0,655.0,26700
2018-11-23,490.4573059082031,655.0,655.0,655.0,655.0,0
2018-11-26,493.4524230957031,659.0,662.0,659.0,662.0,4800
2018-11-27,490.4573059082031,655.0,663.0,655.0,659.0,15600
2018-11-28,492.70367431640625,658.0,660.0,654.0,656.0,11600
2018-11-29,498.6939392089844,666.0,668.0,660.0,661.0,16200
2018-11-30,495.6988220214844,662.0,666.0,661.0,666.0,15700
2018-12-03,499.44281005859375,667.0,669.0,660.0,662.0,12900
2018-12-04,500.9403381347656,669.0,672.0,666.0,668.0,18400
2018-12-05,495.6988220214844,662.0,669.0,659.0,659.0,19500
2018-12-06,495.6988220214844,662.0,666.0,659.0,662.0,13700
2018-12-07,494.95001220703125,661.0,663.0,656.0,662.0,17300
2018-12-10,490.4573059082031,655.0,663.0,653.0,658.0,13900
2018-12-11,477.7277526855469,638.0,657.0,638.0,654.0,29800
2018-12-12,479.2254638671875,640.0,650.0,640.0,648.0,108300
2018-12-13,482.9693298339844,645.0,648.0,636.0,642.0,18900
2018-12-14,490.4573059082031,655.0,660.0,646.0,646.0,22800
2018-12-17,504.68426513671875,674.0,682.0,655.0,656.0,39500
2018-12-18,491.2060852050781,656.0,668.0,656.0,665.0,28900
2018-12-19,502.43792724609375,671.0,672.0,647.0,656.0,16700
2018-12-20,465.7471618652344,622.0,669.0,622.0,669.0,31500
2018-12-21,447.7762451171875,598.0,620.0,585.0,620.0,41600
2018-12-24,447.7762451171875,598.0,598.0,598.0,598.0,0
2018-12-25,429.8053283691406,574.0,607.0,572.0,598.0,20600
2018-12-26,435.7956237792969,582.0,594.0,578.0,594.0,11600
2018-12-27,459.00811767578125,613.0,613.0,596.0,608.0,12100
2018-12-28,467.24481201171875,624.0,630.0,616.0,616.0,7900
2018-12-31,467.24481201171875,624.0,624.0,624.0,624.0,0
2019-01-04,459.00811767578125,613.0,616.0,600.0,616.0,14400
2019-01-07,476.9790954589844,637.0,639.0,623.0,623.0,7300
2019-01-08,481.4718017578125,643.0,648.0,634.0,634.0,6100
2019-01-09,479.2254638671875,640.0,648.0,635.0,643.0,5100
2019-01-10,473.98394775390625,633.0,638.0,630.0,638.0,7200
2019-01-11,479.9742126464844,641.0,643.0,631.0,636.0,8500
2019-01-15,491.954833984375,657.0,663.0,637.0,637.0,7700
2019-01-16,495.6988220214844,662.0,663.0,654.0,663.0,7300
2019-01-17,494.201171875,660.0,662.0,658.0,662.0,6000
2019-01-18,497.19635009765625,664.0,665.0,655.0,661.0,6500
2019-01-21,492.70367431640625,658.0,666.0,658.0,664.0,11300
2019-01-22,497.19635009765625,664.0,664.0,655.0,662.0,5700
2019-01-23,494.201171875,660.0,663.0,660.0,660.0,1800
2019-01-24,503.18670654296875,672.0,672.0,660.0,660.0,5600
2019-01-25,503.9354553222656,673.0,678.0,667.0,672.0,7800
2019-01-28,498.6939392089844,666.0,682.0,666.0,671.0,8600
2019-01-29,500.9403381347656,669.0,672.0,642.0,662.0,10800
2019-01-30,497.19635009765625,664.0,669.0,664.0,669.0,3400
2019-01-31,494.201171875,660.0,676.0,658.0,670.0,13600
2019-02-01,497.9451599121094,665.0,690.0,665.0,679.0,17400
2019-02-04,506.9306335449219,677.0,687.0,666.0,666.0,7100
2019-02-05,512.9209594726562,685.0,696.0,677.0,677.0,9200
2019-02-06,513.6697387695312,686.0,694.0,681.0,694.0,12700
2019-02-07,519.6600952148438,694.0,694.0,674.0,676.0,12400
2019-02-08,511.4233703613281,683.0,690.0,677.0,685.0,7300
2019-02-12,513.6697387695312,686.0,690.0,675.0,677.0,5900
2019-02-13,518.1624145507812,692.0,694.0,685.0,688.0,7900
2019-02-14,517.4136962890625,691.0,695.0,687.0,688.0,6500
2019-02-15,512.1722412109375,684.0,693.0,684.0,693.0,3800
2019-02-18,525.650390625,702.0,709.0,686.0,686.0,11300
2019-02-19,524.901611328125,701.0,705.0,693.0,699.0,4100
2019-02-20,527.896728515625,705.0,707.0,699.0,700.0,6700
2019-02-21,539.128662109375,720.0,720.0,699.0,709.0,12200
2019-02-22,533.1383056640625,712.0,722.0,710.0,722.0,10200
2019-02-25,537.6309204101562,718.0,719.0,712.0,712.0,6200
2019-02-26,535.3846435546875,715.0,718.0,712.0,718.0,5900
2019-02-27,533.1383056640625,712.0,715.0,711.0,715.0,7900
2019-02-28,539.8773803710938,721.0,722.0,708.0,710.0,13700
2019-03-01,533.8870849609375,713.0,722.0,713.0,722.0,23900
2019-03-04,534.6358032226562,714.0,717.0,711.0,716.0,11000
2019-03-05,533.1383056640625,712.0,715.0,703.0,713.0,12300
2019-03-06,530.1431274414062,708.0,715.0,705.0,713.0,7100
2019-03-07,521.1575927734375,696.0,713.0,682.0,706.0,22700
2019-03-08,515.1673583984375,688.0,691.0,687.0,687.0,16900
2019-03-11,515.1673583984375,688.0,694.0,688.0,689.0,2300
2019-03-12,520.4088745117188,695.0,698.0,693.0,698.0,2600
2019-03-13,520.4088745117188,695.0,695.0,695.0,695.0,0
2019-03-14,521.9064331054688,697.0,700.0,693.0,693.0,2700
2019-03-15,521.9064331054688,697.0,700.0,693.0,693.0,7800
2019-03-18,525.650390625,702.0,706.0,697.0,706.0,4300
2019-03-19,527.896728515625,705.0,708.0,699.0,705.0,13600
2019-03-20,527.896728515625,705.0,708.0,705.0,705.0,6400
2019-03-22,531.6407470703125,710.0,710.0,703.0,705.0,6100
2019-03-25,529.3943481445312,707.0,709.0,696.0,706.0,12800
2019-03-26,533.1383056640625,712.0,717.0,705.0,705.0,21500
2019-03-27,545.609375,700.0,701.0,693.0,695.0,11900
2019-03-28,538.5943603515625,691.0,695.0,686.0,694.0,3900
2019-03-29,535.4765625,687.0,697.0,680.0,689.0,3900
2019-04-01,543.2710571289062,697.0,702.0,690.0,697.0,9400
2019-04-02,540.9327392578125,694.0,701.0,694.0,700.0,2800
2019-04-03,543.2710571289062,697.0,698.0,690.0,695.0,2600
2019-04-04,541.7122192382812,695.0,698.0,693.0,697.0,2400
2019-04-05,539.3738403320312,692.0,693.0,687.0,693.0,7900
2019-04-08,525.3438720703125,674.0,675.0,666.0,672.0,40300
2019-04-09,526.1233520507812,675.0,676.0,671.0,675.0,5600
2019-04-10,524.5643920898438,673.0,674.0,672.0,674.0,1600
2019-04-11,524.5643920898438,673.0,674.0,672.0,674.0,1600
2019-04-12,525.3438720703125,674.0,678.0,671.0,672.0,6300
2019-04-15,531.5794067382812,682.0,685.0,674.0,685.0,13800
2019-04-16,528.4616088867188,678.0,686.0,678.0,682.0,2200
2019-04-17,534.6971435546875,686.0,694.0,680.0,680.0,8400
2019-04-18,535.4765625,687.0,690.0,685.0,685.0,4500
2019-04-19,532.3587646484375,683.0,692.0,682.0,691.0,3500
2019-04-22,539.3738403320312,692.0,695.0,683.0,683.0,6300
2019-04-23,540.1533203125,693.0,697.0,692.0,695.0,3200
2019-04-24,521.4465942382812,669.0,694.0,668.0,694.0,12000
2019-04-25,529.2410278320312,679.0,679.0,674.0,675.0,7400
2019-04-26,523.0055541992188,671.0,678.0,671.0,674.0,4400
2019-05-07,524.5643920898438,673.0,678.0,673.0,673.0,4900
2019-05-08,520.667236328125,668.0,681.0,661.0,674.0,11400
2019-05-09,508.1961975097656,652.0,665.0,652.0,665.0,6600
2019-05-10,505.8577880859375,649.0,653.0,642.0,642.0,14800
2019-05-13,508.9755859375,653.0,666.0,649.0,650.0,4900
2019-05-14,507.4167175292969,651.0,658.0,640.0,645.0,10700
2019-05-15,484.033447265625,621.0,641.0,621.0,641.0,18500
2019-05-16,487.9306640625,626.0,631.0,622.0,622.0,9900
2019-05-17,484.8128967285156,622.0,631.0,622.0,627.0,17400
2019-05-20,484.033447265625,621.0,629.0,621.0,624.0,15500
2019-05-21,474.68017578125,609.0,624.0,609.0,621.0,10200
2019-05-22,480.13629150390625,616.0,620.0,612.0,617.0,13100
2019-05-23,474.68017578125,609.0,623.0,609.0,618.0,5800
2019-05-24,476.23907470703125,611.0,612.0,606.0,609.0,8400
2019-05-27,475.4595947265625,610.0,611.0,608.0,611.0,1700
2019-05-28,471.5623474121094,605.0,612.0,605.0,610.0,5900
2019-05-29,478.5773620605469,614.0,616.0,603.0,603.0,5300
2019-05-30,488.7101135253906,627.0,627.0,607.0,607.0,4000
2019-05-31,477.0184631347656,612.0,627.0,603.0,627.0,8000
2019-06-03,470.7828674316406,604.0,611.0,604.0,605.0,3300
2019-06-04,473.1212463378906,607.0,614.0,606.0,606.0,4400
2019-06-05,491.8278503417969,631.0,633.0,612.0,616.0,6800
2019-06-06,491.8278503417969,631.0,637.0,625.0,630.0,4000
2019-06-07,494.94561767578125,635.0,635.0,624.0,628.0,5600
2019-06-10,496.5044860839844,637.0,641.0,637.0,637.0,2500
2019-06-11,494.94561767578125,635.0,641.0,633.0,640.0,4300
2019-06-12,496.5044860839844,637.0,642.0,637.0,638.0,3200
2019-06-13,501.9605712890625,644.0,644.0,632.0,634.0,4200
2019-06-14,495.7250061035156,636.0,644.0,633.0,644.0,3100
2019-06-17,494.16619873046875,634.0,640.0,632.0,639.0,4500
2019-06-18,489.4895324707031,628.0,641.0,628.0,634.0,3300
2019-06-19,500.4017028808594,642.0,643.0,635.0,640.0,2200
2019-06-20,498.06341552734375,639.0,643.0,635.0,638.0,4500
2019-06-21,492.6073303222656,632.0,638.0,630.0,638.0,3000
2019-06-24,494.16619873046875,634.0,639.0,634.0,634.0,1200
2019-06-25,497.283935546875,638.0,641.0,633.0,639.0,2600
2019-06-26,493.3867492675781,633.0,637.0,630.0,633.0,2600
2019-06-27,495.7250061035156,636.0,643.0,636.0,640.0,4500
2019-06-28,495.7250061035156,636.0,636.0,628.0,635.0,6500
2019-07-01,494.94561767578125,635.0,642.0,627.0,642.0,6300
2019-07-02,501.9605712890625,644.0,646.0,642.0,642.0,4100
2019-07-03,503.5194396972656,646.0,646.0,641.0,643.0,2700
2019-07-04,505.8577880859375,649.0,649.0,643.0,644.0,5000
2019-07-05,505.8577880859375,649.0,651.0,646.0,651.0,4500
2019-07-08,501.18115234375,643.0,649.0,643.0,647.0,5500
2019-07-09,500.4017028808594,642.0,648.0,642.0,648.0,1100
2019-07-10,501.18115234375,643.0,647.0,643.0,644.0,4300
2019-07-11,507.4167175292969,651.0,655.0,645.0,647.0,6700
2019-07-12,512.0933837890625,657.0,659.0,652.0,654.0,7000
2019-07-16,512.0933837890625,657.0,665.0,654.0,665.0,20000
2019-07-17,513.6522827148438,659.0,659.0,652.0,655.0,6700
2019-07-18,494.16619873046875,634.0,657.0,634.0,657.0,8700
2019-07-19,498.06341552734375,639.0,644.0,635.0,635.0,4300
2019-07-22,497.283935546875,638.0,643.0,636.0,643.0,2800
2019-07-23,500.4017028808594,642.0,645.0,638.0,638.0,3900
2019-07-24,502.7400207519531,645.0,648.0,643.0,644.0,2500
2019-07-25,508.9755859375,653.0,655.0,647.0,647.0,3700
2019-07-26,514.4317016601562,660.0,662.0,657.0,658.0,7900
2019-07-29,515.211181640625,661.0,667.0,659.0,660.0,2400
2019-07-30,519.1083374023438,666.0,668.0,656.0,661.0,2100
2019-07-31,515.211181640625,661.0,667.0,661.0,661.0,2800
2019-08-01,500.4017028808594,642.0,644.0,629.0,631.0,20200
2019-08-02,484.033447265625,621.0,636.0,620.0,635.0,14600
2019-08-05,476.23907470703125,611.0,616.0,604.0,616.0,7600
2019-08-06,478.5773620605469,614.0,614.0,600.0,601.0,18500
2019-08-07,479.3568115234375,615.0,621.0,613.0,621.0,3900
2019-08-08,484.8128967285156,622.0,627.0,621.0,621.0,4700
2019-08-09,497.283935546875,638.0,638.0,628.0,629.0,10000
2019-08-13,492.6073303222656,632.0,640.0,631.0,638.0,11100
2019-08-14,500.4017028808594,642.0,642.0,634.0,636.0,7900
2019-08-15,495.7250061035156,636.0,638.0,630.0,636.0,7000
2019-08-16,503.5194396972656,646.0,646.0,633.0,635.0,8800
2019-08-19,509.75506591796875,654.0,662.0,646.0,655.0,11200
2019-08-20,506.6372375488281,650.0,655.0,650.0,655.0,6600
2019-08-21,499.6223449707031,641.0,649.0,641.0,648.0,8400
2019-08-22,503.5194396972656,646.0,649.0,643.0,643.0,2800
2019-08-23,505.07843017578125,648.0,651.0,645.0,651.0,3100
2019-08-26,493.3867492675781,633.0,643.0,629.0,643.0,7700
2019-08-27,494.16619873046875,634.0,643.0,633.0,633.0,2500
2019-08-28,497.283935546875,638.0,640.0,631.0,632.0,3400
2019-08-29,498.06341552734375,639.0,640.0,630.0,637.0,2100
2019-08-30,501.18115234375,643.0,645.0,635.0,645.0,5500
2019-09-02,495.7250061035156,636.0,645.0,636.0,640.0,2700
2019-09-03,494.94561767578125,635.0,639.0,631.0,633.0,2900
2019-09-04,496.5044860839844,637.0,643.0,633.0,633.0,5000
2019-09-05,501.9605712890625,644.0,646.0,642.0,642.0,4400
2019-09-06,499.6223449707031,641.0,648.0,640.0,648.0,4800
2019-09-09,500.4017028808594,642.0,645.0,640.0,640.0,4000
2019-09-10,504.29888916015625,647.0,649.0,639.0,639.0,4600
2019-09-11,510.5344543457031,655.0,656.0,644.0,644.0,8900
2019-09-12,510.5344543457031,655.0,658.0,651.0,652.0,5800
2019-09-13,517.5494384765625,664.0,667.0,649.0,655.0,10100
2019-09-17,513.6522827148438,659.0,670.0,655.0,670.0,6600
2019-09-18,503.5194396972656,646.0,661.0,646.0,661.0,6000
2019-09-19,506.6372375488281,650.0,653.0,644.0,651.0,15100
2019-09-20,504.29888916015625,647.0,655.0,644.0,649.0,4600
2019-09-24,508.1961975097656,652.0,657.0,650.0,651.0,3100
2019-09-25,512.8728637695312,658.0,658.0,647.0,647.0,7500
2019-09-26,515.9905395507812,662.0,664.0,655.0,664.0,10000
2019-09-27,510.5344543457031,655.0,662.0,651.0,662.0,5700
2019-09-30,502.7400207519531,645.0,652.0,642.0,651.0,4100
2019-10-01,512.8728637695312,658.0,658.0,649.0,650.0,4000
2019-10-02,515.211181640625,661.0,661.0,654.0,657.0,7200
2019-10-03,507.4167175292969,651.0,653.0,643.0,650.0,10800
2019-10-04,513.6522827148438,659.0,661.0,655.0,655.0,10100
2019-10-07,514.4317016601562,660.0,664.0,658.0,664.0,5500
2019-10-08,513.6522827148438,659.0,664.0,656.0,660.0,6500
2019-10-09,513.6522827148438,659.0,659.0,650.0,657.0,4400
2019-10-10,511.3139343261719,656.0,659.0,656.0,659.0,1500
2019-10-11,513.6522827148438,659.0,660.0,655.0,657.0,5000
2019-10-15,517.5494384765625,664.0,664.0,660.0,663.0,6700
2019-10-16,517.5494384765625,664.0,667.0,656.0,664.0,11400
2019-10-17,515.9905395507812,662.0,663.0,659.0,662.0,3000
2019-10-18,515.211181640625,661.0,665.0,659.0,662.0,6500
2019-10-21,518.3289184570312,665.0,667.0,659.0,659.0,4900
2019-10-23,521.4465942382812,669.0,672.0,665.0,668.0,9500
2019-10-24,520.667236328125,668.0,670.0,667.0,669.0,7000
2019-10-25,522.22607421875,670.0,671.0,665.0,671.0,6100
2019-10-28,522.22607421875,670.0,672.0,668.0,672.0,4300
2019-10-29,530.7999877929688,681.0,683.0,673.0,673.0,9800
2019-10-30,540.9327392578125,694.0,694.0,681.0,681.0,12000
2019-10-31,529.2410278320312,679.0,696.0,675.0,696.0,6800
2019-11-01,536.2560424804688,688.0,688.0,678.0,686.0,7200
2019-11-05,540.1533203125,693.0,698.0,686.0,697.0,18300
2019-11-06,543.2710571289062,697.0,697.0,689.0,692.0,6000
2019-11-07,538.5943603515625,691.0,697.0,690.0,693.0,5700
2019-11-08,537.8148803710938,690.0,696.0,687.0,691.0,11000
2019-11-11,544.050537109375,698.0,699.0,690.0,690.0,6300
2019-11-12,551.844970703125,708.0,708.0,693.0,693.0,14800
2019-11-13,548.7271728515625,704.0,708.0,702.0,707.0,10800
2019-11-14,547.9476318359375,703.0,709.0,689.0,704.0,12400
2019-11-15,552.624267578125,709.0,709.0,697.0,698.0,12700
2019-11-18,547.9476318359375,703.0,708.0,703.0,704.0,5500
2019-11-19,549.506591796875,705.0,706.0,698.0,703.0,6100
2019-11-20,544.050537109375,698.0,699.0,692.0,698.0,5600
2019-11-21,543.2710571289062,697.0,697.0,686.0,696.0,3700
2019-11-22,543.2710571289062,697.0,701.0,695.0,696.0,6100
2019-11-25,547.168212890625,702.0,702.0,696.0,697.0,5900
2019-11-26,543.2710571289062,697.0,703.0,697.0,702.0,5000
2019-11-27,544.050537109375,698.0,698.0,694.0,698.0,2100
2019-11-28,544.050537109375,698.0,700.0,698.0,698.0,3800
2019-11-29,544.050537109375,698.0,700.0,697.0,700.0,3100
2019-12-02,545.609375,700.0,702.0,697.0,700.0,7900
2019-12-03,540.1533203125,693.0,699.0,690.0,699.0,9100
2019-12-04,540.9327392578125,694.0,697.0,688.0,690.0,6600
2019-12-05,544.8299560546875,699.0,699.0,692.0,694.0,5600
2019-12-06,546.3888549804688,701.0,704.0,697.0,697.0,9800
2019-12-09,549.506591796875,705.0,707.0,702.0,702.0,7600
2019-12-10,547.9476318359375,703.0,705.0,702.0,704.0,4400
2019-12-11,544.8299560546875,699.0,702.0,694.0,701.0,11900
2019-12-12,547.9476318359375,703.0,703.0,697.0,700.0,6900
2019-12-13,549.506591796875,705.0,707.0,701.0,707.0,10800
2019-12-16,551.0654907226562,707.0,710.0,703.0,708.0,15900
2019-12-17,554.1831665039062,711.0,715.0,707.0,710.0,10200
2019-12-18,551.0654907226562,707.0,711.0,705.0,711.0,4300
2019-12-19,547.9476318359375,703.0,709.0,703.0,703.0,3600
2019-12-20,549.506591796875,705.0,706.0,698.0,703.0,8100
2019-12-23,549.506591796875,705.0,708.0,703.0,707.0,5900
2019-12-24,556.5216064453125,714.0,714.0,700.0,705.0,10800
2019-12-25,568.9926147460938,730.0,732.0,715.0,716.0,23300
2019-12-26,580.6842651367188,745.0,746.0,734.0,735.0,40600
2019-12-27,583.802001953125,749.0,750.0,745.0,749.0,15500
2019-12-30,596.2730102539062,765.0,765.0,748.0,753.0,19200
2020-01-06,579.9048461914062,744.0,760.0,744.0,759.0,22000
2020-01-07,586.9197998046875,753.0,755.0,748.0,752.0,11000
2020-01-08,572.1104125976562,734.0,752.0,726.0,752.0,14900
2020-01-09,576.007568359375,739.0,746.0,737.0,737.0,6300
2020-01-10,574.44873046875,737.0,742.0,736.0,739.0,11000
2020-01-14,573.6693115234375,736.0,740.0,735.0,737.0,7300
2020-01-15,567.4337768554688,728.0,736.0,726.0,736.0,6300
2020-01-16,567.4337768554688,728.0,735.0,728.0,730.0,4000
2020-01-17,566.654296875,727.0,741.0,727.0,734.0,4200
2020-01-20,574.44873046875,737.0,740.0,728.0,732.0,4100
2020-01-21,578.345947265625,742.0,744.0,737.0,737.0,8300
2020-01-22,586.1403198242188,752.0,758.0,739.0,739.0,9400
2020-01-23,586.1403198242188,752.0,753.0,746.0,750.0,8800
2020-01-24,583.802001953125,749.0,756.0,744.0,752.0,11100
2020-01-27,578.345947265625,742.0,748.0,740.0,745.0,5600
2020-01-28,573.6693115234375,736.0,743.0,734.0,740.0,5900
2020-01-29,570.5514526367188,732.0,738.0,729.0,729.0,5600
2020-01-30,551.844970703125,708.0,728.0,698.0,728.0,11700
2020-01-31,551.844970703125,708.0,730.0,708.0,723.0,5200
2020-02-03,546.3888549804688,701.0,701.0,668.0,673.0,18200
2020-02-04,534.6971435546875,686.0,701.0,683.0,701.0,10700
2020-02-05,538.5943603515625,691.0,695.0,685.0,686.0,4200
2020-02-06,544.050537109375,698.0,705.0,691.0,691.0,10100
2020-02-07,547.9476318359375,703.0,706.0,696.0,698.0,6400
2020-02-10,544.8299560546875,699.0,700.0,695.0,700.0,4000
2020-02-12,533.1383056640625,684.0,700.0,684.0,696.0,6200
2020-02-13,538.5943603515625,691.0,691.0,683.0,685.0,5100
2020-02-14,534.6971435546875,686.0,690.0,684.0,690.0,3400
2020-02-17,531.5794067382812,682.0,686.0,678.0,682.0,7400
2020-02-18,518.3289184570312,665.0,682.0,665.0,682.0,12000
2020-02-19,518.3289184570312,665.0,669.0,660.0,660.0,13100
2020-02-20,518.3289184570312,665.0,673.0,665.0,669.0,13900
2020-02-21,519.1083374023438,666.0,667.0,665.0,665.0,14900
2020-02-25,516.7699584960938,663.0,667.0,647.0,648.0,22800
2020-02-26,521.4465942382812,669.0,675.0,660.0,660.0,5900
2020-02-27,515.211181640625,661.0,681.0,659.0,665.0,12200
2020-02-28,499.6223449707031,641.0,660.0,635.0,659.0,18200
2020-03-02,495.7250061035156,636.0,658.0,618.0,618.0,17400
2020-03-03,487.1512451171875,625.0,656.0,625.0,646.0,14900
2020-03-04,484.033447265625,621.0,625.0,618.0,620.0,6700
2020-03-05,482.4745788574219,619.0,642.0,610.0,621.0,37900
2020-03-06,467.6651916503906,600.0,618.0,600.0,613.0,8900
2020-03-09,457.5324401855469,587.0,598.0,571.0,580.0,27000
2020-03-10,450.5174560546875,578.0,585.0,575.0,575.0,33700
2020-03-11,431.81085205078125,554.0,578.0,553.0,578.0,84700
2020-03-12,383.48541259765625,492.0,533.0,477.0,530.0,116800
2020-03-13,378.02935791015625,485.0,494.0,450.0,456.0,55200
2020-03-16,381.9265441894531,490.0,499.0,473.0,499.0,17300
2020-03-17,390.5004577636719,501.0,520.0,477.0,480.0,32300
2020-03-18,388.9415283203125,499.0,511.0,492.0,501.0,35700
2020-03-19,378.80877685546875,486.0,505.0,482.0,501.0,25000
2020-03-23,392.0592956542969,503.0,503.0,486.0,494.0,15700
2020-03-24,401.4126281738281,515.0,515.0,504.0,505.0,19500
2020-03-25,421.6781005859375,541.0,543.0,529.0,543.0,13900
2020-03-26,414.6631164550781,532.0,533.0,515.0,533.0,18200
2020-03-27,424.0163879394531,544.0,547.0,523.0,536.0,32500
2020-03-30,410.7658996582031,527.0,534.0,509.0,523.0,20500
2020-03-31,418.5603332519531,537.0,537.0,525.0,530.0,8500
2020-04-01,414.6631164550781,532.0,536.0,528.0,531.0,9600
2020-04-02,415.4425354003906,533.0,535.0,525.0,528.0,14200
2020-04-03,415.4425354003906,533.0,536.0,531.0,533.0,10600
2020-04-06,424.0163879394531,544.0,544.0,531.0,531.0,10300
2020-04-07,428.69305419921875,550.0,550.0,538.0,548.0,6200
2020-04-08,431.0314025878906,553.0,553.0,544.0,544.0,7900
2020-04-09,424.0163879394531,544.0,560.0,544.0,560.0,12300
2020-04-10,425.57525634765625,546.0,548.0,540.0,546.0,13000
2020-04-13,425.57525634765625,546.0,549.0,544.0,548.0,11100
2020-04-14,427.91363525390625,549.0,549.0,545.0,548.0,9900
2020-04-15,429.4725036621094,551.0,551.0,534.0,549.0,35100
2020-04-16,429.4725036621094,551.0,552.0,543.0,543.0,8500
2020-04-17,427.1341552734375,548.0,562.0,546.0,551.0,8400
2020-04-20,426.3547668457031,547.0,551.0,544.0,551.0,8000
2020-04-21,423.2369689941406,543.0,545.0,541.0,544.0,2700
2020-04-22,423.2369689941406,543.0,544.0,541.0,542.0,6600
2020-04-23,424.7958984375,545.0,547.0,543.0,547.0,1800
2020-04-24,424.7958984375,545.0,545.0,543.0,545.0,3200
2020-04-27,425.57525634765625,546.0,547.0,546.0,546.0,1200
2020-04-28,428.69305419921875,550.0,550.0,548.0,548.0,4100
2020-04-30,445.06134033203125,571.0,572.0,560.0,560.0,6700
2020-05-01,433.36968994140625,556.0,575.0,556.0,575.0,8400
2020-05-07,436.4875183105469,560.0,563.0,554.0,558.0,7200
2020-05-08,431.81085205078125,554.0,560.0,554.0,560.0,5300
2020-05-11,436.4875183105469,560.0,560.0,555.0,560.0,4000
2020-05-12,431.81085205078125,554.0,563.0,554.0,560.0,3600
2020-05-13,433.36968994140625,556.0,562.0,553.0,555.0,3700
2020-05-14,431.81085205078125,554.0,567.0,554.0,557.0,5300
2020-05-15,438.8257751464844,563.0,565.0,558.0,564.0,3100
2020-05-18,462.9885559082031,594.0,594.0,569.0,569.0,18000
2020-05-19,469.2240295410156,602.0,602.0,595.0,600.0,7600
2020-05-20,473.9007263183594,608.0,608.0,600.0,600.0,4900
2020-05-21,473.9007263183594,608.0,608.0,602.0,608.0,3200
2020-05-22,473.9007263183594,608.0,608.0,600.0,600.0,5000
2020-05-25,470.0035095214844,603.0,609.0,603.0,603.0,3600
2020-05-26,474.68017578125,609.0,609.0,603.0,603.0,5900
2020-05-27,476.23907470703125,611.0,612.0,600.0,606.0,20900
2020-05-28,489.264404296875,601.0,612.0,598.0,603.0,14100
2020-05-29,489.264404296875,601.0,605.0,588.0,600.0,17200
2020-06-01,492.5207214355469,605.0,607.0,601.0,607.0,1600
2020-06-02,492.5207214355469,605.0,606.0,602.0,605.0,2400
2020-06-03,493.33477783203125,606.0,607.0,603.0,604.0,3800
2020-06-04,492.5207214355469,605.0,605.0,603.0,603.0,1900
2020-06-05,494.9629211425781,608.0,608.0,605.0,605.0,3500
2020-06-08,494.14886474609375,607.0,608.0,603.0,608.0,4300
2020-06-09,493.33477783203125,606.0,606.0,601.0,604.0,3100
2020-06-10,491.70660400390625,604.0,610.0,603.0,603.0,6500
2020-06-11,491.70660400390625,604.0,605.0,602.0,604.0,2100
2020-06-12,489.264404296875,601.0,604.0,598.0,600.0,6400
2020-06-15,489.264404296875,601.0,606.0,601.0,606.0,1800
2020-06-16,490.8925476074219,603.0,604.0,601.0,601.0,4700
2020-06-17,487.63616943359375,599.0,603.0,599.0,603.0,7300
2020-06-18,486.8221130371094,598.0,599.0,597.0,597.0,3900
2020-06-19,486.00799560546875,597.0,599.0,596.0,596.0,4000
2020-06-22,485.1939392089844,596.0,604.0,595.0,595.0,4000
2020-06-23,483.5657958984375,594.0,595.0,587.0,587.0,18400
2020-06-24,486.00799560546875,597.0,597.0,594.0,594.0,3100
2020-06-25,482.7516784667969,593.0,597.0,592.0,592.0,1400
2020-06-26,486.00799560546875,597.0,599.0,597.0,598.0,2100
2020-06-29,483.5657958984375,594.0,598.0,594.0,597.0,3100
2020-06-30,478.6812438964844,588.0,598.0,588.0,597.0,7000
2020-07-01,477.8671875,587.0,594.0,587.0,594.0,4300
2020-07-02,475.4249572753906,584.0,587.0,584.0,587.0,3300
2020-07-03,476.23907470703125,585.0,591.0,583.0,591.0,6800
2020-07-06,477.0531311035156,586.0,590.0,585.0,587.0,2100
2020-07-07,475.4249572753906,584.0,588.0,584.0,586.0,4400
2020-07-08,471.35455322265625,579.0,586.0,579.0,586.0,5300
2020-07-09,468.0981750488281,575.0,579.0,575.0,579.0,7900
2020-07-10,468.0981750488281,575.0,583.0,575.0,575.0,5600
2020-07-13,471.35455322265625,579.0,581.0,577.0,577.0,3200
2020-07-14,473.7967529296875,582.0,584.0,579.0,579.0,9200
2020-07-15,462.39959716796875,568.0,581.0,568.0,572.0,25500
2020-07-16,465.6559143066406,572.0,573.0,568.0,571.0,6500
2020-07-17,472.982666015625,581.0,581.0,572.0,572.0,4300
2020-07-20,472.1686096191406,580.0,584.0,580.0,581.0,3600
2020-07-21,472.1686096191406,580.0,580.0,577.0,577.0,2900
2020-07-22,468.0981750488281,575.0,578.0,569.0,572.0,6700
2020-07-27,470.5404357910156,578.0,579.0,574.0,574.0,2800
2020-07-28,476.23907470703125,585.0,585.0,576.0,577.0,4200
2020-07-29,476.23907470703125,585.0,588.0,576.0,577.0,8000
2020-07-30,479.4953308105469,589.0,590.0,585.0,585.0,3100
2020-07-31,464.84185791015625,571.0,596.0,571.0,596.0,8400
2020-08-03,469.7263488769531,577.0,577.0,572.0,572.0,2700
2020-08-04,467.28411865234375,574.0,574.0,569.0,572.0,5300
2020-08-05,463.2136535644531,569.0,578.0,567.0,574.0,16900
2020-08-06,463.2136535644531,569.0,573.0,568.0,568.0,7400
2020-08-07,467.28411865234375,574.0,575.0,569.0,569.0,3200
2020-08-11,472.1686096191406,580.0,580.0,574.0,574.0,2500
2020-08-12,480.3094482421875,590.0,591.0,583.0,585.0,3600
2020-08-13,481.1235656738281,591.0,595.0,588.0,594.0,4500
2020-08-14,482.7516784667969,593.0,596.0,591.0,591.0,4100
2020-08-17,486.8221130371094,598.0,600.0,594.0,600.0,5200
2020-08-18,490.8925476074219,603.0,604.0,595.0,595.0,3000
2020-08-19,490.07843017578125,602.0,604.0,597.0,597.0,3800
2020-08-20,489.264404296875,601.0,604.0,600.0,602.0,3900
2020-08-21,490.8925476074219,603.0,604.0,600.0,600.0,6300
2020-08-24,493.33477783203125,606.0,609.0,600.0,609.0,12800
2020-08-25,494.14886474609375,607.0,609.0,604.0,606.0,3100
2020-08-26,491.70660400390625,604.0,608.0,603.0,608.0,5600
2020-08-27,495.77703857421875,609.0,609.0,604.0,608.0,3200
2020-08-28,493.33477783203125,606.0,610.0,605.0,610.0,12100
2020-08-31,490.8925476074219,603.0,611.0,602.0,602.0,7900
2020-09-01,492.5207214355469,605.0,611.0,601.0,601.0,9700
2020-09-02,497.40521240234375,611.0,615.0,608.0,615.0,4100
2020-09-03,495.77703857421875,609.0,613.0,608.0,611.0,4500
2020-09-04,494.9629211425781,608.0,616.0,607.0,609.0,7900
2020-09-07,498.2192687988281,612.0,614.0,610.0,614.0,7100
2020-09-08,498.2192687988281,612.0,618.0,612.0,614.0,8600
2020-09-09,498.2192687988281,612.0,618.0,609.0,612.0,12200
2020-09-10,505.5460205078125,621.0,627.0,613.0,619.0,12300
2020-09-11,506.3600769042969,622.0,626.0,618.0,618.0,13700
2020-09-14,512.0587158203125,629.0,629.0,625.0,626.0,4600
2020-09-15,516.9431762695312,635.0,635.0,626.0,633.0,19600
2020-09-16,515.3151245117188,633.0,636.0,630.0,635.0,5800
2020-09-17,515.3151245117188,633.0,633.0,628.0,629.0,3900
2020-09-18,515.3151245117188,633.0,635.0,633.0,633.0,4700
2020-09-23,514.5009765625,632.0,634.0,629.0,629.0,5300
2020-09-24,512.0587158203125,629.0,632.0,628.0,632.0,10100
2020-09-25,514.5009765625,632.0,632.0,629.0,629.0,6500
2020-09-28,518.5713500976562,637.0,637.0,630.0,632.0,7100
2020-09-29,522.6417846679688,642.0,645.0,631.0,637.0,5800
2020-09-30,513.6868896484375,631.0,644.0,631.0,636.0,6600
2020-10-02,518.5713500976562,637.0,646.0,630.0,641.0,10300
2020-10-05,517.7572631835938,636.0,636.0,633.0,635.0,2800
2020-10-06,514.5009765625,632.0,636.0,628.0,636.0,2700
2020-10-07,513.6868896484375,631.0,637.0,630.0,634.0,2400
2020-10-08,517.7572631835938,636.0,638.0,631.0,631.0,2600
2020-10-09,516.9431762695312,635.0,638.0,633.0,633.0,1400
2020-10-12,522.6417846679688,642.0,642.0,635.0,635.0,600
2020-10-13,531.5966796875,653.0,653.0,650.0,652.0,1900
2020-10-14,531.5966796875,653.0,654.0,649.0,653.0,4000
2020-10-15,529.968505859375,651.0,659.0,645.0,654.0,3900
2020-10-16,525.8981323242188,646.0,653.0,643.0,653.0,5000
2020-10-19,526.7122192382812,647.0,648.0,641.0,647.0,1600
2020-10-20,526.7122192382812,647.0,649.0,644.0,644.0,1100
2020-10-21,526.7122192382812,647.0,654.0,646.0,650.0,5500
2020-10-22,526.7122192382812,647.0,652.0,645.0,645.0,1400
2020-10-23,525.8981323242188,646.0,651.0,646.0,648.0,6200
2020-10-26,530.7826538085938,652.0,652.0,646.0,646.0,600
2020-10-27,530.7826538085938,652.0,652.0,644.0,644.0,1900
2020-10-28,529.1544799804688,650.0,650.0,645.0,645.0,1600
2020-10-29,526.7122192382812,647.0,653.0,647.0,653.0,3300
2020-10-30,528.34033203125,649.0,655.0,647.0,655.0,1900
2020-11-02,528.34033203125,649.0,650.0,642.0,642.0,8800
2020-11-04,528.34033203125,649.0,650.0,649.0,650.0,2000
2020-11-05,528.34033203125,649.0,649.0,644.0,646.0,4000
2020-11-06,526.7122192382812,647.0,649.0,646.0,649.0,4600
2020-11-09,529.1544799804688,650.0,650.0,640.0,647.0,5000
2020-11-10,533.224853515625,655.0,656.0,651.0,655.0,6200
2020-11-11,539.7374877929688,663.0,663.0,652.0,655.0,6800
2020-11-12,541.36572265625,665.0,669.0,665.0,669.0,2600
2020-11-13,545.4360961914062,670.0,670.0,665.0,667.0,4000
2020-11-16,545.4360961914062,670.0,670.0,668.0,670.0,5400
2020-11-17,544.6220703125,669.0,673.0,666.0,670.0,7400
2020-11-18,541.36572265625,665.0,672.0,665.0,672.0,4300
2020-11-19,547.0643310546875,672.0,672.0,670.0,670.0,2800
2020-11-20,548.6925659179688,674.0,674.0,670.0,672.0,3600
2020-11-24,551.9487915039062,678.0,679.0,670.0,676.0,7000
2020-11-25,556.0192260742188,683.0,686.0,678.0,680.0,9300
2020-11-26,562.5318603515625,691.0,691.0,683.0,683.0,4800
2020-11-27,564.1600952148438,693.0,695.0,689.0,694.0,8500
2020-11-30,556.0192260742188,683.0,694.0,683.0,693.0,12500
2020-12-01,557.6473999023438,685.0,685.0,682.0,685.0,5100
2020-12-02,566.602294921875,696.0,697.0,685.0,685.0,8700
2020-12-03,572.3008422851562,703.0,703.0,696.0,696.0,4900
2020-12-04,577.1853637695312,709.0,709.0,705.0,705.0,3600
2020-12-07,581.2559204101562,714.0,727.0,714.0,727.0,9200
2020-12-08,576.371337890625,708.0,716.0,708.0,708.0,4200
2020-12-09,567.4164428710938,697.0,715.0,695.0,709.0,10400
2020-12-10,567.4164428710938,697.0,697.0,696.0,697.0,1300
2020-12-11,575.5572509765625,707.0,707.0,696.0,702.0,7700
2020-12-14,567.4164428710938,697.0,706.0,695.0,706.0,6400
2020-12-15,569.0446166992188,699.0,703.0,695.0,700.0,5200
2020-12-16,573.9290771484375,705.0,710.0,694.0,695.0,4100
2020-12-17,577.1853637695312,709.0,715.0,705.0,705.0,1600
2020-12-18,577.1853637695312,709.0,709.0,705.0,709.0,2900
2020-12-21,574.7431640625,706.0,709.0,698.0,709.0,4800
2020-12-22,570.6727905273438,701.0,709.0,696.0,709.0,3300
2020-12-23,554.39111328125,681.0,707.0,681.0,702.0,8400
2020-12-24,539.7374877929688,663.0,680.0,661.0,680.0,7200
2020-12-25,536.4812622070312,659.0,667.0,655.0,662.0,13800
2020-12-28,523.4559326171875,643.0,656.0,640.0,656.0,8000
2020-12-29,525.8981323242188,646.0,649.0,642.0,649.0,5500
2020-12-30,524.2699584960938,644.0,649.0,642.0,646.0,3300
2021-01-04,524.2699584960938,644.0,650.0,640.0,650.0,3500
2021-01-05,521.013671875,640.0,648.0,640.0,648.0,4100
2021-01-06,528.34033203125,649.0,650.0,641.0,641.0,2900
2021-01-07,530.7826538085938,652.0,659.0,649.0,654.0,5500
2021-01-08,551.1346435546875,677.0,678.0,650.0,650.0,7500
2021-01-12,547.0643310546875,672.0,678.0,669.0,669.0,5900
2021-01-13,559.2755737304688,687.0,695.0,673.0,673.0,3400
2021-01-14,562.5318603515625,691.0,735.0,686.0,735.0,22100
2021-01-15,559.2755737304688,687.0,697.0,684.0,697.0,4600
2021-01-18,559.2755737304688,687.0,697.0,687.0,697.0,4600
2021-01-19,564.97412109375,694.0,704.0,690.0,704.0,3300
2021-01-20,570.6727905273438,701.0,703.0,690.0,690.0,3600
2021-01-21,569.0446166992188,699.0,707.0,698.0,707.0,3400
2021-01-22,568.23046875,698.0,703.0,698.0,703.0,3800
2021-01-25,569.8587036132812,700.0,704.0,698.0,698.0,2500
2021-01-26,572.3008422851562,703.0,703.0,698.0,703.0,5100
2021-01-27,567.4164428710938,697.0,704.0,697.0,703.0,7300
2021-01-28,573.114990234375,704.0,704.0,695.0,696.0,27800
2021-01-29,569.8587036132812,700.0,705.0,695.0,705.0,4000
2021-02-01,569.8587036132812,700.0,700.0,695.0,695.0,3300
2021-02-02,569.8587036132812,700.0,706.0,697.0,706.0,3000
2021-02-03,578.8135375976562,711.0,716.0,704.0,704.0,8500
2021-02-04,579.6277465820312,712.0,715.0,705.0,715.0,5700
2021-02-05,582.0699462890625,715.0,716.0,710.0,712.0,4600
2021-02-08,583.6980590820312,717.0,717.0,704.0,704.0,8600
2021-02-09,583.6980590820312,717.0,717.0,709.0,717.0,8200
2021-02-10,586.1403198242188,720.0,721.0,716.0,721.0,2800
2021-02-12,584.5121459960938,718.0,720.0,715.0,720.0,2600
2021-02-15,580.4417724609375,713.0,714.0,706.0,714.0,7200
2021-02-16,577.1853637695312,709.0,711.0,705.0,706.0,8500
2021-02-17,570.6727905273438,701.0,709.0,701.0,709.0,10000
2021-02-18,570.6727905273438,701.0,704.0,700.0,702.0,4700
2021-02-19,570.6727905273438,701.0,702.0,698.0,700.0,3600
2021-02-22,570.6727905273438,701.0,705.0,701.0,702.0,4600
2021-02-24,571.48681640625,702.0,708.0,700.0,701.0,7100
2021-02-25,568.23046875,698.0,707.0,698.0,707.0,4700
2021-02-26,569.0446166992188,699.0,702.0,696.0,698.0,7300
2021-03-01,571.48681640625,702.0,705.0,701.0,705.0,4200
2021-03-02,575.5572509765625,707.0,707.0,701.0,704.0,4800
2021-03-03,573.114990234375,704.0,711.0,701.0,711.0,7400
2021-03-04,572.3008422851562,703.0,706.0,699.0,704.0,6300
2021-03-05,571.48681640625,702.0,703.0,697.0,703.0,4300
2021-03-08,580.4417724609375,713.0,713.0,702.0,705.0,8400
2021-03-09,594.2811889648438,730.0,730.0,707.0,709.0,10000
2021-03-10,586.1403198242188,720.0,720.0,715.0,720.0,6200
2021-03-11,583.6980590820312,717.0,720.0,712.0,716.0,5900
2021-03-12,583.6980590820312,717.0,726.0,714.0,726.0,10000
2021-03-15,583.6980590820312,717.0,725.0,712.0,717.0,10200
2021-03-16,599.1656494140625,736.0,736.0,715.0,716.0,6700
2021-03-17,609.7487182617188,749.0,749.0,737.0,737.0,4900
2021-03-18,608.9346313476562,748.0,750.0,741.0,750.0,13700
2021-03-19,603.236083984375,741.0,748.0,728.0,728.0,12500
2021-03-22,608.9346313476562,748.0,748.0,741.0,741.0,5700
2021-03-23,604.0502319335938,742.0,747.0,739.0,745.0,4600
2021-03-24,599.979736328125,737.0,742.0,734.0,739.0,4200
2021-03-25,608.9346313476562,748.0,748.0,740.0,745.0,6900
2021-03-26,605.6784057617188,744.0,748.0,737.0,748.0,9900
2021-03-29,607.3065185546875,746.0,748.0,736.0,748.0,10700
2021-03-30,607.3064575195312,733.0,744.0,733.0,744.0,8200
2021-03-31,604.8209228515625,730.0,743.0,730.0,731.0,6400
2021-04-01,606.4779663085938,732.0,739.0,729.0,738.0,6400
2021-04-02,608.135009765625,734.0,739.0,731.0,733.0,5200
2021-04-05,608.9635009765625,735.0,735.0,732.0,733.0,2500
2021-04-06,605.6494750976562,731.0,737.0,729.0,732.0,8500
2021-04-07,609.7920532226562,736.0,738.0,729.0,732.0,6000
2021-04-08,607.3064575195312,733.0,739.0,732.0,737.0,5300
2021-04-09,606.4779663085938,732.0,739.0,732.0,734.0,2600
2021-04-12,608.9635009765625,735.0,738.0,733.0,733.0,1100
2021-04-13,608.9635009765625,735.0,739.0,735.0,737.0,1400
2021-04-14,610.62060546875,737.0,737.0,732.0,735.0,1400
2021-04-15,608.9635009765625,735.0,738.0,734.0,736.0,1900
2021-04-16,607.3064575195312,733.0,738.0,733.0,733.0,600
2021-04-19,607.3064575195312,733.0,735.0,730.0,730.0,3800
2021-04-20,603.992431640625,729.0,733.0,729.0,730.0,2500
2021-04-21,603.992431640625,729.0,733.0,725.0,725.0,3500
2021-04-22,601.5068359375,726.0,733.0,719.0,733.0,11000
2021-04-23,594.8786010742188,718.0,724.0,712.0,720.0,2200
2021-04-26,593.2216186523438,716.0,720.0,714.0,717.0,5000
2021-04-27,589.9075927734375,712.0,716.0,712.0,712.0,3200
2021-04-28,588.25048828125,710.0,718.0,710.0,712.0,3700
2021-04-30,587.4219360351562,709.0,714.0,709.0,709.0,3100
2021-05-06,587.4219360351562,709.0,715.0,709.0,713.0,3400
2021-05-07,588.25048828125,710.0,716.0,709.0,709.0,6200
2021-05-10,594.0501098632812,717.0,719.0,710.0,710.0,1500
2021-05-11,588.25048828125,710.0,718.0,710.0,718.0,4700
2021-05-12,587.4219360351562,709.0,716.0,709.0,711.0,1700
2021-05-13,582.4508056640625,703.0,711.0,697.0,709.0,10500
2021-05-14,606.4779663085938,732.0,748.0,722.0,748.0,15800
2021-05-17,598.1928100585938,722.0,732.0,720.0,732.0,7700
2021-05-18,597.3643188476562,721.0,725.0,716.0,725.0,7700
2021-05-19,607.3064575195312,733.0,737.0,721.0,722.0,10800
2021-05-20,604.8209228515625,730.0,730.0,727.0,729.0,4700
2021-05-21,608.9635009765625,735.0,738.0,735.0,735.0,2500
2021-05-24,607.3064575195312,733.0,736.0,725.0,735.0,6300
2021-05-25,606.4779663085938,732.0,736.0,724.0,736.0,2500
2021-05-26,605.6494750976562,731.0,735.0,729.0,729.0,1700
2021-05-27,606.4779663085938,732.0,735.0,730.0,731.0,1900
2021-05-28,621.3912963867188,750.0,750.0,731.0,731.0,9500
2021-05-31,613.9346923828125,741.0,747.0,736.0,747.0,5000
2021-06-01,634.647705078125,766.0,795.0,760.0,760.0,65200
2021-06-02,637.9618530273438,770.0,771.0,751.0,760.0,10900
2021-06-03,629.6766357421875,760.0,769.0,757.0,758.0,7500
2021-06-04,627.1910400390625,757.0,767.0,757.0,757.0,2400
2021-06-07,608.9635009765625,735.0,758.0,734.0,758.0,6900
2021-06-08,611.4491577148438,738.0,750.0,735.0,750.0,6900
2021-06-09,606.4779663085938,732.0,742.0,731.0,742.0,4800
2021-06-10,611.4491577148438,738.0,740.0,730.0,738.0,6900
2021-06-11,618.9058227539062,747.0,747.0,735.0,741.0,10700
2021-06-14,628.8480834960938,759.0,759.0,747.0,747.0,4700
2021-06-15,622.2198486328125,751.0,759.0,751.0,754.0,3300
2021-06-16,622.2198486328125,751.0,759.0,751.0,754.0,2900
2021-06-17,616.4202880859375,744.0,751.0,741.0,751.0,5700
2021-06-18,616.4202880859375,744.0,750.0,743.0,746.0,2700
2021-06-21,602.3353881835938,727.0,747.0,727.0,741.0,10400
2021-06-22,609.7920532226562,736.0,739.0,733.0,739.0,2900
2021-06-23,619.7343139648438,748.0,748.0,736.0,736.0,4600
2021-06-24,624.7055053710938,754.0,754.0,744.0,745.0,4200
2021-06-25,626.3624877929688,756.0,760.0,754.0,754.0,4900
2021-06-28,633.8191528320312,765.0,765.0,757.0,757.0,5400
2021-06-29,632.162109375,763.0,764.0,760.0,763.0,4400
2021-06-30,626.3624877929688,756.0,767.0,752.0,762.0,5000
2021-07-01,622.2198486328125,751.0,760.0,750.0,759.0,5800
2021-07-02,628.01953125,758.0,758.0,753.0,758.0,3900
2021-07-05,634.647705078125,766.0,769.0,756.0,756.0,4800
2021-07-06,637.9618530273438,770.0,770.0,762.0,766.0,9200
2021-07-07,621.3912963867188,750.0,779.0,750.0,767.0,42900
2021-07-08,622.2198486328125,751.0,770.0,742.0,750.0,34100
2021-07-09,625.5340576171875,755.0,761.0,750.0,750.0,13300
2021-07-12,631.3336791992188,762.0,763.0,757.0,763.0,4500
2021-07-13,635.4761962890625,767.0,768.0,757.0,762.0,8100
2021-07-14,635.4761962890625,767.0,769.0,762.0,765.0,3200
2021-07-15,637.9618530273438,770.0,771.0,765.0,771.0,11100
2021-07-16,637.9618530273438,770.0,771.0,768.0,770.0,3800
2021-07-19,628.8480834960938,759.0,771.0,759.0,771.0,9400
2021-07-20,626.3624877929688,756.0,760.0,750.0,755.0,2800
2021-07-21,636.3047485351562,768.0,768.0,762.0,764.0,3000
2021-07-26,642.1044311523438,775.0,780.0,768.0,780.0,11900
2021-07-27,642.1044311523438,775.0,776.0,772.0,776.0,5000
2021-07-28,642.9329223632812,776.0,777.0,774.0,776.0,3700
2021-07-29,647.904052734375,782.0,782.0,775.0,778.0,12500
2021-07-30,628.01953125,758.0,783.0,756.0,783.0,14300
2021-08-02,658.6748657226562,795.0,799.0,781.0,798.0,17600
2021-08-03,654.5322265625,790.0,795.0,785.0,795.0,6300
2021-08-04,644.5899658203125,778.0,790.0,778.0,790.0,6900
2021-08-05,639.618896484375,772.0,780.0,772.0,777.0,6800
2021-08-06,635.4761962890625,767.0,773.0,761.0,773.0,7400
2021-08-10,645.4185180664062,779.0,782.0,772.0,777.0,9200
2021-08-11,650.3896484375,785.0,790.0,777.0,782.0,11200
2021-08-12,648.7325439453125,783.0,787.0,778.0,784.0,5200
2021-08-13,652.0467529296875,787.0,790.0,782.0,785.0,3100
2021-08-16,643.761474609375,777.0,790.0,777.0,790.0,6700
2021-08-17,643.761474609375,777.0,805.0,771.0,778.0,27300
2021-08-18,642.1044311523438,775.0,788.0,775.0,779.0,10100
2021-08-19,643.761474609375,777.0,783.0,774.0,776.0,7000
2021-08-20,633.8191528320312,765.0,782.0,765.0,782.0,10900
2021-08-23,640.4473876953125,773.0,774.0,763.0,774.0,7900
2021-08-24,637.13330078125,769.0,780.0,768.0,774.0,6500
2021-08-25,641.2759399414062,774.0,777.0,766.0,771.0,10500
2021-08-26,642.1044311523438,775.0,777.0,772.0,775.0,8300
2021-08-27,637.9618530273438,770.0,777.0,770.0,775.0,2900
2021-08-30,639.618896484375,772.0,777.0,772.0,774.0,5000
2021-08-31,642.9329223632812,776.0,779.0,770.0,773.0,4100
2021-09-01,644.5899658203125,778.0,778.0,771.0,778.0,5900
2021-09-02,641.2759399414062,774.0,779.0,774.0,778.0,1800
2021-09-03,647.904052734375,782.0,786.0,775.0,775.0,14500
2021-09-06,654.5322265625,790.0,790.0,785.0,789.0,4500
2021-09-07,658.6748657226562,795.0,795.0,786.0,789.0,8000
2021-09-08,661.9888916015625,799.0,799.0,787.0,795.0,8600
2021-09-09,666.9600830078125,805.0,806.0,799.0,799.0,10300
2021-09-10,679.387939453125,820.0,820.0,805.0,808.0,19400
2021-09-13,678.5593872070312,819.0,820.0,813.0,820.0,11700
2021-09-14,680.2164306640625,821.0,822.0,811.0,816.0,14000
2021-09-15,678.5593872070312,819.0,823.0,794.0,808.0,17900
2021-09-16,681.8734130859375,823.0,825.0,813.0,820.0,13200
2021-09-17,686.8446044921875,829.0,829.0,819.0,825.0,19000
2021-09-21,684.3590698242188,826.0,831.0,812.0,812.0,25500
2021-09-22,683.530517578125,825.0,830.0,824.0,829.0,6600
2021-09-24,687.673095703125,830.0,833.0,823.0,832.0,11200
2021-09-27,684.3590698242188,826.0,831.0,824.0,831.0,6500
2021-09-28,686.01611328125,828.0,828.0,815.0,825.0,6900
2021-09-29,677.7308349609375,818.0,828.0,817.0,823.0,10800
2021-09-30,679.387939453125,820.0,822.0,816.0,820.0,6100
2021-10-01,675.2453002929688,815.0,820.0,812.0,820.0,6600
2021-10-04,668.6171264648438,807.0,822.0,800.0,822.0,9800
2021-10-05,671.9312133789062,811.0,813.0,791.0,796.0,13100
2021-10-06,673.5882568359375,813.0,815.0,808.0,814.0,6900
2021-10-07,677.7308349609375,818.0,818.0,809.0,813.0,5500
2021-10-08,681.8734130859375,823.0,823.0,816.0,816.0,10300
2021-10-11,681.8734130859375,823.0,829.0,817.0,829.0,12400
2021-10-12,670.2742309570312,809.0,823.0,809.0,823.0,8100
2021-10-13,668.6171264648438,807.0,825.0,797.0,809.0,21600
2021-10-14,666.9600830078125,805.0,810.0,801.0,805.0,4600
2021-10-15,663.64599609375,801.0,804.0,772.0,800.0,32700
2021-10-18,668.6171264648438,807.0,810.0,801.0,810.0,8700
2021-10-19,665.3030395507812,803.0,809.0,800.0,809.0,8500
2021-10-20,662.8174438476562,800.0,807.0,800.0,801.0,4000
2021-10-21,666.131591796875,804.0,810.0,796.0,800.0,13100
2021-10-22,670.2742309570312,809.0,809.0,800.0,800.0,4500
2021-10-25,668.6171264648438,807.0,809.0,805.0,809.0,2200
2021-10-26,668.6171264648438,807.0,810.0,801.0,810.0,3800
2021-10-27,671.1026611328125,810.0,811.0,801.0,803.0,5900
2021-10-28,709.2147216796875,856.0,856.0,806.0,807.0,53300
2021-10-29,705.9005737304688,852.0,862.0,844.0,844.0,21400
2021-11-01,710.8717651367188,858.0,858.0,838.0,850.0,31300
2021-11-02,713.3572998046875,861.0,861.0,852.0,857.0,17100
2021-11-04,715.8427734375,864.0,864.0,857.0,861.0,17500
2021-11-05,710.8717651367188,858.0,864.0,852.0,864.0,15100
2021-11-08,712.52880859375,860.0,865.0,858.0,865.0,6800
2021-11-09,710.043212890625,857.0,861.0,848.0,860.0,10500
2021-11-10,690.9871826171875,834.0,854.0,833.0,853.0,11600
2021-11-11,688.5015869140625,831.0,835.0,824.0,825.0,6300
2021-11-12,696.7869262695312,841.0,841.0,832.0,833.0,8100
2021-11-15,700.929443359375,846.0,848.0,839.0,848.0,8500
2021-11-16,703.4150390625,849.0,856.0,843.0,849.0,7300
2021-11-17,700.929443359375,846.0,850.0,842.0,850.0,4200
2021-11-18,692.644287109375,836.0,848.0,836.0,842.0,4000
2021-11-19,699.2723999023438,844.0,844.0,830.0,836.0,8000
2021-11-22,695.9583129882812,840.0,841.0,837.0,837.0,1900
2021-11-24,693.4727783203125,837.0,840.0,834.0,834.0,3000
2021-11-25,700.1009521484375,845.0,845.0,837.0,837.0,5600
2021-11-26,687.673095703125,830.0,844.0,830.0,844.0,6900
2021-11-29,673.5882568359375,813.0,822.0,812.0,820.0,7100
2021-11-30,660.3318481445312,797.0,819.0,797.0,813.0,6600
2021-12-01,662.8174438476562,800.0,804.0,790.0,791.0,9000
2021-12-02,669.4456176757812,808.0,812.0,795.0,795.0,8000
2021-12-03,675.2453002929688,815.0,816.0,808.0,814.0,9200
2021-12-06,671.9312133789062,811.0,813.0,808.0,809.0,4000
2021-12-07,678.5593872070312,819.0,819.0,815.0,816.0,13700
2021-12-08,686.01611328125,828.0,828.0,815.0,819.0,6500
2021-12-09,687.673095703125,830.0,830.0,820.0,820.0,3100
2021-12-10,684.3590698242188,826.0,837.0,826.0,833.0,6300
2021-12-13,691.8157348632812,835.0,835.0,831.0,833.0,4300
2021-12-14,697.6154174804688,842.0,843.0,834.0,835.0,6000
2021-12-15,705.072021484375,851.0,853.0,843.0,843.0,6900
2021-12-16,703.4150390625,849.0,854.0,845.0,851.0,4200
2021-12-17,700.1009521484375,845.0,852.0,841.0,850.0,7300
2021-12-20,696.7869262695312,841.0,850.0,839.0,847.0,5500
2021-12-21,695.9583129882812,840.0,844.0,837.0,841.0,2200
2021-12-22,690.9871826171875,834.0,842.0,832.0,842.0,4100
2021-12-23,695.9583129882812,840.0,842.0,834.0,834.0,2100
2021-12-24,695.1298217773438,839.0,848.0,836.0,848.0,3800
2021-12-27,695.9583129882812,840.0,842.0,835.0,842.0,2500
2021-12-28,705.072021484375,851.0,855.0,847.0,849.0,8900
2021-12-29,708.3861694335938,855.0,856.0,844.0,852.0,7800
2021-12-30,705.9005737304688,852.0,859.0,849.0,856.0,4800
2022-01-04,726.6136474609375,877.0,877.0,861.0,873.0,19600
2022-01-05,724.9566650390625,875.0,884.0,869.0,880.0,11700
2022-01-06,719.9854736328125,869.0,871.0,863.0,864.0,4600
2022-01-07,718.3284301757812,867.0,874.0,862.0,874.0,6200
2022-01-11,718.3284301757812,867.0,870.0,866.0,870.0,4500
2022-01-12,718.3284301757812,867.0,869.0,864.0,867.0,3300
2022-01-13,716.67138671875,865.0,867.0,865.0,867.0,2200
2022-01-14,714.1858520507812,862.0,863.0,858.0,860.0,7800
2022-01-17,717.4998779296875,866.0,870.0,862.0,869.0,6800
2022-01-18,717.4998779296875,866.0,869.0,865.0,868.0,2800
2022-01-19,683.530517578125,825.0,868.0,822.0,866.0,19900
2022-01-20,696.7869262695312,841.0,845.0,825.0,825.0,7800
2022-01-21,695.9583129882812,840.0,840.0,830.0,832.0,4300
2022-01-24,700.1009521484375,845.0,845.0,834.0,838.0,5800
2022-01-25,684.3590698242188,826.0,860.0,812.0,860.0,11600
2022-01-26,687.673095703125,830.0,830.0,825.0,826.0,3700
2022-01-27,661.9888916015625,799.0,835.0,799.0,835.0,18600
2022-01-28,680.2164306640625,821.0,826.0,802.0,812.0,8900
2022-01-31,700.929443359375,846.0,846.0,826.0,829.0,7900
2022-02-01,690.9871826171875,834.0,853.0,834.0,851.0,10800
2022-02-02,708.3861694335938,855.0,856.0,829.0,842.0,5500
2022-02-03,698.4439086914062,843.0,856.0,843.0,848.0,5900
2022-02-04,700.1009521484375,845.0,849.0,841.0,843.0,5300
2022-02-07,695.9583129882812,840.0,850.0,840.0,850.0,3300
2022-02-08,699.2723999023438,844.0,846.0,841.0,842.0,3200
2022-02-09,702.5864868164062,848.0,848.0,839.0,844.0,6800
2022-02-10,707.5576782226562,854.0,854.0,850.0,850.0,6200
2022-02-14,707.5576782226562,854.0,855.0,844.0,844.0,6000
2022-02-15,697.6154174804688,842.0,854.0,842.0,854.0,6000
2022-02-16,701.7579956054688,847.0,850.0,842.0,850.0,4100
2022-02-17,695.1298217773438,839.0,849.0,826.0,849.0,5800
2022-02-18,700.1009521484375,845.0,847.0,829.0,829.0,1800
2022-02-21,691.8157348632812,835.0,843.0,826.0,830.0,9200
2022-02-22,676.0737915039062,816.0,829.0,810.0,825.0,11800
2022-02-24,670.2742309570312,809.0,823.0,801.0,817.0,14300
2022-02-25,675.2453002929688,815.0,823.0,809.0,816.0,12400
2022-02-28,683.530517578125,825.0,829.0,816.0,816.0,4600
2022-03-01,686.01611328125,828.0,833.0,824.0,829.0,11000
2022-03-02,682.7019653320312,824.0,830.0,819.0,825.0,7100
2022-03-03,688.5015869140625,831.0,832.0,830.0,832.0,2400
2022-03-04,688.5015869140625,831.0,838.0,818.0,831.0,7900
2022-03-07,680.2164306640625,821.0,832.0,815.0,832.0,5700
2022-03-08,669.4456176757812,808.0,825.0,801.0,813.0,9200
2022-03-09,661.160400390625,798.0,815.0,798.0,815.0,9800
2022-03-10,676.90234375,817.0,817.0,805.0,808.0,13300
2022-03-11,675.2453002929688,815.0,819.0,804.0,804.0,8400
2022-03-14,675.2453002929688,815.0,822.0,814.0,818.0,4100
2022-03-15,681.8734130859375,823.0,823.0,814.0,817.0,7400
2022-03-16,688.5015869140625,831.0,834.0,827.0,834.0,5100
2022-03-17,695.1298217773438,839.0,839.0,826.0,838.0,7800
2022-03-18,691.8157348632812,835.0,841.0,831.0,835.0,5000
2022-03-22,691.8157348632812,835.0,840.0,832.0,835.0,10400
2022-03-23,704.2435302734375,850.0,850.0,836.0,836.0,8500
2022-03-24,705.9005737304688,852.0,852.0,843.0,845.0,5000
2022-03-25,695.9583129882812,840.0,853.0,840.0,853.0,5700
2022-03-28,698.4439086914062,843.0,846.0,834.0,846.0,6000
2022-03-29,705.9005737304688,852.0,852.0,839.0,842.0,12700
2022-03-30,725.8953247070312,835.0,835.0,820.0,830.0,10500
2022-03-31,717.2019653320312,825.0,834.0,825.0,827.0,5900
2022-04-01,716.3326416015625,824.0,832.0,824.0,827.0,4500
2022-04-04,724.1566772460938,833.0,837.0,828.0,830.0,4600
2022-04-05,714.593994140625,822.0,830.0,822.0,830.0,5600
2022-04-06,703.2926025390625,809.0,826.0,805.0,820.0,12600
2022-04-07,682.4285888671875,785.0,804.0,784.0,801.0,15600
2022-04-08,674.6044921875,776.0,797.0,774.0,793.0,6500
2022-04-11,676.3431396484375,778.0,785.0,771.0,771.0,5600
2022-04-12,665.0418090820312,765.0,778.0,765.0,772.0,9900
2022-04-13,672.8659057617188,774.0,774.0,763.0,763.0,7100
2022-04-14,684.167236328125,787.0,789.0,783.0,783.0,2800
2022-04-15,680.6898803710938,783.0,789.0,781.0,787.0,3100
2022-04-18,671.127197265625,772.0,783.0,769.0,783.0,5700
2022-04-19,672.8659057617188,774.0,780.0,771.0,772.0,3600
2022-04-20,678.0818481445312,780.0,784.0,772.0,783.0,3300
2022-04-21,686.7752075195312,790.0,790.0,780.0,780.0,2400
2022-04-22,679.820556640625,782.0,790.0,780.0,782.0,5400
2022-04-25,682.4285888671875,785.0,789.0,771.0,789.0,6200
2022-04-26,684.167236328125,787.0,787.0,782.0,785.0,2100
2022-04-27,666.7804565429688,767.0,784.0,767.0,780.0,8500
2022-04-28,678.0818481445312,780.0,785.0,763.0,770.0,7700
2022-05-02,681.5592041015625,784.0,790.0,778.0,780.0,4500
2022-05-06,687.64453125,791.0,793.0,784.0,790.0,4800
2022-05-09,681.5592041015625,784.0,796.0,784.0,796.0,3300
2022-05-10,676.3431396484375,778.0,785.0,775.0,783.0,5100
2022-05-11,678.0818481445312,780.0,782.0,776.0,779.0,1600
2022-05-12,675.473876953125,777.0,785.0,776.0,779.0,3200
2022-05-13,680.6898803710938,783.0,793.0,774.0,774.0,4900
2022-05-16,658.087158203125,757.0,760.0,741.0,760.0,18100
2022-05-17,651.1325073242188,749.0,759.0,742.0,747.0,7100
2022-05-18,652.0017700195312,750.0,750.0,740.0,744.0,7200
2022-05-19,645.9164428710938,743.0,753.0,734.0,734.0,4900
2022-05-20,645.047119140625,742.0,748.0,738.0,743.0,5400
2022-05-23,654.6098022460938,753.0,753.0,745.0,746.0,5600
2022-05-24,641.56982421875,738.0,749.0,738.0,738.0,8200
2022-05-25,645.9164428710938,743.0,743.0,730.0,738.0,4200
2022-05-26,642.4390869140625,739.0,753.0,739.0,748.0,5900
2022-05-27,648.5244750976562,746.0,747.0,742.0,743.0,3200
2022-05-30,648.5244750976562,746.0,760.0,746.0,753.0,11400
2022-05-31,637.2230834960938,733.0,741.0,726.0,731.0,15600
2022-06-01,645.047119140625,742.0,745.0,731.0,734.0,5000
2022-06-02,645.9164428710938,743.0,748.0,738.0,741.0,1500
2022-06-03,646.7858276367188,744.0,750.0,743.0,750.0,5800
2022-06-06,645.047119140625,742.0,752.0,738.0,750.0,8500
2022-06-07,646.7858276367188,744.0,752.0,737.0,744.0,11100
2022-06-08,652.8711547851562,751.0,754.0,743.0,748.0,4900
2022-06-09,671.127197265625,772.0,775.0,750.0,750.0,11800
2022-06-10,663.3031616210938,763.0,773.0,763.0,764.0,8400
2022-06-13,643.3084716796875,740.0,761.0,740.0,761.0,10000
2022-06-14,636.353759765625,732.0,740.0,726.0,740.0,5200
2022-06-15,635.4844360351562,731.0,739.0,731.0,738.0,6800
2022-06-16,630.2684326171875,725.0,739.0,725.0,733.0,6500
2022-06-17,629.3990478515625,724.0,728.0,721.0,725.0,5700
2022-06-20,612.0123291015625,704.0,723.0,704.0,723.0,7000
2022-06-21,620.7057495117188,714.0,717.0,705.0,705.0,5500
2022-06-22,617.2283935546875,710.0,719.0,710.0,719.0,5700
2022-06-23,617.2283935546875,710.0,717.0,710.0,715.0,1900
2022-06-24,630.2684326171875,725.0,725.0,714.0,714.0,1900
2022-06-27,627.660400390625,722.0,735.0,722.0,735.0,3900
2022-06-28,618.0977172851562,711.0,717.0,708.0,708.0,13700
2022-06-29,616.3590087890625,709.0,713.0,709.0,712.0,9600
2022-06-30,613.7510375976562,706.0,711.0,706.0,710.0,9200
2022-07-01,611.1430053710938,703.0,710.0,702.0,710.0,13200
2022-07-04,617.2283935546875,710.0,712.0,705.0,711.0,3300
2022-07-05,616.3590087890625,709.0,719.0,709.0,713.0,7700
2022-07-06,613.7510375976562,706.0,712.0,706.0,712.0,3100
2022-07-07,611.1430053710938,703.0,713.0,703.0,713.0,4200
2022-07-08,609.4043579101562,701.0,708.0,701.0,703.0,12400
2022-07-11,609.4043579101562,701.0,714.0,701.0,707.0,6800
2022-07-12,611.1430053710938,703.0,706.0,700.0,704.0,5200
2022-07-13,611.1430053710938,703.0,711.0,703.0,704.0,5600
2022-07-14,614.6203002929688,707.0,709.0,704.0,704.0,5100
2022-07-15,613.7510375976562,706.0,718.0,703.0,718.0,24200
2022-07-19,611.1430053710938,703.0,712.0,703.0,710.0,5900
2022-07-20,612.8817138671875,705.0,709.0,703.0,709.0,6200
2022-07-21,614.6203002929688,707.0,707.0,701.0,705.0,6100
2022-07-22,614.6203002929688,707.0,711.0,707.0,709.0,6300
2022-07-25,618.967041015625,712.0,716.0,709.0,714.0,10300
2022-07-26,622.4443969726562,716.0,717.0,711.0,712.0,3400
2022-07-27,620.7057495117188,714.0,717.0,713.0,717.0,2500
2022-07-28,614.6203002929688,707.0,713.0,704.0,708.0,14600
2022-07-29,613.7510375976562,706.0,710.0,705.0,705.0,3000
2022-08-01,612.0123291015625,704.0,711.0,701.0,711.0,16600
2022-08-02,605.0576171875,696.0,705.0,696.0,705.0,15900
2022-08-03,605.0576171875,696.0,700.0,696.0,697.0,5100
2022-08-04,606.7963256835938,698.0,701.0,697.0,700.0,4200
2022-08-05,605.9270629882812,697.0,700.0,697.0,698.0,4700
2022-08-08,602.4496459960938,693.0,698.0,692.0,692.0,13900
2022-08-09,602.4496459960938,693.0,695.0,691.0,693.0,9700
2022-08-10,600.7109985351562,691.0,695.0,691.0,692.0,3600
2022-08-12,606.7963256835938,698.0,699.0,692.0,692.0,11600
2022-08-15,606.7963256835938,698.0,701.0,695.0,698.0,4500
2022-08-16,603.3190307617188,694.0,697.0,691.0,697.0,14600
2022-08-17,604.1883544921875,695.0,698.0,692.0,694.0,6300
2022-08-18,604.1883544921875,695.0,698.0,693.0,693.0,6400
2022-08-19,605.9270629882812,697.0,698.0,695.0,695.0,3200
2022-08-22,608.5350341796875,700.0,702.0,694.0,694.0,6300
2022-08-23,604.1883544921875,695.0,699.0,692.0,697.0,7200
2022-08-24,603.3190307617188,694.0,699.0,694.0,694.0,5900
2022-08-25,606.7963256835938,698.0,700.0,695.0,700.0,3100
2022-08-26,609.4043579101562,701.0,701.0,696.0,698.0,4900
2022-08-29,604.1883544921875,695.0,699.0,693.0,696.0,6600
2022-08-30,608.5350341796875,700.0,700.0,695.0,695.0,2400
2022-08-31,605.0576171875,696.0,698.0,694.0,694.0,6000
2022-09-01,600.7109985351562,691.0,694.0,691.0,694.0,10000
2022-09-02,597.233642578125,687.0,694.0,683.0,691.0,13400
2022-09-05,598.1029052734375,688.0,691.0,685.0,687.0,6200
2022-09-06,598.1029052734375,688.0,690.0,685.0,688.0,7200
2022-09-07,591.1482543945312,680.0,686.0,680.0,685.0,10900
2022-09-08,598.1029052734375,688.0,689.0,681.0,681.0,9000
2022-09-09,594.6256713867188,684.0,687.0,683.0,684.0,10100
2022-09-12,598.1029052734375,688.0,690.0,685.0,685.0,6500
2022-09-13,596.3643798828125,686.0,688.0,685.0,686.0,5900
2022-09-14,593.75634765625,683.0,686.0,678.0,683.0,21400
2022-09-15,590.2789306640625,679.0,683.0,676.0,683.0,9500
2022-09-16,585.9322509765625,674.0,679.0,674.0,678.0,9000
2022-09-20,584.1936645507812,672.0,679.0,672.0,676.0,20000
2022-09-21,583.3242797851562,671.0,675.0,671.0,671.0,7000
2022-09-22,578.1082763671875,665.0,672.0,665.0,670.0,14000
2022-09-26,572.0228881835938,658.0,661.0,653.0,661.0,21100
2022-09-27,571.153564453125,657.0,661.0,656.0,659.0,9000
2022-09-28,577.2389526367188,664.0,664.0,654.0,658.0,14700
2022-09-29,581.5855712890625,669.0,674.0,664.0,674.0,8400
2022-09-30,580.7162475585938,668.0,671.0,662.0,663.0,11800
2022-10-03,583.3242797851562,671.0,671.0,659.0,662.0,12100
2022-10-04,581.5855712890625,669.0,673.0,667.0,671.0,7500
2022-10-05,578.1082763671875,665.0,673.0,664.0,669.0,15000
2022-10-06,579.8469848632812,667.0,671.0,664.0,664.0,17500
2022-10-07,574.6309204101562,661.0,666.0,661.0,663.0,12500
2022-10-11,572.0228881835938,658.0,663.0,657.0,660.0,13100
2022-10-12,575.500244140625,662.0,662.0,656.0,660.0,8200
2022-10-13,566.806884765625,652.0,664.0,651.0,662.0,12700
2022-10-14,572.8922729492188,659.0,663.0,657.0,660.0,8500
2022-10-17,568.5455932617188,654.0,660.0,654.0,659.0,8800
2022-10-18,575.500244140625,662.0,663.0,652.0,655.0,8800
2022-10-19,572.0228881835938,658.0,661.0,655.0,661.0,10800
2022-10-20,573.7615356445312,660.0,662.0,656.0,661.0,6700
2022-10-21,572.0228881835938,658.0,663.0,658.0,660.0,7700
2022-10-24,573.7615356445312,660.0,664.0,660.0,662.0,3700
2022-10-25,579.8469848632812,667.0,671.0,660.0,663.0,9400
2022-10-26,585.0629272460938,673.0,677.0,666.0,666.0,18300
2022-10-27,587.6709594726562,676.0,677.0,671.0,674.0,10500
2022-10-28,577.2389526367188,664.0,676.0,664.0,670.0,85000
2022-10-31,577.2389526367188,664.0,674.0,664.0,674.0,9900
2022-11-01,600.7109985351562,691.0,694.0,678.0,684.0,38000
2022-11-02,604.1883544921875,695.0,695.0,689.0,691.0,8100
2022-11-04,607.6656494140625,699.0,700.0,694.0,695.0,15700
2022-11-07,610.273681640625,702.0,703.0,699.0,700.0,6500
2022-11-08,611.1430053710938,703.0,704.0,700.0,703.0,5800
2022-11-09,611.1430053710938,703.0,708.0,699.0,704.0,8800
2022-11-10,605.9270629882812,697.0,705.0,696.0,703.0,10100
2022-11-11,605.0576171875,696.0,704.0,696.0,704.0,11300
2022-11-14,610.273681640625,702.0,706.0,698.0,701.0,14200
2022-11-15,618.967041015625,712.0,712.0,700.0,707.0,21700
2022-11-16,614.6203002929688,707.0,712.0,705.0,712.0,5900
2022-11-17,613.7510375976562,706.0,713.0,704.0,711.0,3900
2022-11-18,613.7510375976562,706.0,710.0,704.0,710.0,4100
2022-11-21,632.8764038085938,728.0,731.0,709.0,709.0,46500
2022-11-22,654.6098022460938,753.0,760.0,728.0,728.0,41600
2022-11-24,642.4390869140625,739.0,761.0,736.0,745.0,20000
2022-11-25,650.2630615234375,748.0,755.0,745.0,745.0,6200
2022-11-28,655.4791259765625,754.0,762.0,740.0,748.0,8600
2022-11-29,647.6550903320312,745.0,754.0,743.0,754.0,4900
2022-11-30,633.7457275390625,729.0,750.0,729.0,750.0,5800
2022-12-01,617.2283935546875,710.0,733.0,708.0,733.0,24600
2022-12-02,612.0123291015625,704.0,711.0,702.0,711.0,13200
2022-12-05,619.8363647460938,713.0,713.0,704.0,711.0,7000
2022-12-06,612.0123291015625,704.0,711.0,703.0,707.0,9000
2022-12-07,611.1430053710938,703.0,712.0,703.0,708.0,6400
2022-12-08,611.1430053710938,703.0,707.0,701.0,703.0,12900
2022-12-09,612.0123291015625,704.0,707.0,701.0,704.0,6500
2022-12-12,612.8817138671875,705.0,706.0,703.0,704.0,3100
2022-12-13,612.8817138671875,705.0,710.0,704.0,710.0,5600
2022-12-14,617.2283935546875,710.0,711.0,706.0,708.0,4200
2022-12-15,618.0977172851562,711.0,714.0,708.0,714.0,8000
2022-12-16,616.3590087890625,709.0,714.0,706.0,709.0,3900
2022-12-19,617.2283935546875,710.0,713.0,706.0,709.0,11100
2022-12-20,616.3590087890625,709.0,716.0,705.0,714.0,10500
2022-12-21,612.8817138671875,705.0,715.0,705.0,711.0,12900
2022-12-22,618.0977172851562,711.0,714.0,703.0,706.0,9500
2022-12-23,613.7510375976562,706.0,711.0,705.0,710.0,2000
2022-12-26,620.7057495117188,714.0,714.0,710.0,713.0,2800
2022-12-27,616.3590087890625,709.0,715.0,705.0,714.0,8500
2022-12-28,611.1430053710938,703.0,707.0,702.0,705.0,16800
2022-12-29,614.6203002929688,707.0,707.0,702.0,703.0,3100
2022-12-30,621.5750122070312,715.0,717.0,706.0,706.0,11200
2023-01-04,625.9216918945312,720.0,734.0,717.0,728.0,4000
2023-01-05,625.9216918945312,720.0,722.0,717.0,720.0,4100
2023-01-06,627.660400390625,722.0,724.0,720.0,721.0,2500
2023-01-10,628.5297241210938,723.0,728.0,720.0,726.0,4500
2023-01-11,628.5297241210938,723.0,726.0,718.0,720.0,6400
2023-01-12,614.6203002929688,707.0,723.0,707.0,723.0,8000
2023-01-13,611.1430053710938,703.0,715.0,703.0,708.0,10600
2023-01-16,610.273681640625,702.0,712.0,702.0,707.0,8700
2023-01-17,612.8817138671875,705.0,715.0,701.0,705.0,8500
2023-01-18,615.48974609375,708.0,711.0,703.0,708.0,7100
2023-01-19,611.1430053710938,703.0,707.0,700.0,707.0,8700
2023-01-20,612.0123291015625,704.0,712.0,703.0,703.0,5000
2023-01-23,626.7910766601562,721.0,723.0,709.0,711.0,14700
2023-01-24,641.56982421875,738.0,738.0,717.0,722.0,17700
2023-01-25,638.0924072265625,734.0,739.0,733.0,739.0,5800
2023-01-26,634.6151123046875,730.0,740.0,725.0,737.0,5900
2023-01-27,644.1777954101562,741.0,741.0,729.0,729.0,6600
2023-01-30,636.353759765625,732.0,753.0,729.0,743.0,41200
2023-01-31,636.353759765625,732.0,738.0,728.0,732.0,12900
2023-02-01,643.3084716796875,740.0,740.0,727.0,735.0,7600
2023-02-02,636.353759765625,732.0,740.0,732.0,739.0,7100
2023-02-03,650.2630615234375,748.0,748.0,732.0,733.0,18800
2023-02-06,651.1325073242188,749.0,750.0,745.0,745.0,4200
2023-02-07,647.6550903320312,745.0,753.0,744.0,752.0,3500
2023-02-08,644.1777954101562,741.0,748.0,741.0,742.0,7200
2023-02-09,645.9164428710938,743.0,746.0,739.0,739.0,3300
2023-02-10,645.9164428710938,743.0,751.0,743.0,743.0,11700
2023-02-13,645.047119140625,742.0,757.0,734.0,755.0,28100
2023-02-14,644.1777954101562,741.0,748.0,741.0,742.0,5900
2023-02-15,648.5244750976562,746.0,749.0,743.0,747.0,5200
2023-02-16,653.740478515625,752.0,752.0,746.0,748.0,10000
2023-02-17,649.393798828125,747.0,749.0,741.0,749.0,4600
2023-02-20,653.740478515625,752.0,752.0,747.0,752.0,8000
2023-02-21,656.3485107421875,755.0,756.0,749.0,752.0,14500
2023-02-22,645.9164428710938,743.0,756.0,743.0,754.0,10300
2023-02-24,652.0017700195312,750.0,751.0,745.0,748.0,12500
2023-02-27,652.8711547851562,751.0,755.0,749.0,753.0,10000
2023-02-28,652.8711547851562,751.0,755.0,751.0,751.0,7300
2023-03-01,654.6098022460938,753.0,754.0,749.0,752.0,8300
2023-03-02,650.2630615234375,748.0,755.0,748.0,751.0,8900
2023-03-03,650.2630615234375,748.0,755.0,743.0,751.0,11900
2023-03-06,656.3485107421875,755.0,756.0,750.0,750.0,11700
2023-03-07,658.9564819335938,758.0,761.0,754.0,756.0,14800
2023-03-08,661.564453125,761.0,770.0,756.0,756.0,25700
2023-03-09,671.9965209960938,773.0,777.0,760.0,764.0,31200
2023-03-10,667.6498413085938,768.0,772.0,765.0,772.0,10000
2023-03-13,664.1724853515625,764.0,764.0,751.0,764.0,11400
2023-03-14,632.8764038085938,728.0,756.0,728.0,754.0,23400
2023-03-15,645.9164428710938,743.0,747.0,736.0,738.0,8800
2023-03-16,643.3084716796875,740.0,740.0,727.0,739.0,18300
2023-03-17,644.1777954101562,741.0,748.0,737.0,748.0,9500
2023-03-20,638.0924072265625,734.0,746.0,734.0,739.0,8400
2023-03-22,647.6550903320312,745.0,749.0,737.0,737.0,15200
2023-03-23,646.7858276367188,744.0,745.0,739.0,740.0,2500
2023-03-24,644.1777954101562,741.0,744.0,739.0,740.0,5700
2023-03-27,658.087158203125,757.0,757.0,742.0,742.0,15600
2023-03-28,665.9111938476562,766.0,776.0,762.0,772.0,34900
2023-03-29,665.9111938476562,766.0,767.0,760.0,761.0,14300
2023-03-30,689.1622314453125,741.0,745.0,735.0,744.0,17100
2023-03-31,692.8823852539062,745.0,749.0,735.0,743.0,16900
2023-04-03,693.8125,746.0,751.0,742.0,746.0,14500
2023-04-04,696.6026000976562,749.0,750.0,742.0,742.0,8900
2023-04-05,692.8823852539062,745.0,747.0,739.0,742.0,10800
2023-04-06,686.3721313476562,738.0,748.0,738.0,745.0,10000
2023-04-07,678.9317626953125,730.0,740.0,729.0,739.0,9500
2023-04-10,685.4420166015625,737.0,738.0,732.0,738.0,4600
2023-04-11,681.7218627929688,733.0,736.0,730.0,734.0,8600
2023-04-12,687.3021240234375,739.0,739.0,732.0,738.0,7700
2023-04-13,691.0223388671875,743.0,747.0,735.0,740.0,5100
2023-04-14,687.3021240234375,739.0,747.0,738.0,744.0,5200
2023-04-17,690.09228515625,742.0,742.0,733.0,742.0,7800
2023-04-18,689.1622314453125,741.0,743.0,737.0,742.0,3100
2023-04-19,684.5120239257812,736.0,744.0,735.0,743.0,5800
2023-04-20,688.2322387695312,740.0,745.0,737.0,737.0,7100
2023-04-21,693.8125,746.0,747.0,741.0,744.0,9000
2023-04-24,695.6724853515625,748.0,748.0,740.0,741.0,9200
2023-04-25,691.0223388671875,743.0,749.0,742.0,749.0,7000
2023-04-26,687.3021240234375,739.0,745.0,738.0,745.0,7900
2023-04-27,678.9317626953125,730.0,743.0,730.0,739.0,34300
2023-04-28,690.09228515625,742.0,742.0,732.0,733.0,12000
2023-05-01,695.6724853515625,748.0,748.0,740.0,740.0,4200
2023-05-02,697.5325927734375,750.0,751.0,746.0,751.0,5500
2023-05-08,694.7424926757812,747.0,751.0,747.0,750.0,4100
2023-05-09,698.4627075195312,751.0,751.0,747.0,750.0,4100
2023-05-10,695.6724853515625,748.0,751.0,746.0,751.0,3300
2023-05-11,696.6026000976562,749.0,749.0,746.0,748.0,3500
2023-05-12,689.1622314453125,741.0,747.0,739.0,744.0,16400
2023-05-15,683.5819702148438,735.0,735.0,723.0,727.0,11200
2023-05-16,675.2115478515625,726.0,731.0,722.0,722.0,9500
2023-05-17,671.4913940429688,722.0,728.0,722.0,725.0,20100
2023-05-18,670.5614013671875,721.0,724.0,717.0,723.0,7100
2023-05-19,665.9111938476562,716.0,721.0,716.0,721.0,5400
2023-05-22,671.4913940429688,722.0,727.0,716.0,716.0,6600
2023-05-23,661.2609252929688,711.0,722.0,711.0,720.0,15000
2023-05-24,663.1210327148438,713.0,715.0,708.0,710.0,2600
2023-05-25,658.4708251953125,708.0,713.0,706.0,713.0,4300
2023-05-26,653.820556640625,703.0,714.0,703.0,706.0,6000
2023-05-29,660.3309326171875,710.0,713.0,704.0,705.0,5500
2023-05-30,656.6107177734375,706.0,711.0,706.0,706.0,4600
2023-05-31,646.3802490234375,695.0,707.0,692.0,707.0,17300
2023-06-01,646.3802490234375,695.0,702.0,695.0,696.0,4200
2023-06-02,646.3802490234375,695.0,699.0,693.0,696.0,5300
2023-06-05,651.9605102539062,701.0,704.0,695.0,704.0,11800
2023-06-06,653.820556640625,703.0,704.0,699.0,701.0,3300
2023-06-07,656.6107177734375,706.0,709.0,704.0,704.0,6000
2023-06-08,655.6806640625,705.0,712.0,704.0,711.0,8300
2023-06-09,657.5407104492188,707.0,711.0,706.0,711.0,11200
2023-06-12,666.8411865234375,717.0,717.0,709.0,715.0,6900
2023-06-13,673.3515014648438,724.0,727.0,718.0,720.0,9500
2023-06-14,677.0716552734375,728.0,728.0,722.0,723.0,5100
2023-06-15,680.7918701171875,732.0,739.0,726.0,728.0,13700
2023-06-16,691.952392578125,744.0,748.0,731.0,732.0,11100
2023-06-19,690.09228515625,742.0,747.0,739.0,747.0,4900
2023-06-20,687.3021240234375,739.0,742.0,735.0,742.0,3700
2023-06-21,682.6519165039062,734.0,741.0,731.0,741.0,6300
2023-06-22,682.6519165039062,734.0,738.0,730.0,734.0,8200
2023-06-23,675.2115478515625,726.0,737.0,725.0,737.0,9800
2023-06-26,672.4214477539062,723.0,728.0,723.0,728.0,1100
2023-06-27,674.2815551757812,725.0,735.0,724.0,735.0,6800
2023-06-28,683.5819702148438,735.0,737.0,728.0,728.0,10100
2023-06-29,689.1622314453125,741.0,747.0,730.0,730.0,9900
2023-06-30,714.2734375,768.0,778.0,745.0,745.0,44900
2023-07-03,711.4832763671875,765.0,780.0,765.0,777.0,15800
2023-07-04,694.7424926757812,747.0,769.0,746.0,769.0,15000
2023-07-05,698.4627075195312,751.0,757.0,749.0,753.0,6100
2023-07-06,700.32275390625,753.0,758.0,752.0,755.0,6800
2023-07-07,697.5325927734375,750.0,757.0,750.0,753.0,7400
2023-07-10,691.952392578125,744.0,753.0,744.0,750.0,7500
2023-07-11,688.2322387695312,740.0,751.0,740.0,747.0,8700
2023-07-12,688.2322387695312,740.0,746.0,740.0,746.0,6800
2023-07-13,687.3021240234375,739.0,741.0,734.0,741.0,4800
2023-07-14,679.86181640625,731.0,739.0,726.0,739.0,12200
2023-07-18,682.6519165039062,734.0,735.0,728.0,728.0,22500
2023-07-19,689.1622314453125,741.0,741.0,736.0,739.0,7700
2023-07-20,688.2322387695312,740.0,742.0,737.0,741.0,6100
2023-07-21,687.3021240234375,739.0,742.0,738.0,738.0,5900
2023-07-24,695.6724853515625,748.0,749.0,741.0,741.0,7100
2023-07-25,688.2322387695312,740.0,753.0,737.0,753.0,23600
2023-07-26,686.3721313476562,738.0,741.0,736.0,741.0,7200
2023-07-27,690.09228515625,742.0,745.0,737.0,737.0,8100
2023-07-28,684.5120239257812,736.0,746.0,727.0,740.0,42000
2023-07-31,691.0223388671875,743.0,743.0,736.0,736.0,9400
2023-08-01,689.1622314453125,741.0,748.0,738.0,748.0,22900
2023-08-02,680.7918701171875,732.0,746.0,724.0,736.0,20200
2023-08-03,673.3515014648438,724.0,736.0,721.0,721.0,14300
2023-08-04,676.1416625976562,727.0,732.0,721.0,721.0,6300
2023-08-07,665.9111938476562,716.0,726.0,716.0,723.0,11200
2023-08-08,670.5614013671875,721.0,723.0,718.0,718.0,4300
2023-08-09,671.4913940429688,722.0,722.0,717.0,718.0,4800
2023-08-10,675.2115478515625,726.0,726.0,721.0,722.0,3100
2023-08-14,675.2115478515625,726.0,727.0,721.0,721.0,3800
2023-08-15,675.2115478515625,726.0,729.0,723.0,727.0,2500
2023-08-16,670.5614013671875,721.0,727.0,720.0,720.0,5400
2023-08-17,664.0510864257812,714.0,723.0,714.0,721.0,6800
2023-08-18,665.9111938476562,716.0,721.0,712.0,715.0,7100
2023-08-21,664.9810791015625,715.0,719.0,713.0,713.0,4200
2023-08-22,675.2115478515625,726.0,728.0,720.0,720.0,8800
2023-08-23,672.4214477539062,723.0,728.0,720.0,720.0,8500
2023-08-24,670.5614013671875,721.0,725.0,720.0,722.0,7800
2023-08-25,671.4913940429688,722.0,728.0,718.0,720.0,11100
2023-08-28,676.1416625976562,727.0,728.0,723.0,723.0,7500
2023-08-29,678.9317626953125,730.0,730.0,724.0,727.0,7100
2023-08-30,678.9317626953125,730.0,739.0,725.0,733.0,13300
2023-08-31,683.5819702148438,735.0,738.0,731.0,736.0,7800
2023-09-01,688.2322387695312,740.0,745.0,734.0,735.0,18200
2023-09-04,684.5120239257812,736.0,749.0,733.0,743.0,14800
2023-09-05,684.5120239257812,736.0,740.0,731.0,737.0,7900
2023-09-06,688.2322387695312,740.0,744.0,733.0,737.0,5400
2023-09-07,691.0223388671875,743.0,752.0,740.0,740.0,10700
2023-09-08,682.6519165039062,734.0,739.0,733.0,738.0,9400
2023-09-11,688.2322387695312,740.0,740.0,735.0,737.0,5700
2023-09-12,694.7424926757812,747.0,747.0,739.0,739.0,4300
2023-09-13,691.0223388671875,743.0,747.0,739.0,743.0,6700
2023-09-14,695.6724853515625,748.0,748.0,742.0,743.0,3000
2023-09-15,695.6724853515625,748.0,748.0,742.0,748.0,6900
2023-09-19,693.8125,746.0,749.0,742.0,748.0,7200
2023-09-20,685.4420166015625,737.0,746.0,737.0,744.0,11400
2023-09-21,685.4420166015625,737.0,744.0,737.0,743.0,8900
2023-09-22,697.5325927734375,750.0,757.0,737.0,737.0,15900
2023-09-25,710.55322265625,764.0,765.0,750.0,753.0,29000
2023-09-26,700.32275390625,753.0,765.0,750.0,765.0,8900
2023-09-27,705.9030151367188,759.0,759.0,745.0,756.0,12500
2023-09-28,697.5325927734375,750.0,753.0,746.0,746.0,5800
2023-09-29,686.3721313476562,738.0,750.0,737.0,750.0,11500
2023-10-02,680.7918701171875,732.0,745.0,732.0,736.0,6100
2023-10-03,670.5614013671875,721.0,733.0,720.0,733.0,6600
2023-10-04,654.7506103515625,704.0,715.0,704.0,715.0,11900
2023-10-05,665.9111938476562,716.0,719.0,708.0,714.0,11100
2023-10-06,666.8411865234375,717.0,724.0,717.0,724.0,4200
2023-10-10,674.2815551757812,725.0,726.0,718.0,718.0,4600
2023-10-11,678.001708984375,729.0,735.0,722.0,727.0,8800
2023-10-12,677.0716552734375,728.0,734.0,728.0,734.0,4500
2023-10-13,674.2815551757812,725.0,733.0,725.0,729.0,4900
2023-10-16,666.8411865234375,717.0,726.0,717.0,725.0,6000
2023-10-17,667.7711791992188,718.0,723.0,716.0,717.0,4200
2023-10-18,670.5614013671875,721.0,723.0,717.0,717.0,6700
2023-10-19,673.3515014648438,724.0,724.0,717.0,717.0,2700
2023-10-20,668.7012939453125,719.0,724.0,715.0,724.0,3700
2023-10-23,669.6312866210938,720.0,722.0,719.0,719.0,3300
2023-10-24,671.4913940429688,722.0,723.0,711.0,720.0,10700
2023-10-25,670.5614013671875,721.0,724.0,720.0,724.0,2900
2023-10-26,668.7012939453125,719.0,724.0,716.0,722.0,2000
2023-10-27,683.5819702148438,735.0,735.0,719.0,719.0,6500
2023-10-30,655.6806640625,705.0,732.0,705.0,729.0,31500
2023-10-31,665.9111938476562,716.0,717.0,707.0,712.0,17200
2023-11-01,676.1416625976562,727.0,728.0,719.0,726.0,5900
2023-11-02,672.4214477539062,723.0,727.0,718.0,721.0,10000
2023-11-06,689.1622314453125,741.0,745.0,727.0,729.0,11400
2023-11-07,682.6519165039062,734.0,734.0,728.0,730.0,5400
2023-11-08,677.0716552734375,728.0,736.0,728.0,736.0,2000
2023-11-09,676.1416625976562,727.0,730.0,726.0,726.0,3800
2023-11-10,676.1416625976562,727.0,727.0,724.0,724.0,1400
2023-11-13,674.2815551757812,725.0,727.0,722.0,727.0,3400
2023-11-14,680.7918701171875,732.0,734.0,723.0,725.0,5800
2023-11-15,678.001708984375,729.0,733.0,726.0,732.0,1300
2023-11-16,674.2815551757812,725.0,730.0,725.0,726.0,1600
2023-11-17,679.86181640625,731.0,731.0,725.0,725.0,2300
2023-11-20,678.001708984375,729.0,735.0,729.0,732.0,3900
2023-11-21,679.86181640625,731.0,736.0,730.0,735.0,3000
2023-11-22,685.4420166015625,737.0,737.0,730.0,730.0,3100
2023-11-24,683.5819702148438,735.0,737.0,731.0,737.0,3300
2023-11-27,681.7218627929688,733.0,743.0,733.0,737.0,5100
2023-11-28,685.4420166015625,737.0,737.0,733.0,733.0,5700
2023-11-29,681.7218627929688,733.0,737.0,733.0,737.0,2200
2023-11-30,684.5120239257812,736.0,737.0,733.0,735.0,1900
2023-12-01,681.7218627929688,733.0,736.0,733.0,734.0,4000
2023-12-04,683.5819702148438,735.0,738.0,733.0,734.0,4700
2023-12-05,682.6519165039062,734.0,736.0,732.0,735.0,2200
2023-12-06,684.5120239257812,736.0,736.0,731.0,733.0,5100
2023-12-07,681.7218627929688,733.0,736.0,733.0,735.0,2600
2023-12-08,678.9317626953125,730.0,731.0,730.0,731.0,2900
2023-12-11,683.5819702148438,735.0,736.0,731.0,736.0,3000
2023-12-12,681.7218627929688,733.0,735.0,731.0,735.0,2100
2023-12-13,678.9317626953125,730.0,734.0,729.0,733.0,6500
2023-12-14,677.0716552734375,728.0,730.0,726.0,727.0,7600
2023-12-15,674.2815551757812,725.0,727.0,725.0,725.0,5300
2023-12-18,679.86181640625,731.0,732.0,724.0,725.0,4600
2023-12-19,683.5819702148438,735.0,735.0,728.0,728.0,3800
2023-12-20,686.3721313476562,738.0,739.0,732.0,733.0,6700
2023-12-21,682.6519165039062,734.0,740.0,732.0,735.0,6000
2023-12-22,690.09228515625,742.0,743.0,734.0,734.0,6200
2023-12-25,691.0223388671875,743.0,747.0,742.0,745.0,15700
2023-12-26,697.5325927734375,750.0,750.0,743.0,743.0,11400
2023-12-27,693.8125,746.0,749.0,733.0,749.0,13000
2023-12-28,709.6231689453125,763.0,768.0,742.0,748.0,16800
2023-12-29,706.8330688476562,760.0,761.0,752.0,760.0,6800
2024-01-04,723.5737915039062,778.0,778.0,761.0,765.0,14400
2024-01-05,724.50390625,779.0,779.0,772.0,778.0,8800
2024-01-09,730.0841674804688,785.0,785.0,777.0,780.0,8400
2024-01-10,731.01416015625,786.0,790.0,775.0,780.0,9100
2024-01-11,722.643798828125,777.0,787.0,773.0,787.0,11200
2024-01-12,719.8536987304688,774.0,785.0,756.0,772.0,20300
2024-01-15,720.78369140625,775.0,775.0,770.0,770.0,1500
2024-01-16,717.9935913085938,772.0,783.0,772.0,783.0,8100
2024-01-17,704.9729614257812,758.0,784.0,758.0,779.0,9500
2024-01-18,710.55322265625,764.0,768.0,758.0,761.0,4400
2024-01-19,709.6231689453125,763.0,768.0,763.0,764.0,6900
2024-01-22,731.01416015625,786.0,793.0,781.0,785.0,23900
2024-01-23,722.643798828125,777.0,790.0,775.0,786.0,10300
2024-01-24,716.133544921875,770.0,779.0,765.0,779.0,7600
2024-01-25,720.78369140625,775.0,780.0,770.0,776.0,10700
2024-01-26,714.2734375,768.0,775.0,768.0,775.0,3500
2024-01-29,730.0841674804688,785.0,786.0,780.0,786.0,12800
2024-01-30,731.01416015625,786.0,806.0,777.0,789.0,69300
2024-01-31,730.0841674804688,785.0,788.0,777.0,783.0,5800
2024-02-01,732.874267578125,788.0,793.0,782.0,784.0,3900
2024-02-02,728.2240600585938,783.0,788.0,781.0,788.0,3200
2024-02-05,737.5244750976562,793.0,795.0,784.0,785.0,17200
2024-02-06,741.24462890625,797.0,829.0,788.0,793.0,40700
2024-02-07,731.9442749023438,787.0,802.0,781.0,787.0,17900
2024-02-08,727.2940063476562,782.0,782.0,763.0,782.0,16300
2024-02-09,706.8330688476562,760.0,781.0,760.0,781.0,13500
2024-02-13,721.7137451171875,776.0,783.0,761.0,761.0,19400
2024-02-14,716.133544921875,770.0,775.0,763.0,775.0,10400
2024-02-15,706.8330688476562,760.0,778.0,760.0,776.0,7900
2024-02-16,717.0635375976562,771.0,773.0,761.0,761.0,4000
2024-02-19,713.3433227539062,767.0,771.0,761.0,761.0,13800
2024-02-20,719.8536987304688,774.0,776.0,770.0,770.0,5500
2024-02-21,722.643798828125,777.0,780.0,772.0,772.0,4300
2024-02-22,728.2240600585938,783.0,783.0,776.0,777.0,2900
2024-02-26,726.364013671875,781.0,786.0,779.0,785.0,6000
2024-02-27,727.2940063476562,782.0,782.0,774.0,777.0,8300
2024-02-28,725.4338989257812,780.0,784.0,775.0,778.0,8600
2024-02-29,724.50390625,779.0,783.0,774.0,776.0,6200
2024-03-01,723.5737915039062,778.0,781.0,774.0,778.0,12400
2024-03-04,721.7137451171875,776.0,777.0,771.0,777.0,14000
2024-03-05,722.643798828125,777.0,780.0,774.0,777.0,4100
2024-03-06,727.2940063476562,782.0,782.0,771.0,772.0,12700
2024-03-07,724.50390625,779.0,785.0,779.0,785.0,3800
2024-03-08,724.50390625,779.0,782.0,774.0,774.0,6000
2024-03-11,723.5737915039062,778.0,780.0,772.0,780.0,4800
2024-03-12,726.364013671875,781.0,783.0,765.0,776.0,15500
2024-03-13,738.4545288085938,794.0,794.0,782.0,782.0,13300
2024-03-14,745.8948974609375,802.0,802.0,786.0,790.0,7100
2024-03-15,746.824951171875,803.0,809.0,794.0,798.0,8400
2024-03-18,766.3558349609375,824.0,828.0,809.0,809.0,15400
2024-03-19,787.7468872070312,847.0,848.0,818.0,820.0,17500
2024-03-21,800.7674560546875,861.0,865.0,832.0,846.0,40200
2024-03-22,807.2777099609375,868.0,870.0,845.0,861.0,22200
2024-03-25,805.4176635742188,866.0,872.0,853.0,861.0,11600
2024-03-26,801.697509765625,862.0,867.0,859.0,860.0,13100
2024-03-27,829.5988159179688,892.0,908.0,865.0,866.0,39700
2024-03-28,851.760009765625,884.0,890.0,863.0,863.0,19100
2024-03-29,881.62939453125,915.0,915.0,880.0,880.0,17000
2024-04-01,871.994140625,905.0,917.0,895.0,917.0,19500
2024-04-02,858.5046997070312,891.0,916.0,889.0,910.0,11900
2024-04-03,852.7235107421875,885.0,891.0,880.0,885.0,8100
2024-04-04,868.1400146484375,901.0,910.0,870.0,885.0,20500
2024-04-05,867.1764526367188,900.0,908.0,894.0,899.0,11900
2024-04-08,862.3588256835938,895.0,905.0,881.0,897.0,12200
2024-04-09,861.395263671875,894.0,906.0,890.0,895.0,8400
2024-04-10,868.1400146484375,901.0,907.0,887.0,894.0,12700
2024-04-11,865.2493896484375,898.0,902.0,892.0,894.0,5000
2024-04-12,865.2493896484375,898.0,903.0,890.0,895.0,13700
2024-04-15,888.3740844726562,922.0,941.0,904.0,905.0,45200
2024-04-16,872.9576416015625,906.0,914.0,898.0,908.0,20800
2024-04-17,863.3223266601562,896.0,912.0,875.0,900.0,24700
2024-04-18,877.7752685546875,911.0,911.0,896.0,896.0,4700
2024-04-19,872.9576416015625,906.0,910.0,895.0,910.0,9800
2024-04-22,875.8482055664062,909.0,914.0,904.0,906.0,4500
2024-04-23,875.8482055664062,909.0,916.0,902.0,916.0,3900
2024-04-24,885.4835205078125,919.0,920.0,908.0,908.0,7000
2024-04-25,882.5929565429688,916.0,919.0,904.0,904.0,5600
2024-04-26,867.1764526367188,900.0,923.0,900.0,917.0,44400
2024-04-30,872.9576416015625,906.0,908.0,900.0,900.0,6000
2024-05-01,878.7388305664062,912.0,912.0,902.0,902.0,5500
2024-05-02,880.6658935546875,914.0,919.0,910.0,915.0,4500
2024-05-07,890.3011474609375,924.0,934.0,913.0,915.0,32800
2024-05-08,883.5564575195312,917.0,925.0,909.0,909.0,16600
2024-05-09,888.3740844726562,922.0,925.0,914.0,925.0,3000
2024-05-10,886.4470825195312,920.0,929.0,920.0,927.0,2000
2024-05-13,892.2282104492188,926.0,926.0,906.0,906.0,15600
2024-05-14,899.9364624023438,934.0,934.0,920.0,926.0,8800
2024-05-15,903.7905883789062,938.0,938.0,918.0,933.0,10800
2024-05-16,897.0458984375,931.0,938.0,921.0,938.0,10700
2024-05-17,893.1917724609375,927.0,934.0,921.0,921.0,7300
2024-05-20,892.2282104492188,926.0,932.0,921.0,921.0,7300
2024-05-21,858.5046997070312,891.0,928.0,870.0,928.0,69300
2024-05-22,832.4893798828125,864.0,891.0,864.0,889.0,46800
2024-05-23,819.9635009765625,851.0,876.0,845.0,876.0,31000
2024-05-24,845.0153198242188,877.0,884.0,831.0,850.0,23500
2024-05-27,838.2705688476562,870.0,879.0,860.0,879.0,12500
2024-05-28,858.5046997070312,891.0,899.0,864.0,870.0,13700
2024-05-29,826.708251953125,858.0,889.0,854.0,889.0,25000
2024-05-30,843.0882568359375,875.0,875.0,860.0,862.0,5500
2024-05-31,863.3223266601562,896.0,896.0,872.0,875.0,2800
2024-06-03,872.9576416015625,906.0,906.0,892.0,896.0,5700
2024-06-04,873.921142578125,907.0,909.0,904.0,909.0,1500
2024-06-05,873.921142578125,907.0,907.0,900.0,902.0,1100
2024-06-06,871.0305786132812,904.0,907.0,898.0,907.0,1000
2024-06-07,859.46826171875,892.0,904.0,892.0,904.0,2300
2024-06-10,877.7752685546875,911.0,917.0,899.0,900.0,8700
2024-06-11,876.811767578125,910.0,920.0,910.0,911.0,9000
2024-06-12,878.7388305664062,912.0,914.0,907.0,910.0,4800
2024-06-13,858.5046997070312,891.0,915.0,891.0,912.0,7100
2024-06-14,873.921142578125,907.0,907.0,891.0,891.0,4700
2024-06-17,853.6870727539062,886.0,903.0,866.0,901.0,28500
2024-06-18,857.5411987304688,890.0,900.0,888.0,888.0,3200
2024-06-19,865.2493896484375,898.0,901.0,889.0,890.0,3300
2024-06-20,860.4317626953125,893.0,898.0,884.0,898.0,4000
2024-06-21,873.921142578125,907.0,910.0,886.0,886.0,5200
2024-06-24,865.2493896484375,898.0,904.0,898.0,902.0,1800
2024-06-25,864.285888671875,897.0,902.0,895.0,895.0,9700
2024-06-26,871.0305786132812,904.0,904.0,897.0,897.0,1000
2024-06-27,862.3588256835938,895.0,904.0,895.0,904.0,3500
2024-06-28,871.0305786132812,904.0,904.0,902.0,902.0,3300
2024-07-01,874.8847045898438,908.0,908.0,898.0,906.0,3100
2024-07-02,882.5929565429688,916.0,916.0,899.0,908.0,5700
2024-07-03,874.8847045898438,908.0,916.0,906.0,911.0,5200
2024-07-04,881.62939453125,915.0,915.0,905.0,908.0,4400
2024-07-05,867.1764526367188,900.0,917.0,900.0,917.0,6000
2024-07-08,849.8329467773438,882.0,902.0,882.0,898.0,3700
2024-07-09,843.0882568359375,875.0,892.0,866.0,882.0,10600
2024-07-10,843.0882568359375,875.0,881.0,871.0,871.0,4700
2024-07-11,857.5411987304688,890.0,896.0,881.0,881.0,4300
2024-07-12,871.0305786132812,904.0,913.0,886.0,889.0,5200
2024-07-16,845.0153198242188,877.0,887.0,875.0,882.0,21900
2024-07-17,850.7964477539062,883.0,883.0,878.0,878.0,7100
2024-07-18,849.8329467773438,882.0,882.0,874.0,874.0,9900
2024-07-19,845.0153198242188,877.0,884.0,872.0,878.0,4900
2024-07-22,843.0882568359375,875.0,877.0,870.0,871.0,5700
2024-07-23,837.3070678710938,869.0,875.0,860.0,860.0,15800
2024-07-24,810.3282470703125,841.0,866.0,838.0,866.0,20700
2024-07-25,813.2188110351562,844.0,851.0,831.0,849.0,14300
2024-07-26,824.7811889648438,856.0,856.0,844.0,847.0,5400
2024-07-29,844.0517578125,876.0,881.0,863.0,864.0,9900
2024-07-30,797.8023681640625,828.0,871.0,828.0,871.0,47500
2024-07-31,817.0729370117188,848.0,848.0,835.0,840.0,16800
2024-08-01,806.47412109375,837.0,866.0,835.0,844.0,15600
2024-08-02,768.896484375,798.0,814.0,795.0,812.0,18300
2024-08-05,688.9235229492188,715.0,756.0,700.0,755.0,29100
2024-08-06,689.8870849609375,716.0,744.0,711.0,725.0,38100
2024-08-07,714.9388427734375,742.0,750.0,716.0,716.0,10600
2024-08-08,707.2305908203125,734.0,747.0,730.0,732.0,19700
2024-08-09,710.1211547851562,737.0,755.0,730.0,747.0,18100
2024-08-13,722.6470336914062,750.0,751.0,738.0,738.0,9900
2024-08-14,726.5011596679688,754.0,759.0,751.0,751.0,7300
2024-08-15,730.3552856445312,758.0,760.0,752.0,754.0,19300
2024-08-16,730.3552856445312,758.0,766.0,755.0,758.0,17900
2024-08-19,724.5740966796875,752.0,758.0,752.0,758.0,22600
2024-08-20,730.3552856445312,758.0,759.0,752.0,759.0,17200
2024-08-21,730.3552856445312,758.0,764.0,757.0,757.0,3000
2024-08-22,743.8447265625,772.0,774.0,766.0,766.0,4900
2024-08-23,773.714111328125,803.0,814.0,772.0,774.0,24800
2024-08-26,773.714111328125,803.0,815.0,800.0,803.0,8700
2024-08-27,770.8235473632812,800.0,808.0,800.0,805.0,6800
2024-08-28,762.1517333984375,791.0,801.0,789.0,796.0,10200
2024-08-29,762.1517333984375,791.0,798.0,785.0,787.0,6900
2024-08-30,773.714111328125,803.0,803.0,792.0,792.0,2700
2024-09-02,777.5682373046875,807.0,810.0,793.0,810.0,4900
2024-09-03,778.53173828125,808.0,814.0,804.0,804.0,4100
2024-09-04,767.9329223632812,797.0,800.0,790.0,799.0,6400
2024-09-05,771.7870483398438,801.0,803.0,790.0,790.0,4600
2024-09-06,766.005859375,795.0,810.0,795.0,801.0,5800
2024-09-09,771.7870483398438,801.0,814.0,782.0,782.0,12900
2024-09-10,775.6411743164062,805.0,805.0,800.0,805.0,600
2024-09-11,764.0787963867188,793.0,810.0,789.0,805.0,8500
2024-09-12,775.6411743164062,805.0,808.0,799.0,808.0,4400
2024-09-13,775.6411743164062,805.0,805.0,799.0,805.0,2200
2024-09-17,768.896484375,798.0,809.0,792.0,806.0,7800
2024-09-18,764.0787963867188,793.0,807.0,791.0,798.0,1500
2024-09-19,772.7506103515625,802.0,802.0,796.0,798.0,1600
2024-09-20,773.714111328125,803.0,807.0,801.0,807.0,3100
2024-09-24,769.8599853515625,799.0,808.0,798.0,807.0,3200
2024-09-25,768.896484375,798.0,801.0,792.0,800.0,9300
2024-09-26,769.8599853515625,799.0,799.0,787.0,798.0,64800
2024-09-27,760.2247314453125,789.0,804.0,786.0,799.0,19300
2024-09-30,752.5164794921875,781.0,788.0,772.0,779.0,5800
2024-10-01,766.005859375,795.0,798.0,781.0,781.0,12700
2024-10-02,755.4070434570312,784.0,793.0,781.0,793.0,3400
2024-10-03,758.2976684570312,787.0,788.0,781.0,788.0,3800
2024-10-04,755.4070434570312,784.0,787.0,784.0,784.0,1100
2024-10-07,760.2247314453125,789.0,798.0,787.0,787.0,18700
2024-10-08,753.47998046875,782.0,787.0,782.0,784.0,4600
2024-10-09,747.6987915039062,776.0,781.0,771.0,775.0,9500
2024-10-10,742.8811645507812,771.0,775.0,770.0,774.0,7000
2024-10-11,742.8811645507812,771.0,771.0,769.0,771.0,2500
2024-10-15,745.7717895507812,774.0,779.0,771.0,778.0,9300
2024-10-16,739.9906005859375,768.0,775.0,768.0,772.0,7400
2024-10-17,737.0999755859375,765.0,770.0,761.0,769.0,7400
2024-10-18,730.3552856445312,758.0,765.0,755.0,765.0,4400
2024-10-21,729.3917846679688,757.0,758.0,755.0,758.0,2600
2024-10-22,730.3552856445312,758.0,765.0,756.0,765.0,2300
2024-10-23,729.3917846679688,757.0,757.0,754.0,757.0,3600
2024-10-24,721.6835327148438,749.0,763.0,749.0,750.0,11800
2024-10-25,696.6317749023438,723.0,738.0,718.0,738.0,25900
2024-10-28,709.1576538085938,736.0,739.0,722.0,731.0,6700
2024-10-29,713.0117797851562,740.0,750.0,733.0,736.0,12900
2024-10-30,699.5223388671875,726.0,742.0,726.0,736.0,65000
2024-10-31,725.5376586914062,753.0,761.0,726.0,728.0,12900
2024-11-01,725.5376586914062,753.0,758.0,740.0,751.0,9900
2024-11-05,720.719970703125,748.0,755.0,745.0,755.0,1600
2024-11-06,736.136474609375,764.0,764.0,748.0,748.0,2100
2024-11-07,736.136474609375,764.0,772.0,756.0,764.0,2800
2024-11-08,740.9541015625,769.0,773.0,762.0,762.0,14500
2024-11-11,751.5529174804688,780.0,780.0,764.0,769.0,3200
2024-11-12,750.5894165039062,779.0,780.0,772.0,772.0,5800
2024-11-13,747.6987915039062,776.0,779.0,764.0,764.0,7200
2024-11-14,747.6987915039062,776.0,784.0,769.0,772.0,13600
2024-11-15,747.6987915039062,776.0,778.0,773.0,778.0,3600
2024-11-18,745.7717895507812,774.0,779.0,773.0,774.0,15400
2024-11-19,747.6987915039062,776.0,778.0,774.0,775.0,2200
2024-11-20,745.7717895507812,774.0,778.0,774.0,776.0,2800
2024-11-21,748.662353515625,777.0,781.0,777.0,781.0,2900
2024-11-22,749.6258544921875,778.0,783.0,776.0,776.0,2700
2024-11-25,746.7352905273438,775.0,779.0,775.0,778.0,4100
2024-11-26,747.6987915039062,776.0,788.0,767.0,770.0,16700
2024-11-27,746.7352905273438,775.0,779.0,773.0,773.0,8300
2024-11-28,739.0270385742188,767.0,777.0,767.0,775.0,2700
2024-11-29,746.7352905273438,775.0,776.0,767.0,767.0,2800
2024-12-02,751.5529174804688,780.0,786.0,770.0,770.0,5700
2024-12-03,751.5529174804688,780.0,787.0,779.0,780.0,3900
2024-12-04,754.4435424804688,783.0,785.0,776.0,777.0,6400
2024-12-05,754.4435424804688,783.0,788.0,778.0,783.0,2500
2024-12-06,754.4435424804688,783.0,788.0,782.0,786.0,1200
2024-12-09,751.5529174804688,780.0,801.0,773.0,777.0,10000
2024-12-10,759.2611694335938,788.0,791.0,779.0,779.0,5500
2024-12-11,764.0787963867188,793.0,800.0,785.0,786.0,3600
2024-12-12,771.7870483398438,801.0,801.0,795.0,800.0,3700
2024-12-13,772.7506103515625,802.0,805.0,796.0,801.0,5900
2024-12-16,763.1152954101562,792.0,806.0,787.0,802.0,6300
2024-12-17,757.3341064453125,786.0,791.0,782.0,788.0,2800
2024-12-18,760.2247314453125,789.0,790.0,785.0,785.0,1700
2024-12-19,751.5529174804688,780.0,785.0,772.0,784.0,5900
2024-12-20,754.4435424804688,783.0,787.0,774.0,775.0,4600
2024-12-23,755.4070434570312,784.0,790.0,777.0,790.0,2000
2024-12-24,753.47998046875,782.0,784.0,779.0,784.0,5400
2024-12-25,764.0787963867188,793.0,793.0,782.0,782.0,4000
2024-12-26,759.2611694335938,788.0,794.0,775.0,793.0,7800
2024-12-27,770.8235473632812,800.0,800.0,788.0,788.0,3400
2024-12-30,782.3858642578125,812.0,812.0,791.0,800.0,5800
2025-01-06,775.6411743164062,805.0,814.0,805.0,814.0,2900
2025-01-07,771.7870483398438,801.0,810.0,801.0,810.0,2900
2025-01-08,769.8599853515625,799.0,816.0,799.0,802.0,10100
2025-01-09,768.896484375,798.0,801.0,797.0,797.0,2700
2025-01-10,766.9694213867188,796.0,800.0,795.0,796.0,4200
2025-01-14,762.1517333984375,791.0,798.0,787.0,793.0,6200
2025-01-15,751.5529174804688,780.0,789.0,775.0,789.0,5900
2025-01-16,749.6258544921875,778.0,785.0,774.0,780.0,6700
2025-01-17,747.6987915039062,776.0,780.0,771.0,776.0,8200
2025-01-20,747.6987915039062,776.0,779.0,776.0,776.0,7100
2025-01-21,748.662353515625,777.0,781.0,777.0,777.0,4100
2025-01-22,747.6987915039062,776.0,783.0,775.0,775.0,4400
2025-01-23,747.6987915039062,776.0,780.0,766.0,776.0,13000
2025-01-24,747.6987915039062,776.0,784.0,776.0,776.0,7000
2025-01-27,747.6987915039062,776.0,782.0,776.0,777.0,5900
2025-01-28,748.662353515625,777.0,782.0,774.0,776.0,5100
2025-01-29,746.7352905273438,775.0,779.0,773.0,779.0,15200
2025-01-30,713.9752807617188,741.0,776.0,741.0,773.0,97100
2025-01-31,725.5376586914062,753.0,762.0,750.0,760.0,23700
2025-02-03,732.2823486328125,760.0,770.0,755.0,755.0,14100
2025-02-04,739.9906005859375,768.0,772.0,763.0,769.0,3800
2025-02-05,741.9176635742188,770.0,772.0,766.0,768.0,2400
2025-02-06,742.8811645507812,771.0,780.0,762.0,762.0,15200
2025-02-07,742.8811645507812,771.0,775.0,770.0,772.0,19800
2025-02-10,742.8811645507812,771.0,774.0,767.0,769.0,9000
2025-02-12,770.8235473632812,800.0,801.0,770.0,771.0,17200
2025-02-13,770.8235473632812,800.0,803.0,794.0,794.0,15500
2025-02-14,777.5682373046875,807.0,807.0,794.0,797.0,6400
2025-02-17,780.4588012695312,810.0,810.0,806.0,808.0,5200
2025-02-18,781.42236328125,811.0,813.0,805.0,810.0,2600
2025-02-19,787.2035522460938,817.0,819.0,810.0,811.0,2300
2025-02-20,785.2764892578125,815.0,830.0,813.0,817.0,12700
2025-02-21,777.5682373046875,807.0,822.0,807.0,816.0,12700
2025-02-25,775.6411743164062,805.0,811.0,804.0,804.0,8400
2025-02-26,768.896484375,798.0,808.0,797.0,804.0,15000
2025-02-27,782.3858642578125,812.0,818.0,803.0,803.0,4400
2025-02-28,779.4953002929688,809.0,813.0,806.0,807.0,6200
2025-03-03,784.3129272460938,814.0,820.0,809.0,813.0,8800
2025-03-04,779.4953002929688,809.0,814.0,806.0,811.0,7800
2025-03-05,792.9846801757812,823.0,823.0,809.0,809.0,14600
2025-03-06,785.2764892578125,815.0,823.0,815.0,823.0,2100
2025-03-07,789.130615234375,819.0,820.0,812.0,815.0,6400
2025-03-10,799.7294311523438,830.0,831.0,821.0,825.0,9500
2025-03-11,791.0576171875,821.0,825.0,816.0,825.0,19400
2025-03-12,795.8753051757812,826.0,826.0,817.0,817.0,3300
2025-03-13,797.8023681640625,828.0,829.0,826.0,826.0,500
2025-03-14,795.8753051757812,826.0,830.0,825.0,828.0,1300
2025-03-17,799.7294311523438,830.0,835.0,829.0,829.0,3700
2025-03-18,810.3282470703125,841.0,841.0,825.0,825.0,5400
2025-03-19,810.3282470703125,841.0,845.0,832.0,834.0,4000
2025-03-21,819.0,850.0,850.0,838.0,839.0,14900
2025-03-24,823.817626953125,855.0,856.0,849.0,850.0,4400
2025-03-25,821.8905639648438,853.0,855.0,851.0,854.0,3300
2025-03-26,820.9270629882812,852.0,853.0,851.0,851.0,2600
2025-03-27,819.0,850.0,850.0,837.0,850.0,379700
2025-03-28,831.0,831.0,834.0,815.0,815.0,5700
2025-03-31,813.0,813.0,822.0,804.0,820.0,8700
2025-04-01,815.0,815.0,825.0,813.0,815.0,9800
2025-04-02,812.0,812.0,822.0,803.0,822.0,4500
2025-04-03,792.0,792.0,804.0,789.0,800.0,9200
2025-04-04,782.0,782.0,792.0,762.0,780.0,32500
2025-04-07,733.0,733.0,755.0,727.0,755.0,23900
2025-04-08,744.0,744.0,777.0,736.0,741.0,28500
2025-04-09,740.0,740.0,749.0,733.0,733.0,7100
2025-04-10,773.0,773.0,784.0,764.0,780.0,14600
2025-04-11,777.0,777.0,777.0,759.0,760.0,2400
2025-04-14,783.0,783.0,787.0,778.0,778.0,6100
2025-04-15,783.0,783.0,788.0,781.0,783.0,5500
2025-04-16,783.0,783.0,787.0,782.0,784.0,4000
2025-04-17,778.0,778.0,782.0,778.0,781.0,9100
2025-04-18,786.0,786.0,788.0,777.0,777.0,3700
2025-04-21,791.0,791.0,791.0,786.0,786.0,3200
2025-04-22,788.0,788.0,792.0,786.0,791.0,4700
2025-04-23,789.0,789.0,798.0,788.0,798.0,3400
2025-04-24,788.0,788.0,793.0,788.0,792.0,2000
2025-04-25,786.0,786.0,792.0,779.0,788.0,6600
2025-04-28,785.0,785.0,844.0,780.0,786.0,74500
2025-04-30,796.0,796.0,796.0,787.0,794.0,3200
2025-05-01,794.0,794.0,797.0,793.0,797.0,3800
2025-05-02,794.0,794.0,798.0,793.0,797.0,3100
2025-05-07,802.0,802.0,803.0,793.0,793.0,3300
2025-05-08,796.0,796.0,803.0,793.0,803.0,13100
2025-05-09,807.0,807.0,808.0,796.0,796.0,2300
2025-05-12,805.0,805.0,806.0,800.0,806.0,3800
2025-05-13,810.0,810.0,817.0,805.0,810.0,10500
2025-05-14,834.0,834.0,834.0,811.0,820.0,15600
2025-05-15,777.0,777.0,798.0,776.0,794.0,32000
2025-05-16,781.0,781.0,787.0,766.0,787.0,10100
2025-05-19,784.0,784.0,789.0,781.0,781.0,1000
2025-05-20,785.0,785.0,789.0,785.0,787.0,700
2025-05-21,788.0,788.0,788.0,783.0,787.0,4700
2025-05-22,784.0,784.0,789.0,770.0,788.0,6400
2025-05-23,783.0,783.0,784.0,782.0,784.0,1800
2025-05-26,791.0,791.0,799.0,783.0,786.0,8600
2025-05-27,787.0,787.0,799.0,786.0,799.0,4100
2025-05-28,795.0,795.0,795.0,788.0,790.0,3600
2025-05-29,796.0,796.0,797.0,789.0,794.0,4800
2025-05-30,792.0,792.0,794.0,792.0,793.0,2200
2025-06-02,792.0,792.0,795.0,790.0,795.0,2500
2025-06-03,795.0,795.0,797.0,793.0,797.0,2100
2025-06-04,794.0,794.0,802.0,794.0,799.0,5800
2025-06-05,794.0,794.0,798.0,794.0,795.0,2800
2025-06-06,795.0,795.0,797.0,795.0,797.0,500
2025-06-09,796.0,796.0,797.0,795.0,796.0,1000
2025-06-10,800.0,800.0,806.0,798.0,799.0,2400
2025-06-11,800.0,800.0,800.0,800.0,800.0,900
2025-06-12,800.0,800.0,801.0,796.0,796.0,1900
2025-06-13,799.0,799.0,800.0,796.0,799.0,1000
2025-06-16,797.0,797.0,797.0,796.0,796.0,1800
2025-06-17,795.0,795.0,798.0,795.0,796.0,1400
2025-06-18,804.0,804.0,804.0,794.0,795.0,7600
2025-06-19,800.0,800.0,806.0,794.0,794.0,7400
2025-06-20,799.0,799.0,800.0,796.0,800.0,2000
2025-06-23,795.0,795.0,800.0,795.0,800.0,3300
2025-06-24,796.0,796.0,801.0,795.0,801.0,1200
2025-06-25,799.0,799.0,806.0,798.0,804.0,9800
2025-06-26,805.0,805.0,805.0,796.0,799.0,5400
2025-06-27,810.0,810.0,810.0,800.0,802.0,4700
2025-06-30,806.0,806.0,811.0,801.0,810.0,3900
2025-07-01,806.0,806.0,817.0,803.0,805.0,7700
2025-07-02,814.0,814.0,817.0,806.0,808.0,1400
2025-07-03,813.0,813.0,816.0,810.0,813.0,3400
2025-07-04,813.0,813.0,819.0,812.0,819.0,1400
2025-07-07,813.0,813.0,814.0,812.0,814.0,900
2025-07-08,811.0,811.0,814.0,811.0,814.0,300
2025-07-09,817.0,817.0,817.0,811.0,811.0,2200
2025-07-10,816.0,816.0,818.0,814.0,817.0,3100
2025-07-11,817.0,817.0,823.0,815.0,816.0,4500
2025-07-14,819.0,819.0,819.0,814.0,815.0,8800
2025-07-15,818.0,818.0,820.0,812.0,812.0,5500
2025-07-16,817.0,817.0,819.0,785.0,818.0,23300
2025-07-17,817.0,817.0,823.0,810.0,810.0,17400
2025-07-18,819.0,819.0,820.0,817.0,820.0,1200
2025-07-22,821.0,821.0,824.0,814.0,817.0,6200
2025-07-23,826.0,826.0,827.0,825.0,825.0,1800
2025-07-24,833.0,833.0,833.0,823.0,825.0,7300
2025-07-25,832.0,832.0,836.0,826.0,836.0,3800
2025-07-28,826.0,826.0,830.0,826.0,829.0,2100
2025-07-29,819.0,819.0,826.0,815.0,826.0,1600
2025-07-30,821.0,821.0,821.0,820.0,820.0,2400
2025-07-31,825.0,825.0,833.0,811.0,833.0,21600
2025-08-01,827.0,827.0,830.0,827.0,828.0,2600
2025-08-04,823.0,823.0,825.0,817.0,822.0,3800
2025-08-05,833.0,833.0,833.0,822.0,825.0,2100
2025-08-06,831.0,831.0,831.0,827.0,829.0,4800
2025-08-07,829.0,829.0,831.0,825.0,831.0,2200
2025-08-08,823.0,823.0,823.0,808.0,810.0,23500
2025-08-12,824.0,824.0,826.0,817.0,817.0,15700
2025-08-13,822.0,822.0,826.0,816.0,826.0,12300
2025-08-14,816.0,816.0,824.0,816.0,821.0,4500
2025-08-15,818.0,818.0,820.0,815.0,815.0,11200
2025-08-18,818.0,818.0,825.0,817.0,818.0,14800
2025-08-19,825.0,825.0,825.0,817.0,818.0,8700
2025-08-20,833.0,833.0,837.0,820.0,820.0,12300
2025-08-21,830.0,830.0,837.0,829.0,833.0,3000
2025-08-22,853.0,853.0,859.0,833.0,833.0,31600
2025-08-25,859.0,859.0,865.0,830.0,850.0,14600
2025-08-26,851.0,851.0,859.0,850.0,856.0,6500
2025-08-27,856.0,856.0,858.0,852.0,852.0,3800
2025-08-28,855.0,855.0,856.0,850.0,856.0,1500
2025-08-29,851.0,851.0,852.0,849.0,851.0,800
2025-09-01,858.0,858.0,858.0,849.0,852.0,6600
2025-09-02,863.0,863.0,863.0,856.0,856.0,2600
2025-09-03,858.0,858.0,863.0,855.0,863.0,11200
2025-09-04,855.0,855.0,860.0,855.0,857.0,3400
2025-09-05,856.0,856.0,859.0,849.0,849.0,1300
2025-09-08,875.0,875.0,878.0,859.0,859.0,11800
2025-09-09,874.0,874.0,878.0,870.0,878.0,4500
2025-09-10,875.0,875.0,877.0,871.0,874.0,1000
2025-09-11,871.0,871.0,879.0,871.0,872.0,900
2025-09-12,887.0,887.0,887.0,870.0,876.0,7900
2025-09-16,885.0,885.0,886.0,872.0,880.0,3100
2025-09-17,872.0,872.0,882.0,872.0,880.0,3800
2025-09-18,875.0,875.0,875.0,872.0,874.0,3500
2025-09-19,875.0,875.0,880.0,874.0,880.0,2300
2025-09-22,913.0,913.0,914.0,885.0,886.0,13600
2025-09-24,898.0,898.0,906.0,887.0,906.0,6300
2025-09-25,892.0,892.0,902.0,885.0,902.0,6200
2025-09-26,894.0,894.0,899.0,884.0,888.0,3900
2025-09-29,884.0,884.0,899.0,871.0,899.0,4900
2025-09-30,873.0,873.0,883.0,860.0,883.0,10000
2025-10-01,858.0,858.0,873.0,855.0,873.0,6600
2025-10-02,862.0,862.0,862.0,858.0,858.0,2900
2025-10-03,865.0,865.0,870.0,863.0,863.0,1400
2025-10-06,883.0,883.0,883.0,873.0,874.0,700
2025-10-07,880.0,880.0,888.0,879.0,879.0,1500
2025-10-08,877.0,877.0,883.0,877.0,883.0,800
2025-10-09,875.0,875.0,877.0,873.0,873.0,600
2025-10-10,865.0,865.0,873.0,858.0,873.0,2700
2025-10-14,851.0,851.0,863.0,847.0,850.0,7100
2025-10-15,856.0,856.0,858.0,849.0,851.0,1500
2025-10-16,857.0,857.0,858.0,855.0,856.0,2100
2025-10-17,857.0,857.0,872.0,856.0,857.0,2200
2025-10-20,855.0,855.0,857.0,855.0,857.0,2300
2025-10-21,856.0,856.0,858.0,855.0,858.0,1800
2025-10-22,860.0,860.0,869.0,854.0,856.0,1800
2025-10-23,863.0,863.0,863.0,857.0,857.0,400
2025-10-24,858.0,858.0,862.0,858.0,861.0,400
2025-10-27,859.0,859.0,866.0,855.0,866.0,1900
2025-10-28,857.0,857.0,859.0,857.0,859.0,600
2025-10-29,865.0,865.0,865.0,860.0,862.0,2500
2025-10-30,862.0,862.0,868.0,859.0,859.0,800
2025-10-31,856.0,856.0,862.0,856.0,862.0,2200
2025-11-04,856.0,856.0,858.0,856.0,856.0,1700
2025-11-05,850.0,850.0,860.0,850.0,860.0,4700
2025-11-06,855.0,855.0,860.0,851.0,852.0,12300
2025-11-07,851.0,851.0,855.0,848.0,851.0,15600
2025-11-10,862.0,862.0,862.0,850.0,860.0,3800
2025-11-11,866.0,866.0,866.0,861.0,863.0,900
2025-11-12,862.0,862.0,866.0,862.0,866.0,2700
2025-11-13,863.0,863.0,863.0,858.0,862.0,1900
2025-11-14,861.0,861.0,867.0,860.0,860.0,5100
2025-11-17,859.0,859.0,859.0,859.0,859.0,300
2025-11-18,849.0,849.0,854.0,849.0,854.0,4800
2025-11-19,848.0,848.0,858.0,845.0,849.0,1300
2025-11-20,847.0,847.0,848.0,846.0,848.0,1200
2025-11-21,845.0,845.0,849.0,841.0,842.0,3800
2025-11-25,850.0,850.0,858.0,850.0,853.0,1200
2025-11-26,849.0,849.0,855.0,849.0,852.0,3700
2025-11-27,848.0,848.0,852.0,847.0,852.0,3300
2025-11-28,846.0,846.0,857.0,846.0,851.0,12400
2025-12-01,850.0,850.0,855.0,846.0,852.0,10800
2025-12-02,850.0,850.0,857.0,847.0,850.0,10800
2025-12-03,850.0,850.0,852.0,849.0,851.0,4800
2025-12-04,879.0,879.0,888.0,851.0,851.0,21400
2025-12-05,872.0,872.0,888.0,872.0,886.0,9500
2025-12-08,869.0,869.0,876.0,866.0,872.0,7900
2025-12-09,850.0,850.0,866.0,845.0,866.0,45900
2025-12-10,856.0,856.0,858.0,851.0,851.0,6100
2025-12-11,857.0,857.0,865.0,857.0,860.0,5300
2025-12-12,867.0,867.0,874.0,859.0,865.0,5300
2025-12-15,870.0,870.0,874.0,866.0,866.0,8900
2025-12-16,870.0,870.0,874.0,863.0,868.0,4200
2025-12-17,889.0,889.0,889.0,877.0,880.0,9400
2025-12-18,913.0,913.0,913.0,884.0,889.0,13100
2025-12-19,895.0,895.0,919.0,879.0,913.0,11000
2025-12-22,901.0,901.0,905.0,899.0,903.0,1800
2025-12-23,902.0,902.0,906.0,902.0,905.0,1100
2025-12-24,890.0,890.0,908.0,876.0,908.0,7800
2025-12-25,891.0,891.0,899.0,885.0,890.0,7200
2025-12-26,905.0,905.0,905.0,891.0,898.0,6200
2025-12-29,919.0,919.0,919.0,903.0,915.0,4000
2025-12-30,915.0,915.0,923.0,910.0,923.0,3800
2026-01-05,928.0,928.0,930.0,920.0,925.0,7400
2026-01-06,925.0,925.0,934.0,919.0,934.0,8300
2026-01-07,922.0,922.0,929.0,920.0,925.0,3100
2026-01-08,917.0,917.0,920.0,910.0,919.0,5500
2026-01-09,920.0,920.0,924.0,917.0,920.0,2500
2026-01-13,922.0,922.0,922.0,910.0,920.0,7300
2026-01-14,925.0,925.0,934.0,919.0,922.0,9600
2026-01-15,925.0,925.0,928.0,920.0,920.0,5500
2026-01-16,927.0,927.0,928.0,923.0,926.0,2300
2026-01-19,912.0,912.0,927.0,900.0,927.0,22600
2026-01-20,911.0,911.0,912.0,900.0,912.0,5400
2026-01-21,907.0,907.0,910.0,893.0,908.0,6300
2026-01-22,912.0,912.0,914.0,908.0,911.0,2100
2026-01-23,911.0,911.0,913.0,906.0,913.0,2300
2026-01-26,909.0,909.0,915.0,906.0,911.0,4500
2026-01-27,909.0,909.0,912.0,906.0,912.0,1400
2026-01-28,906.0,906.0,909.0,901.0,909.0,4800
2026-01-29,906.0,906.0,908.0,902.0,908.0,1100
2026-01-30,910.0,910.0,910.0,904.0,906.0,4900
2026-02-02,911.0,911.0,913.0,899.0,913.0,6600
2026-02-03,906.0,906.0,915.0,900.0,914.0,16400
2026-02-04,900.0,900.0,910.0,900.0,906.0,2900
2026-02-05,894.0,894.0,907.0,892.0,907.0,4900
2026-02-06,901.0,901.0,901.0,892.0,894.0,8200
2026-02-09,913.0,913.0,914.0,903.0,903.0,8300
2026-02-10,910.0,910.0,920.0,900.0,913.0,8500
2026-02-12,959.0,959.0,974.0,891.0,920.0,45700
2026-02-13,923.0,923.0,958.0,922.0,938.0,24000
2026-02-16,922.0,922.0,941.0,921.0,926.0,12600
2026-02-17,969.0,969.0,997.0,929.0,930.0,31200
2026-02-18,969.0,969.0,972.0,964.0,971.0,8600
2026-02-19,960.0,960.0,980.0,960.0,970.0,13600
2026-02-20,959.0,959.0,971.0,957.0,961.0,8900
2026-02-24,962.0,962.0,966.0,952.0,966.0,10300
2026-02-25,970.0,970.0,976.0,965.0,970.0,3600
2026-02-26,970.0,970.0,973.0,962.0,973.0,5600
2026-02-27,975.0,975.0,983.0,972.0,974.0,6600
2026-03-02,974.0,974.0,974.0,967.0,967.0,3500
2026-03-03,960.0,960.0,976.0,960.0,976.0,4000
2026-03-04,920.0,920.0,953.0,920.0,953.0,9200
2026-03-05,932.0,932.0,951.0,920.0,930.0,13900
2026-03-06,930.0,930.0,938.0,920.0,921.0,6600
2026-03-09,910.0,910.0,918.0,897.0,911.0,19000
2026-03-10,928.0,928.0,935.0,910.0,925.0,7600
2026-03-11,924.0,924.0,931.0,923.0,928.0,5900
2026-03-12,918.0,918.0,928.0,908.0,926.0,2000
2026-03-13,916.0,916.0,921.0,911.0,916.0,9500
2026-03-16,907.0,907.0,921.0,892.0,903.0,7400
2026-03-17,906.0,906.0,920.0,904.0,920.0,5200
2026-03-18,917.0,917.0,923.0,910.0,910.0,3800
2026-03-19,901.0,901.0,912.0,901.0,912.0,2600
2026-03-23,890.0,890.0,899.0,880.0,889.0,9800
2026-03-24,899.0,899.0,910.0,898.0,900.0,4500
2026-03-25,912.0,912.0,919.0,906.0,914.0,3900
2026-03-26,909.0,909.0,921.0,909.0,917.0,2700
2026-03-27,940.0,940.0,940.0,908.0,908.0,507300
